folder,tag,variant,truth,est,sigma,subres,n
2_opaque_WW_VisionCrack3,1784092680,full,0.5,0.6947,1.3167092930650783,0,21
2_opaque_WW_VisionCrack3,1784092680,full,0.55,0.4468,1.3167092930650783,0,21
2_opaque_WW_VisionCrack3,1784092680,full,0.6,0.8448,1.3167092930650783,0,21
2_opaque_WW_VisionCrack3,1784092680,full,0.65,0.5422,1.3167092930650783,0,21
2_opaque_WW_VisionCrack3,1784092680,full,0.7,0.342,1.3167092930650783,0,21
2_opaque_WW_VisionCrack3,1784092680,full,0.75,0.4803,1.3167092930650783,0,21
2_opaque_WW_VisionCrack3,1784092680,full,0.8,0.6238,1.3167092930650783,0,21
2_opaque_WW_VisionCrack3,1784092680,full,0.85,0.8656,1.3167092930650783,0,21
2_opaque_WW_VisionCrack3,1784092680,full,0.9,0.9029,1.3167092930650783,0,21
2_opaque_WW_VisionCrack3,1784092680,full,0.95,0.9653,1.3167092930650783,0,21
2_opaque_WW_VisionCrack3,1784092680,full,1.0,1.0419,1.3167092930650783,0,21
2_opaque_WW_VisionCrack3,1784092680,full,1.5,1.6284,1.3167092930650783,0,21
2_opaque_WW_VisionCrack3,1784092680,full,2.0,2.0971,1.3167092930650783,0,21
2_opaque_WW_VisionCrack3,1784092680,full,2.5,2.5952,1.3167092930650783,0,21
2_opaque_WW_VisionCrack3,1784092680,no_masked_bg,0.5,0.7191,1.3167092930650783,0,21
2_opaque_WW_VisionCrack3,1784092680,no_masked_bg,0.55,0.4717,1.3167092930650783,0,21
2_opaque_WW_VisionCrack3,1784092680,no_masked_bg,0.6,0.8728,1.3167092930650783,0,21
2_opaque_WW_VisionCrack3,1784092680,no_masked_bg,0.65,0.5816,1.3167092930650783,0,21
2_opaque_WW_VisionCrack3,1784092680,no_masked_bg,0.7,0.3817,1.3167092930650783,0,21
2_opaque_WW_VisionCrack3,1784092680,no_masked_bg,0.75,0.5646,1.3167092930650783,0,21
2_opaque_WW_VisionCrack3,1784092680,no_masked_bg,0.8,0.6665,1.3167092930650783,0,21
2_opaque_WW_VisionCrack3,1784092680,no_masked_bg,0.85,0.895,1.3167092930650783,0,21
2_opaque_WW_VisionCrack3,1784092680,no_masked_bg,0.9,0.9357,1.3167092930650783,0,21
2_opaque_WW_VisionCrack3,1784092680,no_masked_bg,0.95,1.1096,1.3167092930650783,0,21
2_opaque_WW_VisionCrack3,1784092680,no_masked_bg,1.0,1.3106,1.3167092930650783,0,21
2_opaque_WW_VisionCrack3,1784092680,no_masked_bg,1.5,1.8935,1.3167092930650783,0,21
2_opaque_WW_VisionCrack3,1784092680,no_masked_bg,2.0,2.3266,1.3167092930650783,0,21
2_opaque_WW_VisionCrack3,1784092680,no_masked_bg,2.5,2.7154,1.3167092930650783,0,21
2_opaque_WW_VisionCrack3,1784092680,lsf_sigma,0.5,0.689,1.5096355319437729,0,21
2_opaque_WW_VisionCrack3,1784092680,lsf_sigma,0.55,0.4364,1.5096355319437729,0,21
2_opaque_WW_VisionCrack3,1784092680,lsf_sigma,0.6,0.8407,1.5096355319437729,0,21
2_opaque_WW_VisionCrack3,1784092680,lsf_sigma,0.65,0.5341,1.5096355319437729,0,21
2_opaque_WW_VisionCrack3,1784092680,lsf_sigma,0.7,0.3278,1.5096355319437729,0,21
2_opaque_WW_VisionCrack3,1784092680,lsf_sigma,0.75,0.4708,1.5096355319437729,0,21
2_opaque_WW_VisionCrack3,1784092680,lsf_sigma,0.8,0.6172,1.5096355319437729,0,21
2_opaque_WW_VisionCrack3,1784092680,lsf_sigma,0.85,0.8618,1.5096355319437729,0,21
2_opaque_WW_VisionCrack3,1784092680,lsf_sigma,0.9,0.8994,1.5096355319437729,0,21
2_opaque_WW_VisionCrack3,1784092680,lsf_sigma,0.95,0.9623,1.5096355319437729,0,21
2_opaque_WW_VisionCrack3,1784092680,lsf_sigma,1.0,1.0395,1.5096355319437729,0,21
2_opaque_WW_VisionCrack3,1784092680,lsf_sigma,1.5,1.629,1.5096355319437729,0,21
2_opaque_WW_VisionCrack3,1784092680,lsf_sigma,2.0,2.0995,1.5096355319437729,0,21
2_opaque_WW_VisionCrack3,1784092680,lsf_sigma,2.5,2.5992,1.5096355319437729,0,21
2_opaque_WW_VisionCrack3,1784092680,no_deconv,0.5,0.6717,1.3167092930650783,0,21
2_opaque_WW_VisionCrack3,1784092680,no_deconv,0.55,0.4287,1.3167092930650783,0,21
2_opaque_WW_VisionCrack3,1784092680,no_deconv,0.6,0.8221,1.3167092930650783,0,21
2_opaque_WW_VisionCrack3,1784092680,no_deconv,0.65,0.5209,1.3167092930650783,0,21
2_opaque_WW_VisionCrack3,1784092680,no_deconv,0.7,0.3306,1.3167092930650783,0,21
2_opaque_WW_VisionCrack3,1784092680,no_deconv,0.75,0.4608,1.3167092930650783,0,21
2_opaque_WW_VisionCrack3,1784092680,no_deconv,0.8,0.6013,1.3167092930650783,0,21
2_opaque_WW_VisionCrack3,1784092680,no_deconv,0.85,0.8431,1.3167092930650783,0,21
2_opaque_WW_VisionCrack3,1784092680,no_deconv,0.9,0.8807,1.3167092930650783,0,21
2_opaque_WW_VisionCrack3,1784092680,no_deconv,0.95,0.9438,1.3167092930650783,0,21
2_opaque_WW_VisionCrack3,1784092680,no_deconv,1.0,1.0214,1.3167092930650783,0,21
2_opaque_WW_VisionCrack3,1784092680,no_deconv,1.5,1.6194,1.3167092930650783,0,21
2_opaque_WW_VisionCrack3,1784092680,no_deconv,2.0,2.0995,1.3167092930650783,0,21
2_opaque_WW_VisionCrack3,1784092680,no_deconv,2.5,2.6107,1.3167092930650783,0,21
2_opaque_WW_VisionCrack3,1784092680,rev3_window,0.5,0.4444,1.3167092930650783,2,21
2_opaque_WW_VisionCrack3,1784092680,rev3_window,0.55,0.5042,1.3167092930650783,2,21
2_opaque_WW_VisionCrack3,1784092680,rev3_window,0.6,1.0103,1.3167092930650783,2,21
2_opaque_WW_VisionCrack3,1784092680,rev3_window,0.65,0.8327,1.3167092930650783,2,21
2_opaque_WW_VisionCrack3,1784092680,rev3_window,0.7,0.5702,1.3167092930650783,2,21
2_opaque_WW_VisionCrack3,1784092680,rev3_window,0.75,-0.0356,1.3167092930650783,2,21
2_opaque_WW_VisionCrack3,1784092680,rev3_window,0.8,-0.0356,1.3167092930650783,2,21
2_opaque_WW_VisionCrack3,1784092680,rev3_window,0.85,0.8595,1.3167092930650783,2,21
2_opaque_WW_VisionCrack3,1784092680,rev3_window,0.9,0.8998,1.3167092930650783,2,21
2_opaque_WW_VisionCrack3,1784092680,rev3_window,0.95,0.9617,1.3167092930650783,2,21
2_opaque_WW_VisionCrack3,1784092680,rev3_window,1.0,1.034,1.3167092930650783,2,21
2_opaque_WW_VisionCrack3,1784092680,rev3_window,1.5,1.6375,1.3167092930650783,2,21
2_opaque_WW_VisionCrack3,1784092680,rev3_window,2.0,2.1057,1.3167092930650783,2,21
2_opaque_WW_VisionCrack3,1784092680,rev3_window,2.5,2.5751,1.3167092930650783,2,21
2_opaque_WW_VisionCrack3,1784092680,margin1.0,0.5,0.6609,1.3167092930650783,0,21
2_opaque_WW_VisionCrack3,1784092680,margin1.0,0.55,0.4139,1.3167092930650783,0,21
2_opaque_WW_VisionCrack3,1784092680,margin1.0,0.6,0.8435,1.3167092930650783,0,21
2_opaque_WW_VisionCrack3,1784092680,margin1.0,0.65,0.5266,1.3167092930650783,0,21
2_opaque_WW_VisionCrack3,1784092680,margin1.0,0.7,0.3259,1.3167092930650783,0,21
2_opaque_WW_VisionCrack3,1784092680,margin1.0,0.75,0.4686,1.3167092930650783,0,21
2_opaque_WW_VisionCrack3,1784092680,margin1.0,0.8,0.5967,1.3167092930650783,0,21
2_opaque_WW_VisionCrack3,1784092680,margin1.0,0.85,0.8615,1.3167092930650783,0,21
2_opaque_WW_VisionCrack3,1784092680,margin1.0,0.9,0.9007,1.3167092930650783,0,21
2_opaque_WW_VisionCrack3,1784092680,margin1.0,0.95,0.9541,1.3167092930650783,0,21
2_opaque_WW_VisionCrack3,1784092680,margin1.0,1.0,1.0258,1.3167092930650783,0,21
2_opaque_WW_VisionCrack3,1784092680,margin1.0,1.5,1.579,1.3167092930650783,0,21
2_opaque_WW_VisionCrack3,1784092680,margin1.0,2.0,2.0518,1.3167092930650783,0,21
2_opaque_WW_VisionCrack3,1784092680,margin1.0,2.5,2.5797,1.3167092930650783,0,21
2_opaque_WW_VisionCrack3,1784092680,margin2.0,0.5,0.6962,1.3167092930650783,0,21
2_opaque_WW_VisionCrack3,1784092680,margin2.0,0.55,0.4523,1.3167092930650783,0,21
2_opaque_WW_VisionCrack3,1784092680,margin2.0,0.6,0.8561,1.3167092930650783,0,21
2_opaque_WW_VisionCrack3,1784092680,margin2.0,0.65,0.5546,1.3167092930650783,0,21
2_opaque_WW_VisionCrack3,1784092680,margin2.0,0.7,0.3524,1.3167092930650783,0,21
2_opaque_WW_VisionCrack3,1784092680,margin2.0,0.75,0.5053,1.3167092930650783,0,21
2_opaque_WW_VisionCrack3,1784092680,margin2.0,0.8,0.6204,1.3167092930650783,0,21
2_opaque_WW_VisionCrack3,1784092680,margin2.0,0.85,0.8669,1.3167092930650783,0,21
2_opaque_WW_VisionCrack3,1784092680,margin2.0,0.9,0.9042,1.3167092930650783,0,21
2_opaque_WW_VisionCrack3,1784092680,margin2.0,0.95,0.9673,1.3167092930650783,0,21
2_opaque_WW_VisionCrack3,1784092680,margin2.0,1.0,1.0482,1.3167092930650783,0,21
2_opaque_WW_VisionCrack3,1784092680,margin2.0,1.5,1.6688,1.3167092930650783,0,21
2_opaque_WW_VisionCrack3,1784092680,margin2.0,2.0,2.1218,1.3167092930650783,0,21
2_opaque_WW_VisionCrack3,1784092680,margin2.0,2.5,2.5983,1.3167092930650783,0,21
2_opaque_WW_VisionCrack3,1784092680,smooth15,0.5,0.6641,1.3167092930650783,0,21
2_opaque_WW_VisionCrack3,1784092680,smooth15,0.55,0.4294,1.3167092930650783,0,21
2_opaque_WW_VisionCrack3,1784092680,smooth15,0.6,0.8317,1.3167092930650783,0,21
2_opaque_WW_VisionCrack3,1784092680,smooth15,0.65,0.5284,1.3167092930650783,0,21
2_opaque_WW_VisionCrack3,1784092680,smooth15,0.7,0.3366,1.3167092930650783,0,21
2_opaque_WW_VisionCrack3,1784092680,smooth15,0.75,0.5082,1.3167092930650783,0,21
2_opaque_WW_VisionCrack3,1784092680,smooth15,0.8,0.6297,1.3167092930650783,0,21
2_opaque_WW_VisionCrack3,1784092680,smooth15,0.85,0.8624,1.3167092930650783,0,21
2_opaque_WW_VisionCrack3,1784092680,smooth15,0.9,0.8995,1.3167092930650783,0,21
2_opaque_WW_VisionCrack3,1784092680,smooth15,0.95,0.9625,1.3167092930650783,0,21
2_opaque_WW_VisionCrack3,1784092680,smooth15,1.0,1.0331,1.3167092930650783,0,21
2_opaque_WW_VisionCrack3,1784092680,smooth15,1.5,1.609,1.3167092930650783,0,21
2_opaque_WW_VisionCrack3,1784092680,smooth15,2.0,2.059,1.3167092930650783,0,21
2_opaque_WW_VisionCrack3,1784092680,smooth15,2.5,2.583,1.3167092930650783,0,21
2_opaque_WW_VisionCrack3,1784092680,smooth35,0.5,0.7003,1.3167092930650783,0,21
2_opaque_WW_VisionCrack3,1784092680,smooth35,0.55,0.4479,1.3167092930650783,0,21
2_opaque_WW_VisionCrack3,1784092680,smooth35,0.6,0.8534,1.3167092930650783,0,21
2_opaque_WW_VisionCrack3,1784092680,smooth35,0.65,0.5483,1.3167092930650783,0,21
2_opaque_WW_VisionCrack3,1784092680,smooth35,0.7,0.3665,1.3167092930650783,0,21
2_opaque_WW_VisionCrack3,1784092680,smooth35,0.75,0.4867,1.3167092930650783,0,21
2_opaque_WW_VisionCrack3,1784092680,smooth35,0.8,0.6152,1.3167092930650783,0,21
2_opaque_WW_VisionCrack3,1784092680,smooth35,0.85,0.8672,1.3167092930650783,0,21
2_opaque_WW_VisionCrack3,1784092680,smooth35,0.9,0.9038,1.3167092930650783,0,21
2_opaque_WW_VisionCrack3,1784092680,smooth35,0.95,0.967,1.3167092930650783,0,21
2_opaque_WW_VisionCrack3,1784092680,smooth35,1.0,1.0438,1.3167092930650783,0,21
2_opaque_WW_VisionCrack3,1784092680,smooth35,1.5,1.6904,1.3167092930650783,0,21
2_opaque_WW_VisionCrack3,1784092680,smooth35,2.0,2.1294,1.3167092930650783,0,21
2_opaque_WW_VisionCrack3,1784092680,smooth35,2.5,2.6002,1.3167092930650783,0,21
2_opaque_WW_VisionCrack3,1784092680,band0.60,0.5,0.6947,1.3167092930650783,0,21
2_opaque_WW_VisionCrack3,1784092680,band0.60,0.55,0.4468,1.3167092930650783,0,21
2_opaque_WW_VisionCrack3,1784092680,band0.60,0.6,0.8448,1.3167092930650783,0,21
2_opaque_WW_VisionCrack3,1784092680,band0.60,0.65,0.5422,1.3167092930650783,0,21
2_opaque_WW_VisionCrack3,1784092680,band0.60,0.7,0.342,1.3167092930650783,0,21
2_opaque_WW_VisionCrack3,1784092680,band0.60,0.75,0.4803,1.3167092930650783,0,21
2_opaque_WW_VisionCrack3,1784092680,band0.60,0.8,0.6238,1.3167092930650783,0,21
2_opaque_WW_VisionCrack3,1784092680,band0.60,0.85,0.8656,1.3167092930650783,0,21
2_opaque_WW_VisionCrack3,1784092680,band0.60,0.9,0.9029,1.3167092930650783,0,21
2_opaque_WW_VisionCrack3,1784092680,band0.60,0.95,0.9653,1.3167092930650783,0,21
2_opaque_WW_VisionCrack3,1784092680,band0.60,1.0,1.0419,1.3167092930650783,0,21
2_opaque_WW_VisionCrack3,1784092680,band0.60,1.5,1.6284,1.3167092930650783,0,21
2_opaque_WW_VisionCrack3,1784092680,band0.60,2.0,2.0971,1.3167092930650783,0,21
2_opaque_WW_VisionCrack3,1784092680,band0.60,2.5,2.5952,1.3167092930650783,0,21
2_opaque_WW_VisionCrack3,1784092680,win0.4,0.5,0.5798,1.3167092930650783,0,21
2_opaque_WW_VisionCrack3,1784092680,win0.4,0.55,0.4468,1.3167092930650783,0,21
2_opaque_WW_VisionCrack3,1784092680,win0.4,0.6,0.8237,1.3167092930650783,0,21
2_opaque_WW_VisionCrack3,1784092680,win0.4,0.65,0.5422,1.3167092930650783,0,21
2_opaque_WW_VisionCrack3,1784092680,win0.4,0.7,0.342,1.3167092930650783,0,21
2_opaque_WW_VisionCrack3,1784092680,win0.4,0.75,0.8521,1.3167092930650783,0,21
2_opaque_WW_VisionCrack3,1784092680,win0.4,0.8,0.6238,1.3167092930650783,0,21
2_opaque_WW_VisionCrack3,1784092680,win0.4,0.85,0.8662,1.3167092930650783,0,21
2_opaque_WW_VisionCrack3,1784092680,win0.4,0.9,0.9013,1.3167092930650783,0,21
2_opaque_WW_VisionCrack3,1784092680,win0.4,0.95,0.9587,1.3167092930650783,0,21
2_opaque_WW_VisionCrack3,1784092680,win0.4,1.0,1.0382,1.3167092930650783,0,21
2_opaque_WW_VisionCrack3,1784092680,win0.4,1.5,1.6429,1.3167092930650783,0,21
2_opaque_WW_VisionCrack3,1784092680,win0.4,2.0,2.1146,1.3167092930650783,0,21
2_opaque_WW_VisionCrack3,1784092680,win0.4,2.5,2.6022,1.3167092930650783,0,21
2_opaque_WW_VisionCrack3,1784092680,win0.8,0.5,0.862,1.3167092930650783,2,21
2_opaque_WW_VisionCrack3,1784092680,win0.8,0.55,0.871,1.3167092930650783,2,21
2_opaque_WW_VisionCrack3,1784092680,win0.8,0.6,1.0485,1.3167092930650783,2,21
2_opaque_WW_VisionCrack3,1784092680,win0.8,0.65,0.5422,1.3167092930650783,2,21
2_opaque_WW_VisionCrack3,1784092680,win0.8,0.7,0.342,1.3167092930650783,2,21
2_opaque_WW_VisionCrack3,1784092680,win0.8,0.75,-0.0356,1.3167092930650783,2,21
2_opaque_WW_VisionCrack3,1784092680,win0.8,0.8,-0.0356,1.3167092930650783,2,21
2_opaque_WW_VisionCrack3,1784092680,win0.8,0.85,0.8629,1.3167092930650783,2,21
2_opaque_WW_VisionCrack3,1784092680,win0.8,0.9,0.9013,1.3167092930650783,2,21
2_opaque_WW_VisionCrack3,1784092680,win0.8,0.95,0.9621,1.3167092930650783,2,21
2_opaque_WW_VisionCrack3,1784092680,win0.8,1.0,1.0377,1.3167092930650783,2,21
2_opaque_WW_VisionCrack3,1784092680,win0.8,1.5,1.6234,1.3167092930650783,2,21
2_opaque_WW_VisionCrack3,1784092680,win0.8,2.0,2.0885,1.3167092930650783,2,21
2_opaque_WW_VisionCrack3,1784092680,win0.8,2.5,2.608,1.3167092930650783,2,21
2_opaque_WW_VisionCrack3,1784092691,full,0.5,0.4677,1.3027700066326475,0,21
2_opaque_WW_VisionCrack3,1784092691,full,0.55,0.5162,1.3027700066326475,0,21
2_opaque_WW_VisionCrack3,1784092691,full,0.6,0.5607,1.3027700066326475,0,21
2_opaque_WW_VisionCrack3,1784092691,full,0.65,0.4391,1.3027700066326475,0,21
2_opaque_WW_VisionCrack3,1784092691,full,0.7,0.3345,1.3027700066326475,0,21
2_opaque_WW_VisionCrack3,1784092691,full,0.75,0.4558,1.3027700066326475,0,21
2_opaque_WW_VisionCrack3,1784092691,full,0.8,0.6814,1.3027700066326475,0,21
2_opaque_WW_VisionCrack3,1784092691,full,0.85,0.8676,1.3027700066326475,0,21
2_opaque_WW_VisionCrack3,1784092691,full,0.9,0.9065,1.3027700066326475,0,21
2_opaque_WW_VisionCrack3,1784092691,full,0.95,0.9744,1.3027700066326475,0,21
2_opaque_WW_VisionCrack3,1784092691,full,1.0,1.0227,1.3027700066326475,0,21
2_opaque_WW_VisionCrack3,1784092691,full,1.5,1.6262,1.3027700066326475,0,21
2_opaque_WW_VisionCrack3,1784092691,full,2.0,2.0901,1.3027700066326475,0,21
2_opaque_WW_VisionCrack3,1784092691,full,2.5,2.5458,1.3027700066326475,0,21
2_opaque_WW_VisionCrack3,1784092691,no_masked_bg,0.5,0.4715,1.3027700066326475,0,21
2_opaque_WW_VisionCrack3,1784092691,no_masked_bg,0.55,0.5203,1.3027700066326475,0,21
2_opaque_WW_VisionCrack3,1784092691,no_masked_bg,0.6,0.593,1.3027700066326475,0,21
2_opaque_WW_VisionCrack3,1784092691,no_masked_bg,0.65,0.489,1.3027700066326475,0,21
2_opaque_WW_VisionCrack3,1784092691,no_masked_bg,0.7,0.351,1.3027700066326475,0,21
2_opaque_WW_VisionCrack3,1784092691,no_masked_bg,0.75,0.4383,1.3027700066326475,0,21
2_opaque_WW_VisionCrack3,1784092691,no_masked_bg,0.8,0.7132,1.3027700066326475,0,21
2_opaque_WW_VisionCrack3,1784092691,no_masked_bg,0.85,0.8919,1.3027700066326475,0,21
2_opaque_WW_VisionCrack3,1784092691,no_masked_bg,0.9,0.9439,1.3027700066326475,0,21
2_opaque_WW_VisionCrack3,1784092691,no_masked_bg,0.95,1.3471,1.3027700066326475,0,21
2_opaque_WW_VisionCrack3,1784092691,no_masked_bg,1.0,1.2158,1.3027700066326475,0,21
2_opaque_WW_VisionCrack3,1784092691,no_masked_bg,1.5,1.8826,1.3027700066326475,0,21
2_opaque_WW_VisionCrack3,1784092691,no_masked_bg,2.0,2.3136,1.3027700066326475,0,21
2_opaque_WW_VisionCrack3,1784092691,no_masked_bg,2.5,2.7371,1.3027700066326475,0,21
2_opaque_WW_VisionCrack3,1784092691,lsf_sigma,0.5,0.4537,1.5779831147895682,0,21
2_opaque_WW_VisionCrack3,1784092691,lsf_sigma,0.55,0.5038,1.5779831147895682,0,21
2_opaque_WW_VisionCrack3,1784092691,lsf_sigma,0.6,0.5549,1.5779831147895682,0,21
2_opaque_WW_VisionCrack3,1784092691,lsf_sigma,0.65,0.4414,1.5779831147895682,0,21
2_opaque_WW_VisionCrack3,1784092691,lsf_sigma,0.7,0.3184,1.5779831147895682,0,21
2_opaque_WW_VisionCrack3,1784092691,lsf_sigma,0.75,0.4665,1.5779831147895682,0,21
2_opaque_WW_VisionCrack3,1784092691,lsf_sigma,0.8,0.6745,1.5779831147895682,0,21
2_opaque_WW_VisionCrack3,1784092691,lsf_sigma,0.85,0.8631,1.5779831147895682,0,21
2_opaque_WW_VisionCrack3,1784092691,lsf_sigma,0.9,0.9022,1.5779831147895682,0,21
2_opaque_WW_VisionCrack3,1784092691,lsf_sigma,0.95,0.9737,1.5779831147895682,0,21
2_opaque_WW_VisionCrack3,1784092691,lsf_sigma,1.0,1.0243,1.5779831147895682,0,21
2_opaque_WW_VisionCrack3,1784092691,lsf_sigma,1.5,1.6385,1.5779831147895682,0,21
2_opaque_WW_VisionCrack3,1784092691,lsf_sigma,2.0,2.1104,1.5779831147895682,0,21
2_opaque_WW_VisionCrack3,1784092691,lsf_sigma,2.5,2.5574,1.5779831147895682,0,21
2_opaque_WW_VisionCrack3,1784092691,no_deconv,0.5,0.4531,1.3027700066326475,0,21
2_opaque_WW_VisionCrack3,1784092691,no_deconv,0.55,0.5001,1.3027700066326475,0,21
2_opaque_WW_VisionCrack3,1784092691,no_deconv,0.6,0.5436,1.3027700066326475,0,21
2_opaque_WW_VisionCrack3,1784092691,no_deconv,0.65,0.4257,1.3027700066326475,0,21
2_opaque_WW_VisionCrack3,1784092691,no_deconv,0.7,0.3278,1.3027700066326475,0,21
2_opaque_WW_VisionCrack3,1784092691,no_deconv,0.75,0.4417,1.3027700066326475,0,21
2_opaque_WW_VisionCrack3,1784092691,no_deconv,0.8,0.6628,1.3027700066326475,0,21
2_opaque_WW_VisionCrack3,1784092691,no_deconv,0.85,0.8491,1.3027700066326475,0,21
2_opaque_WW_VisionCrack3,1784092691,no_deconv,0.9,0.8883,1.3027700066326475,0,21
2_opaque_WW_VisionCrack3,1784092691,no_deconv,0.95,0.9567,1.3027700066326475,0,21
2_opaque_WW_VisionCrack3,1784092691,no_deconv,1.0,1.0055,1.3027700066326475,0,21
2_opaque_WW_VisionCrack3,1784092691,no_deconv,1.5,1.6189,1.3027700066326475,0,21
2_opaque_WW_VisionCrack3,1784092691,no_deconv,2.0,2.0925,1.3027700066326475,0,21
2_opaque_WW_VisionCrack3,1784092691,no_deconv,2.5,2.5584,1.3027700066326475,0,21
2_opaque_WW_VisionCrack3,1784092691,rev3_window,0.5,0.464,1.3027700066326475,1,21
2_opaque_WW_VisionCrack3,1784092691,rev3_window,0.55,0.5059,1.3027700066326475,1,21
2_opaque_WW_VisionCrack3,1784092691,rev3_window,0.6,0.8311,1.3027700066326475,1,21
2_opaque_WW_VisionCrack3,1784092691,rev3_window,0.65,0.5297,1.3027700066326475,1,21
2_opaque_WW_VisionCrack3,1784092691,rev3_window,0.7,0.3523,1.3027700066326475,1,21
2_opaque_WW_VisionCrack3,1784092691,rev3_window,0.75,0.4806,1.3027700066326475,1,21
2_opaque_WW_VisionCrack3,1784092691,rev3_window,0.8,-0.0421,1.3027700066326475,1,21
2_opaque_WW_VisionCrack3,1784092691,rev3_window,0.85,0.8655,1.3027700066326475,1,21
2_opaque_WW_VisionCrack3,1784092691,rev3_window,0.9,0.9013,1.3027700066326475,1,21
2_opaque_WW_VisionCrack3,1784092691,rev3_window,0.95,0.9668,1.3027700066326475,1,21
2_opaque_WW_VisionCrack3,1784092691,rev3_window,1.0,1.0273,1.3027700066326475,1,21
2_opaque_WW_VisionCrack3,1784092691,rev3_window,1.5,1.625,1.3027700066326475,1,21
2_opaque_WW_VisionCrack3,1784092691,rev3_window,2.0,2.0935,1.3027700066326475,1,21
2_opaque_WW_VisionCrack3,1784092691,rev3_window,2.5,2.5374,1.3027700066326475,1,21
2_opaque_WW_VisionCrack3,1784092691,margin1.0,0.5,0.468,1.3027700066326475,0,21
2_opaque_WW_VisionCrack3,1784092691,margin1.0,0.55,0.5178,1.3027700066326475,0,21
2_opaque_WW_VisionCrack3,1784092691,margin1.0,0.6,0.5514,1.3027700066326475,0,21
2_opaque_WW_VisionCrack3,1784092691,margin1.0,0.65,0.4215,1.3027700066326475,0,21
2_opaque_WW_VisionCrack3,1784092691,margin1.0,0.7,0.3231,1.3027700066326475,0,21
2_opaque_WW_VisionCrack3,1784092691,margin1.0,0.75,0.4348,1.3027700066326475,0,21
2_opaque_WW_VisionCrack3,1784092691,margin1.0,0.8,0.6772,1.3027700066326475,0,21
2_opaque_WW_VisionCrack3,1784092691,margin1.0,0.85,0.8658,1.3027700066326475,0,21
2_opaque_WW_VisionCrack3,1784092691,margin1.0,0.9,0.9027,1.3027700066326475,0,21
2_opaque_WW_VisionCrack3,1784092691,margin1.0,0.95,0.9691,1.3027700066326475,0,21
2_opaque_WW_VisionCrack3,1784092691,margin1.0,1.0,1.0125,1.3027700066326475,0,21
2_opaque_WW_VisionCrack3,1784092691,margin1.0,1.5,1.5929,1.3027700066326475,0,21
2_opaque_WW_VisionCrack3,1784092691,margin1.0,2.0,2.051,1.3027700066326475,0,21
2_opaque_WW_VisionCrack3,1784092691,margin1.0,2.5,2.5254,1.3027700066326475,0,21
2_opaque_WW_VisionCrack3,1784092691,margin2.0,0.5,0.4673,1.3027700066326475,0,21
2_opaque_WW_VisionCrack3,1784092691,margin2.0,0.55,0.5158,1.3027700066326475,0,21
2_opaque_WW_VisionCrack3,1784092691,margin2.0,0.6,0.5655,1.3027700066326475,0,21
2_opaque_WW_VisionCrack3,1784092691,margin2.0,0.65,0.4554,1.3027700066326475,0,21
2_opaque_WW_VisionCrack3,1784092691,margin2.0,0.7,0.3384,1.3027700066326475,0,21
2_opaque_WW_VisionCrack3,1784092691,margin2.0,0.75,0.4796,1.3027700066326475,0,21
2_opaque_WW_VisionCrack3,1784092691,margin2.0,0.8,0.6826,1.3027700066326475,0,21
2_opaque_WW_VisionCrack3,1784092691,margin2.0,0.85,0.8685,1.3027700066326475,0,21
2_opaque_WW_VisionCrack3,1784092691,margin2.0,0.9,0.907,1.3027700066326475,0,21
2_opaque_WW_VisionCrack3,1784092691,margin2.0,0.95,0.9778,1.3027700066326475,0,21
2_opaque_WW_VisionCrack3,1784092691,margin2.0,1.0,1.0279,1.3027700066326475,0,21
2_opaque_WW_VisionCrack3,1784092691,margin2.0,1.5,1.6377,1.3027700066326475,0,21
2_opaque_WW_VisionCrack3,1784092691,margin2.0,2.0,2.1072,1.3027700066326475,0,21
2_opaque_WW_VisionCrack3,1784092691,margin2.0,2.5,2.5523,1.3027700066326475,0,21
2_opaque_WW_VisionCrack3,1784092691,smooth15,0.5,0.4677,1.3027700066326475,0,21
2_opaque_WW_VisionCrack3,1784092691,smooth15,0.55,0.5199,1.3027700066326475,0,21
2_opaque_WW_VisionCrack3,1784092691,smooth15,0.6,0.54,1.3027700066326475,0,21
2_opaque_WW_VisionCrack3,1784092691,smooth15,0.65,0.4211,1.3027700066326475,0,21
2_opaque_WW_VisionCrack3,1784092691,smooth15,0.7,0.3138,1.3027700066326475,0,21
2_opaque_WW_VisionCrack3,1784092691,smooth15,0.75,0.4453,1.3027700066326475,0,21
2_opaque_WW_VisionCrack3,1784092691,smooth15,0.8,0.6774,1.3027700066326475,0,21
2_opaque_WW_VisionCrack3,1784092691,smooth15,0.85,0.8643,1.3027700066326475,0,21
2_opaque_WW_VisionCrack3,1784092691,smooth15,0.9,0.9028,1.3027700066326475,0,21
2_opaque_WW_VisionCrack3,1784092691,smooth15,0.95,0.9702,1.3027700066326475,0,21
2_opaque_WW_VisionCrack3,1784092691,smooth15,1.0,1.0157,1.3027700066326475,0,21
2_opaque_WW_VisionCrack3,1784092691,smooth15,1.5,1.6161,1.3027700066326475,0,21
2_opaque_WW_VisionCrack3,1784092691,smooth15,2.0,2.0647,1.3027700066326475,0,21
2_opaque_WW_VisionCrack3,1784092691,smooth15,2.5,2.5297,1.3027700066326475,0,21
2_opaque_WW_VisionCrack3,1784092691,smooth35,0.5,0.4676,1.3027700066326475,0,21
2_opaque_WW_VisionCrack3,1784092691,smooth35,0.55,0.5159,1.3027700066326475,0,21
2_opaque_WW_VisionCrack3,1784092691,smooth35,0.6,0.5713,1.3027700066326475,0,21
2_opaque_WW_VisionCrack3,1784092691,smooth35,0.65,0.4476,1.3027700066326475,0,21
2_opaque_WW_VisionCrack3,1784092691,smooth35,0.7,0.3401,1.3027700066326475,0,21
2_opaque_WW_VisionCrack3,1784092691,smooth35,0.75,0.4633,1.3027700066326475,0,21
2_opaque_WW_VisionCrack3,1784092691,smooth35,0.8,0.6854,1.3027700066326475,0,21
2_opaque_WW_VisionCrack3,1784092691,smooth35,0.85,0.8689,1.3027700066326475,0,21
2_opaque_WW_VisionCrack3,1784092691,smooth35,0.9,0.9075,1.3027700066326475,0,21
2_opaque_WW_VisionCrack3,1784092691,smooth35,0.95,0.9763,1.3027700066326475,0,21
2_opaque_WW_VisionCrack3,1784092691,smooth35,1.0,1.024,1.3027700066326475,0,21
2_opaque_WW_VisionCrack3,1784092691,smooth35,1.5,1.6445,1.3027700066326475,0,21
2_opaque_WW_VisionCrack3,1784092691,smooth35,2.0,2.1072,1.3027700066326475,0,21
2_opaque_WW_VisionCrack3,1784092691,smooth35,2.5,2.5527,1.3027700066326475,0,21
2_opaque_WW_VisionCrack3,1784092691,band0.60,0.5,0.4677,1.3027700066326475,0,21
2_opaque_WW_VisionCrack3,1784092691,band0.60,0.55,0.5162,1.3027700066326475,0,21
2_opaque_WW_VisionCrack3,1784092691,band0.60,0.6,0.5607,1.3027700066326475,0,21
2_opaque_WW_VisionCrack3,1784092691,band0.60,0.65,0.4391,1.3027700066326475,0,21
2_opaque_WW_VisionCrack3,1784092691,band0.60,0.7,0.3345,1.3027700066326475,0,21
2_opaque_WW_VisionCrack3,1784092691,band0.60,0.75,0.4558,1.3027700066326475,0,21
2_opaque_WW_VisionCrack3,1784092691,band0.60,0.8,0.6814,1.3027700066326475,0,21
2_opaque_WW_VisionCrack3,1784092691,band0.60,0.85,0.8676,1.3027700066326475,0,21
2_opaque_WW_VisionCrack3,1784092691,band0.60,0.9,0.9065,1.3027700066326475,0,21
2_opaque_WW_VisionCrack3,1784092691,band0.60,0.95,0.9744,1.3027700066326475,0,21
2_opaque_WW_VisionCrack3,1784092691,band0.60,1.0,1.0227,1.3027700066326475,0,21
2_opaque_WW_VisionCrack3,1784092691,band0.60,1.5,1.6262,1.3027700066326475,0,21
2_opaque_WW_VisionCrack3,1784092691,band0.60,2.0,2.0901,1.3027700066326475,0,21
2_opaque_WW_VisionCrack3,1784092691,band0.60,2.5,2.5458,1.3027700066326475,0,21
2_opaque_WW_VisionCrack3,1784092691,win0.4,0.5,0.4677,1.3027700066326475,0,21
2_opaque_WW_VisionCrack3,1784092691,win0.4,0.55,0.5162,1.3027700066326475,0,21
2_opaque_WW_VisionCrack3,1784092691,win0.4,0.6,0.5607,1.3027700066326475,0,21
2_opaque_WW_VisionCrack3,1784092691,win0.4,0.65,0.4391,1.3027700066326475,0,21
2_opaque_WW_VisionCrack3,1784092691,win0.4,0.7,0.3345,1.3027700066326475,0,21
2_opaque_WW_VisionCrack3,1784092691,win0.4,0.75,0.4558,1.3027700066326475,0,21
2_opaque_WW_VisionCrack3,1784092691,win0.4,0.8,0.6814,1.3027700066326475,0,21
2_opaque_WW_VisionCrack3,1784092691,win0.4,0.85,0.8649,1.3027700066326475,0,21
2_opaque_WW_VisionCrack3,1784092691,win0.4,0.9,0.9019,1.3027700066326475,0,21
2_opaque_WW_VisionCrack3,1784092691,win0.4,0.95,0.9706,1.3027700066326475,0,21
2_opaque_WW_VisionCrack3,1784092691,win0.4,1.0,1.0301,1.3027700066326475,0,21
2_opaque_WW_VisionCrack3,1784092691,win0.4,1.5,1.6264,1.3027700066326475,0,21
2_opaque_WW_VisionCrack3,1784092691,win0.4,2.0,2.0879,1.3027700066326475,0,21
2_opaque_WW_VisionCrack3,1784092691,win0.4,2.5,2.5547,1.3027700066326475,0,21
2_opaque_WW_VisionCrack3,1784092691,win0.8,0.5,0.4617,1.3027700066326475,0,21
2_opaque_WW_VisionCrack3,1784092691,win0.8,0.55,0.5139,1.3027700066326475,0,21
2_opaque_WW_VisionCrack3,1784092691,win0.8,0.6,0.747,1.3027700066326475,0,21
2_opaque_WW_VisionCrack3,1784092691,win0.8,0.65,0.4391,1.3027700066326475,0,21
2_opaque_WW_VisionCrack3,1784092691,win0.8,0.7,0.3345,1.3027700066326475,0,21
2_opaque_WW_VisionCrack3,1784092691,win0.8,0.75,0.4558,1.3027700066326475,0,21
2_opaque_WW_VisionCrack3,1784092691,win0.8,0.8,0.6814,1.3027700066326475,0,21
2_opaque_WW_VisionCrack3,1784092691,win0.8,0.85,0.8651,1.3027700066326475,0,21
2_opaque_WW_VisionCrack3,1784092691,win0.8,0.9,0.9001,1.3027700066326475,0,21
2_opaque_WW_VisionCrack3,1784092691,win0.8,0.95,0.9686,1.3027700066326475,0,21
2_opaque_WW_VisionCrack3,1784092691,win0.8,1.0,1.0266,1.3027700066326475,0,21
2_opaque_WW_VisionCrack3,1784092691,win0.8,1.5,1.6401,1.3027700066326475,0,21
2_opaque_WW_VisionCrack3,1784092691,win0.8,2.0,2.0876,1.3027700066326475,0,21
2_opaque_WW_VisionCrack3,1784092691,win0.8,2.5,2.5405,1.3027700066326475,0,21
2_opaque_WW_VisionCrack3,1784092701,full,0.5,0.4672,1.2293910858113055,0,21
2_opaque_WW_VisionCrack3,1784092701,full,0.55,0.8103,1.2293910858113055,0,21
2_opaque_WW_VisionCrack3,1784092701,full,0.6,0.639,1.2293910858113055,0,21
2_opaque_WW_VisionCrack3,1784092701,full,0.65,0.4217,1.2293910858113055,0,21
2_opaque_WW_VisionCrack3,1784092701,full,0.7,0.3871,1.2293910858113055,0,21
2_opaque_WW_VisionCrack3,1784092701,full,0.75,0.5624,1.2293910858113055,0,21
2_opaque_WW_VisionCrack3,1784092701,full,0.8,0.3385,1.2293910858113055,0,21
2_opaque_WW_VisionCrack3,1784092701,full,0.85,0.8653,1.2293910858113055,0,21
2_opaque_WW_VisionCrack3,1784092701,full,0.9,0.9093,1.2293910858113055,0,21
2_opaque_WW_VisionCrack3,1784092701,full,0.95,0.9724,1.2293910858113055,0,21
2_opaque_WW_VisionCrack3,1784092701,full,1.0,1.0196,1.2293910858113055,0,21
2_opaque_WW_VisionCrack3,1784092701,full,1.5,1.5832,1.2293910858113055,0,21
2_opaque_WW_VisionCrack3,1784092701,full,2.0,2.0764,1.2293910858113055,0,21
2_opaque_WW_VisionCrack3,1784092701,full,2.5,2.554,1.2293910858113055,0,21
2_opaque_WW_VisionCrack3,1784092701,no_masked_bg,0.5,0.5374,1.2293910858113055,0,21
2_opaque_WW_VisionCrack3,1784092701,no_masked_bg,0.55,0.8506,1.2293910858113055,0,21
2_opaque_WW_VisionCrack3,1784092701,no_masked_bg,0.6,0.7241,1.2293910858113055,0,21
2_opaque_WW_VisionCrack3,1784092701,no_masked_bg,0.65,0.4389,1.2293910858113055,0,21
2_opaque_WW_VisionCrack3,1784092701,no_masked_bg,0.7,0.39,1.2293910858113055,0,21
2_opaque_WW_VisionCrack3,1784092701,no_masked_bg,0.75,0.591,1.2293910858113055,0,21
2_opaque_WW_VisionCrack3,1784092701,no_masked_bg,0.8,0.4616,1.2293910858113055,0,21
2_opaque_WW_VisionCrack3,1784092701,no_masked_bg,0.85,0.9032,1.2293910858113055,0,21
2_opaque_WW_VisionCrack3,1784092701,no_masked_bg,0.9,0.9523,1.2293910858113055,0,21
2_opaque_WW_VisionCrack3,1784092701,no_masked_bg,0.95,1.3026,1.2293910858113055,0,21
2_opaque_WW_VisionCrack3,1784092701,no_masked_bg,1.0,1.2128,1.2293910858113055,0,21
2_opaque_WW_VisionCrack3,1784092701,no_masked_bg,1.5,1.8784,1.2293910858113055,0,21
2_opaque_WW_VisionCrack3,1784092701,no_masked_bg,2.0,2.3009,1.2293910858113055,0,21
2_opaque_WW_VisionCrack3,1784092701,no_masked_bg,2.5,2.5962,1.2293910858113055,0,21
2_opaque_WW_VisionCrack3,1784092701,lsf_sigma,0.5,0.4693,1.4405929982401027,0,21
2_opaque_WW_VisionCrack3,1784092701,lsf_sigma,0.55,0.813,1.4405929982401027,0,21
2_opaque_WW_VisionCrack3,1784092701,lsf_sigma,0.6,0.6554,1.4405929982401027,0,21
2_opaque_WW_VisionCrack3,1784092701,lsf_sigma,0.65,0.4127,1.4405929982401027,0,21
2_opaque_WW_VisionCrack3,1784092701,lsf_sigma,0.7,0.3763,1.4405929982401027,0,21
2_opaque_WW_VisionCrack3,1784092701,lsf_sigma,0.75,0.5616,1.4405929982401027,0,21
2_opaque_WW_VisionCrack3,1784092701,lsf_sigma,0.8,0.3331,1.4405929982401027,0,21
2_opaque_WW_VisionCrack3,1784092701,lsf_sigma,0.85,0.8619,1.4405929982401027,0,21
2_opaque_WW_VisionCrack3,1784092701,lsf_sigma,0.9,0.9053,1.4405929982401027,0,21
2_opaque_WW_VisionCrack3,1784092701,lsf_sigma,0.95,0.9702,1.4405929982401027,0,21
2_opaque_WW_VisionCrack3,1784092701,lsf_sigma,1.0,1.0219,1.4405929982401027,0,21
2_opaque_WW_VisionCrack3,1784092701,lsf_sigma,1.5,1.5946,1.4405929982401027,0,21
2_opaque_WW_VisionCrack3,1784092701,lsf_sigma,2.0,2.0932,1.4405929982401027,0,21
2_opaque_WW_VisionCrack3,1784092701,lsf_sigma,2.5,2.5607,1.4405929982401027,0,21
2_opaque_WW_VisionCrack3,1784092701,no_deconv,0.5,0.446,1.2293910858113055,0,21
2_opaque_WW_VisionCrack3,1784092701,no_deconv,0.55,0.7857,1.2293910858113055,0,21
2_opaque_WW_VisionCrack3,1784092701,no_deconv,0.6,0.6146,1.2293910858113055,0,21
2_opaque_WW_VisionCrack3,1784092701,no_deconv,0.65,0.4024,1.2293910858113055,0,21
2_opaque_WW_VisionCrack3,1784092701,no_deconv,0.7,0.3696,1.2293910858113055,0,21
2_opaque_WW_VisionCrack3,1784092701,no_deconv,0.75,0.5389,1.2293910858113055,0,21
2_opaque_WW_VisionCrack3,1784092701,no_deconv,0.8,0.3242,1.2293910858113055,0,21
2_opaque_WW_VisionCrack3,1784092701,no_deconv,0.85,0.841,1.2293910858113055,0,21
2_opaque_WW_VisionCrack3,1784092701,no_deconv,0.9,0.8853,1.2293910858113055,0,21
2_opaque_WW_VisionCrack3,1784092701,no_deconv,0.95,0.949,1.2293910858113055,0,21
2_opaque_WW_VisionCrack3,1784092701,no_deconv,1.0,0.9967,1.2293910858113055,0,21
2_opaque_WW_VisionCrack3,1784092701,no_deconv,1.5,1.5695,1.2293910858113055,0,21
2_opaque_WW_VisionCrack3,1784092701,no_deconv,2.0,2.0728,1.2293910858113055,0,21
2_opaque_WW_VisionCrack3,1784092701,no_deconv,2.5,2.5611,1.2293910858113055,0,21
2_opaque_WW_VisionCrack3,1784092701,rev3_window,0.5,0.4528,1.2293910858113055,1,21
2_opaque_WW_VisionCrack3,1784092701,rev3_window,0.55,0.4981,1.2293910858113055,1,21
2_opaque_WW_VisionCrack3,1784092701,rev3_window,0.6,0.9418,1.2293910858113055,1,21
2_opaque_WW_VisionCrack3,1784092701,rev3_window,0.65,0.3981,1.2293910858113055,1,21
2_opaque_WW_VisionCrack3,1784092701,rev3_window,0.7,0.2714,1.2293910858113055,1,21
2_opaque_WW_VisionCrack3,1784092701,rev3_window,0.75,0.6583,1.2293910858113055,1,21
2_opaque_WW_VisionCrack3,1784092701,rev3_window,0.8,-0.0392,1.2293910858113055,1,21
2_opaque_WW_VisionCrack3,1784092701,rev3_window,0.85,0.8599,1.2293910858113055,1,21
2_opaque_WW_VisionCrack3,1784092701,rev3_window,0.9,0.9021,1.2293910858113055,1,21
2_opaque_WW_VisionCrack3,1784092701,rev3_window,0.95,0.9637,1.2293910858113055,1,21
2_opaque_WW_VisionCrack3,1784092701,rev3_window,1.0,1.0158,1.2293910858113055,1,21
2_opaque_WW_VisionCrack3,1784092701,rev3_window,1.5,1.5966,1.2293910858113055,1,21
2_opaque_WW_VisionCrack3,1784092701,rev3_window,2.0,2.0709,1.2293910858113055,1,21
2_opaque_WW_VisionCrack3,1784092701,rev3_window,2.5,2.5371,1.2293910858113055,1,21
2_opaque_WW_VisionCrack3,1784092701,margin1.0,0.5,0.4415,1.2293910858113055,0,21
2_opaque_WW_VisionCrack3,1784092701,margin1.0,0.55,0.8065,1.2293910858113055,0,21
2_opaque_WW_VisionCrack3,1784092701,margin1.0,0.6,0.6055,1.2293910858113055,0,21
2_opaque_WW_VisionCrack3,1784092701,margin1.0,0.65,0.4155,1.2293910858113055,0,21
2_opaque_WW_VisionCrack3,1784092701,margin1.0,0.7,0.387,1.2293910858113055,0,21
2_opaque_WW_VisionCrack3,1784092701,margin1.0,0.75,0.5609,1.2293910858113055,0,21
2_opaque_WW_VisionCrack3,1784092701,margin1.0,0.8,0.3261,1.2293910858113055,0,21
2_opaque_WW_VisionCrack3,1784092701,margin1.0,0.85,0.8673,1.2293910858113055,0,21
2_opaque_WW_VisionCrack3,1784092701,margin1.0,0.9,0.9064,1.2293910858113055,0,21
2_opaque_WW_VisionCrack3,1784092701,margin1.0,0.95,0.9696,1.2293910858113055,0,21
2_opaque_WW_VisionCrack3,1784092701,margin1.0,1.0,1.0117,1.2293910858113055,0,21
2_opaque_WW_VisionCrack3,1784092701,margin1.0,1.5,1.5657,1.2293910858113055,0,21
2_opaque_WW_VisionCrack3,1784092701,margin1.0,2.0,2.0379,1.2293910858113055,0,21
2_opaque_WW_VisionCrack3,1784092701,margin1.0,2.5,2.5364,1.2293910858113055,0,21
2_opaque_WW_VisionCrack3,1784092701,margin2.0,0.5,0.4942,1.2293910858113055,0,21
2_opaque_WW_VisionCrack3,1784092701,margin2.0,0.55,0.8416,1.2293910858113055,0,21
2_opaque_WW_VisionCrack3,1784092701,margin2.0,0.6,0.6599,1.2293910858113055,0,21
2_opaque_WW_VisionCrack3,1784092701,margin2.0,0.65,0.444,1.2293910858113055,0,21
2_opaque_WW_VisionCrack3,1784092701,margin2.0,0.7,0.3905,1.2293910858113055,0,21
2_opaque_WW_VisionCrack3,1784092701,margin2.0,0.75,0.5793,1.2293910858113055,0,21
2_opaque_WW_VisionCrack3,1784092701,margin2.0,0.8,0.3555,1.2293910858113055,0,21
2_opaque_WW_VisionCrack3,1784092701,margin2.0,0.85,0.8697,1.2293910858113055,0,21
2_opaque_WW_VisionCrack3,1784092701,margin2.0,0.9,0.9121,1.2293910858113055,0,21
2_opaque_WW_VisionCrack3,1784092701,margin2.0,0.95,0.9758,1.2293910858113055,0,21
2_opaque_WW_VisionCrack3,1784092701,margin2.0,1.0,1.0325,1.2293910858113055,0,21
2_opaque_WW_VisionCrack3,1784092701,margin2.0,1.5,1.6072,1.2293910858113055,0,21
2_opaque_WW_VisionCrack3,1784092701,margin2.0,2.0,2.1055,1.2293910858113055,0,21
2_opaque_WW_VisionCrack3,1784092701,margin2.0,2.5,2.571,1.2293910858113055,0,21
2_opaque_WW_VisionCrack3,1784092701,smooth15,0.5,0.4731,1.2293910858113055,0,21
2_opaque_WW_VisionCrack3,1784092701,smooth15,0.55,0.7719,1.2293910858113055,0,21
2_opaque_WW_VisionCrack3,1784092701,smooth15,0.6,0.5973,1.2293910858113055,0,21
2_opaque_WW_VisionCrack3,1784092701,smooth15,0.65,0.4075,1.2293910858113055,0,21
2_opaque_WW_VisionCrack3,1784092701,smooth15,0.7,0.3841,1.2293910858113055,0,21
2_opaque_WW_VisionCrack3,1784092701,smooth15,0.75,0.5625,1.2293910858113055,0,21
2_opaque_WW_VisionCrack3,1784092701,smooth15,0.8,0.3431,1.2293910858113055,0,21
2_opaque_WW_VisionCrack3,1784092701,smooth15,0.85,0.8605,1.2293910858113055,0,21
2_opaque_WW_VisionCrack3,1784092701,smooth15,0.9,0.906,1.2293910858113055,0,21
2_opaque_WW_VisionCrack3,1784092701,smooth15,0.95,0.9687,1.2293910858113055,0,21
2_opaque_WW_VisionCrack3,1784092701,smooth15,1.0,1.0138,1.2293910858113055,0,21
2_opaque_WW_VisionCrack3,1784092701,smooth15,1.5,1.5731,1.2293910858113055,0,21
2_opaque_WW_VisionCrack3,1784092701,smooth15,2.0,2.0357,1.2293910858113055,0,21
2_opaque_WW_VisionCrack3,1784092701,smooth15,2.5,2.5421,1.2293910858113055,0,21
2_opaque_WW_VisionCrack3,1784092701,smooth35,0.5,0.5178,1.2293910858113055,0,21
2_opaque_WW_VisionCrack3,1784092701,smooth35,0.55,0.8327,1.2293910858113055,0,21
2_opaque_WW_VisionCrack3,1784092701,smooth35,0.6,0.6616,1.2293910858113055,0,21
2_opaque_WW_VisionCrack3,1784092701,smooth35,0.65,0.4556,1.2293910858113055,0,21
2_opaque_WW_VisionCrack3,1784092701,smooth35,0.7,0.395,1.2293910858113055,0,21
2_opaque_WW_VisionCrack3,1784092701,smooth35,0.75,0.5784,1.2293910858113055,0,21
2_opaque_WW_VisionCrack3,1784092701,smooth35,0.8,0.3518,1.2293910858113055,0,21
2_opaque_WW_VisionCrack3,1784092701,smooth35,0.85,0.8693,1.2293910858113055,0,21
2_opaque_WW_VisionCrack3,1784092701,smooth35,0.9,0.9103,1.2293910858113055,0,21
2_opaque_WW_VisionCrack3,1784092701,smooth35,0.95,0.9743,1.2293910858113055,0,21
2_opaque_WW_VisionCrack3,1784092701,smooth35,1.0,1.0227,1.2293910858113055,0,21
2_opaque_WW_VisionCrack3,1784092701,smooth35,1.5,1.6031,1.2293910858113055,0,21
2_opaque_WW_VisionCrack3,1784092701,smooth35,2.0,2.1061,1.2293910858113055,0,21
2_opaque_WW_VisionCrack3,1784092701,smooth35,2.5,2.5723,1.2293910858113055,0,21
2_opaque_WW_VisionCrack3,1784092701,band0.60,0.5,0.4672,1.2293910858113055,0,21
2_opaque_WW_VisionCrack3,1784092701,band0.60,0.55,0.8103,1.2293910858113055,0,21
2_opaque_WW_VisionCrack3,1784092701,band0.60,0.6,0.639,1.2293910858113055,0,21
2_opaque_WW_VisionCrack3,1784092701,band0.60,0.65,0.4217,1.2293910858113055,0,21
2_opaque_WW_VisionCrack3,1784092701,band0.60,0.7,0.3871,1.2293910858113055,0,21
2_opaque_WW_VisionCrack3,1784092701,band0.60,0.75,0.5624,1.2293910858113055,0,21
2_opaque_WW_VisionCrack3,1784092701,band0.60,0.8,0.3385,1.2293910858113055,0,21
2_opaque_WW_VisionCrack3,1784092701,band0.60,0.85,0.8653,1.2293910858113055,0,21
2_opaque_WW_VisionCrack3,1784092701,band0.60,0.9,0.9093,1.2293910858113055,0,21
2_opaque_WW_VisionCrack3,1784092701,band0.60,0.95,0.9724,1.2293910858113055,0,21
2_opaque_WW_VisionCrack3,1784092701,band0.60,1.0,1.0196,1.2293910858113055,0,21
2_opaque_WW_VisionCrack3,1784092701,band0.60,1.5,1.5832,1.2293910858113055,0,21
2_opaque_WW_VisionCrack3,1784092701,band0.60,2.0,2.0764,1.2293910858113055,0,21
2_opaque_WW_VisionCrack3,1784092701,band0.60,2.5,2.554,1.2293910858113055,0,21
2_opaque_WW_VisionCrack3,1784092701,win0.4,0.5,0.4672,1.2293910858113055,0,21
2_opaque_WW_VisionCrack3,1784092701,win0.4,0.55,0.6394,1.2293910858113055,0,21
2_opaque_WW_VisionCrack3,1784092701,win0.4,0.6,0.639,1.2293910858113055,0,21
2_opaque_WW_VisionCrack3,1784092701,win0.4,0.65,0.4217,1.2293910858113055,0,21
2_opaque_WW_VisionCrack3,1784092701,win0.4,0.7,0.3871,1.2293910858113055,0,21
2_opaque_WW_VisionCrack3,1784092701,win0.4,0.75,0.5624,1.2293910858113055,0,21
2_opaque_WW_VisionCrack3,1784092701,win0.4,0.8,0.3385,1.2293910858113055,0,21
2_opaque_WW_VisionCrack3,1784092701,win0.4,0.85,0.865,1.2293910858113055,0,21
2_opaque_WW_VisionCrack3,1784092701,win0.4,0.9,0.9052,1.2293910858113055,0,21
2_opaque_WW_VisionCrack3,1784092701,win0.4,0.95,0.9722,1.2293910858113055,0,21
2_opaque_WW_VisionCrack3,1784092701,win0.4,1.0,1.0178,1.2293910858113055,0,21
2_opaque_WW_VisionCrack3,1784092701,win0.4,1.5,1.5865,1.2293910858113055,0,21
2_opaque_WW_VisionCrack3,1784092701,win0.4,2.0,2.0811,1.2293910858113055,0,21
2_opaque_WW_VisionCrack3,1784092701,win0.4,2.5,2.5649,1.2293910858113055,0,21
2_opaque_WW_VisionCrack3,1784092701,win0.8,0.5,0.6869,1.2293910858113055,1,21
2_opaque_WW_VisionCrack3,1784092701,win0.8,0.55,1.0561,1.2293910858113055,1,21
2_opaque_WW_VisionCrack3,1784092701,win0.8,0.6,0.7975,1.2293910858113055,1,21
2_opaque_WW_VisionCrack3,1784092701,win0.8,0.65,0.4217,1.2293910858113055,1,21
2_opaque_WW_VisionCrack3,1784092701,win0.8,0.7,0.3871,1.2293910858113055,1,21
2_opaque_WW_VisionCrack3,1784092701,win0.8,0.75,0.5624,1.2293910858113055,1,21
2_opaque_WW_VisionCrack3,1784092701,win0.8,0.8,-0.0392,1.2293910858113055,1,21
2_opaque_WW_VisionCrack3,1784092701,win0.8,0.85,0.8644,1.2293910858113055,1,21
2_opaque_WW_VisionCrack3,1784092701,win0.8,0.9,0.9049,1.2293910858113055,1,21
2_opaque_WW_VisionCrack3,1784092701,win0.8,0.95,0.9719,1.2293910858113055,1,21
2_opaque_WW_VisionCrack3,1784092701,win0.8,1.0,1.0194,1.2293910858113055,1,21
2_opaque_WW_VisionCrack3,1784092701,win0.8,1.5,1.5911,1.2293910858113055,1,21
2_opaque_WW_VisionCrack3,1784092701,win0.8,2.0,2.0526,1.2293910858113055,1,21
2_opaque_WW_VisionCrack3,1784092701,win0.8,2.5,2.5726,1.2293910858113055,1,21
2_opaque_WW_VisionCrack3,1784092714,full,0.5,0.4559,1.316838294937778,0,21
2_opaque_WW_VisionCrack3,1784092714,full,0.55,0.5085,1.316838294937778,0,21
2_opaque_WW_VisionCrack3,1784092714,full,0.6,0.5797,1.316838294937778,0,21
2_opaque_WW_VisionCrack3,1784092714,full,0.65,0.6304,1.316838294937778,0,21
2_opaque_WW_VisionCrack3,1784092714,full,0.7,0.6778,1.316838294937778,0,21
2_opaque_WW_VisionCrack3,1784092714,full,0.75,0.5447,1.316838294937778,0,21
2_opaque_WW_VisionCrack3,1784092714,full,0.8,0.7011,1.316838294937778,0,21
2_opaque_WW_VisionCrack3,1784092714,full,0.85,0.8629,1.316838294937778,0,21
2_opaque_WW_VisionCrack3,1784092714,full,0.9,0.905,1.316838294937778,0,21
2_opaque_WW_VisionCrack3,1784092714,full,0.95,0.9665,1.316838294937778,0,21
2_opaque_WW_VisionCrack3,1784092714,full,1.0,1.0232,1.316838294937778,0,21
2_opaque_WW_VisionCrack3,1784092714,full,1.5,1.598,1.316838294937778,0,21
2_opaque_WW_VisionCrack3,1784092714,full,2.0,2.081,1.316838294937778,0,21
2_opaque_WW_VisionCrack3,1784092714,full,2.5,2.535,1.316838294937778,0,21
2_opaque_WW_VisionCrack3,1784092714,no_masked_bg,0.5,0.46,1.316838294937778,0,21
2_opaque_WW_VisionCrack3,1784092714,no_masked_bg,0.55,0.512,1.316838294937778,0,21
2_opaque_WW_VisionCrack3,1784092714,no_masked_bg,0.6,0.5928,1.316838294937778,0,21
2_opaque_WW_VisionCrack3,1784092714,no_masked_bg,0.65,0.633,1.316838294937778,0,21
2_opaque_WW_VisionCrack3,1784092714,no_masked_bg,0.7,0.6805,1.316838294937778,0,21
2_opaque_WW_VisionCrack3,1784092714,no_masked_bg,0.75,0.5567,1.316838294937778,0,21
2_opaque_WW_VisionCrack3,1784092714,no_masked_bg,0.8,0.7027,1.316838294937778,0,21
2_opaque_WW_VisionCrack3,1784092714,no_masked_bg,0.85,0.8899,1.316838294937778,0,21
2_opaque_WW_VisionCrack3,1784092714,no_masked_bg,0.9,0.9357,1.316838294937778,0,21
2_opaque_WW_VisionCrack3,1784092714,no_masked_bg,0.95,1.0327,1.316838294937778,0,21
2_opaque_WW_VisionCrack3,1784092714,no_masked_bg,1.0,1.2425,1.316838294937778,0,21
2_opaque_WW_VisionCrack3,1784092714,no_masked_bg,1.5,1.8376,1.316838294937778,0,21
2_opaque_WW_VisionCrack3,1784092714,no_masked_bg,2.0,2.2947,1.316838294937778,0,21
2_opaque_WW_VisionCrack3,1784092714,no_masked_bg,2.5,2.5765,1.316838294937778,0,21
2_opaque_WW_VisionCrack3,1784092714,lsf_sigma,0.5,0.4461,1.5132520397701996,0,21
2_opaque_WW_VisionCrack3,1784092714,lsf_sigma,0.55,0.4999,1.5132520397701996,0,21
2_opaque_WW_VisionCrack3,1784092714,lsf_sigma,0.6,0.5725,1.5132520397701996,0,21
2_opaque_WW_VisionCrack3,1784092714,lsf_sigma,0.65,0.624,1.5132520397701996,0,21
2_opaque_WW_VisionCrack3,1784092714,lsf_sigma,0.7,0.672,1.5132520397701996,0,21
2_opaque_WW_VisionCrack3,1784092714,lsf_sigma,0.75,0.5369,1.5132520397701996,0,21
2_opaque_WW_VisionCrack3,1784092714,lsf_sigma,0.8,0.6956,1.5132520397701996,0,21
2_opaque_WW_VisionCrack3,1784092714,lsf_sigma,0.85,0.8591,1.5132520397701996,0,21
2_opaque_WW_VisionCrack3,1784092714,lsf_sigma,0.9,0.9015,1.5132520397701996,0,21
2_opaque_WW_VisionCrack3,1784092714,lsf_sigma,0.95,0.9635,1.5132520397701996,0,21
2_opaque_WW_VisionCrack3,1784092714,lsf_sigma,1.0,1.0206,1.5132520397701996,0,21
2_opaque_WW_VisionCrack3,1784092714,lsf_sigma,1.5,1.5984,1.5132520397701996,0,21
2_opaque_WW_VisionCrack3,1784092714,lsf_sigma,2.0,2.0832,1.5132520397701996,0,21
2_opaque_WW_VisionCrack3,1784092714,lsf_sigma,2.5,2.5385,1.5132520397701996,0,21
2_opaque_WW_VisionCrack3,1784092714,no_deconv,0.5,0.4316,1.316838294937778,0,21
2_opaque_WW_VisionCrack3,1784092714,no_deconv,0.55,0.4826,1.316838294937778,0,21
2_opaque_WW_VisionCrack3,1784092714,no_deconv,0.6,0.5525,1.316838294937778,0,21
2_opaque_WW_VisionCrack3,1784092714,no_deconv,0.65,0.6028,1.316838294937778,0,21
2_opaque_WW_VisionCrack3,1784092714,no_deconv,0.7,0.6501,1.316838294937778,0,21
2_opaque_WW_VisionCrack3,1784092714,no_deconv,0.75,0.5181,1.316838294937778,0,21
2_opaque_WW_VisionCrack3,1784092714,no_deconv,0.8,0.6734,1.316838294937778,0,21
2_opaque_WW_VisionCrack3,1784092714,no_deconv,0.85,0.8363,1.316838294937778,0,21
2_opaque_WW_VisionCrack3,1784092714,no_deconv,0.9,0.8789,1.316838294937778,0,21
2_opaque_WW_VisionCrack3,1784092714,no_deconv,0.95,0.9413,1.316838294937778,0,21
2_opaque_WW_VisionCrack3,1784092714,no_deconv,1.0,0.9989,1.316838294937778,0,21
2_opaque_WW_VisionCrack3,1784092714,no_deconv,1.5,1.5866,1.316838294937778,0,21
2_opaque_WW_VisionCrack3,1784092714,no_deconv,2.0,2.0827,1.316838294937778,0,21
2_opaque_WW_VisionCrack3,1784092714,no_deconv,2.5,2.5496,1.316838294937778,0,21
2_opaque_WW_VisionCrack3,1784092714,rev3_window,0.5,0.9487,1.316838294937778,0,21
2_opaque_WW_VisionCrack3,1784092714,rev3_window,0.55,1.1576,1.316838294937778,0,21
2_opaque_WW_VisionCrack3,1784092714,rev3_window,0.6,0.9624,1.316838294937778,0,21
2_opaque_WW_VisionCrack3,1784092714,rev3_window,0.65,0.389,1.316838294937778,0,21
2_opaque_WW_VisionCrack3,1784092714,rev3_window,0.7,0.4037,1.316838294937778,0,21
2_opaque_WW_VisionCrack3,1784092714,rev3_window,0.75,0.4282,1.316838294937778,0,21
2_opaque_WW_VisionCrack3,1784092714,rev3_window,0.8,0.7174,1.316838294937778,0,21
2_opaque_WW_VisionCrack3,1784092714,rev3_window,0.85,0.8653,1.316838294937778,0,21
2_opaque_WW_VisionCrack3,1784092714,rev3_window,0.9,0.8978,1.316838294937778,0,21
2_opaque_WW_VisionCrack3,1784092714,rev3_window,0.95,0.96,1.316838294937778,0,21
2_opaque_WW_VisionCrack3,1784092714,rev3_window,1.0,1.0225,1.316838294937778,0,21
2_opaque_WW_VisionCrack3,1784092714,rev3_window,1.5,1.6244,1.316838294937778,0,21
2_opaque_WW_VisionCrack3,1784092714,rev3_window,2.0,2.0987,1.316838294937778,0,21
2_opaque_WW_VisionCrack3,1784092714,rev3_window,2.5,2.5382,1.316838294937778,0,21
2_opaque_WW_VisionCrack3,1784092714,margin1.0,0.5,0.4551,1.316838294937778,0,21
2_opaque_WW_VisionCrack3,1784092714,margin1.0,0.55,0.5089,1.316838294937778,0,21
2_opaque_WW_VisionCrack3,1784092714,margin1.0,0.6,0.5723,1.316838294937778,0,21
2_opaque_WW_VisionCrack3,1784092714,margin1.0,0.65,0.6324,1.316838294937778,0,21
2_opaque_WW_VisionCrack3,1784092714,margin1.0,0.7,0.679,1.316838294937778,0,21
2_opaque_WW_VisionCrack3,1784092714,margin1.0,0.75,0.5002,1.316838294937778,0,21
2_opaque_WW_VisionCrack3,1784092714,margin1.0,0.8,0.6935,1.316838294937778,0,21
2_opaque_WW_VisionCrack3,1784092714,margin1.0,0.85,0.8616,1.316838294937778,0,21
2_opaque_WW_VisionCrack3,1784092714,margin1.0,0.9,0.9012,1.316838294937778,0,21
2_opaque_WW_VisionCrack3,1784092714,margin1.0,0.95,0.9591,1.316838294937778,0,21
2_opaque_WW_VisionCrack3,1784092714,margin1.0,1.0,1.0064,1.316838294937778,0,21
2_opaque_WW_VisionCrack3,1784092714,margin1.0,1.5,1.5644,1.316838294937778,0,21
2_opaque_WW_VisionCrack3,1784092714,margin1.0,2.0,2.0527,1.316838294937778,0,21
2_opaque_WW_VisionCrack3,1784092714,margin1.0,2.5,2.4744,1.316838294937778,0,21
2_opaque_WW_VisionCrack3,1784092714,margin2.0,0.5,0.4555,1.316838294937778,0,21
2_opaque_WW_VisionCrack3,1784092714,margin2.0,0.55,0.5086,1.316838294937778,0,21
2_opaque_WW_VisionCrack3,1784092714,margin2.0,0.6,0.5823,1.316838294937778,0,21
2_opaque_WW_VisionCrack3,1784092714,margin2.0,0.65,0.6301,1.316838294937778,0,21
2_opaque_WW_VisionCrack3,1784092714,margin2.0,0.7,0.6777,1.316838294937778,0,21
2_opaque_WW_VisionCrack3,1784092714,margin2.0,0.75,0.5504,1.316838294937778,0,21
2_opaque_WW_VisionCrack3,1784092714,margin2.0,0.8,0.7011,1.316838294937778,0,21
2_opaque_WW_VisionCrack3,1784092714,margin2.0,0.85,0.8637,1.316838294937778,0,21
2_opaque_WW_VisionCrack3,1784092714,margin2.0,0.9,0.9072,1.316838294937778,0,21
2_opaque_WW_VisionCrack3,1784092714,margin2.0,0.95,0.9689,1.316838294937778,0,21
2_opaque_WW_VisionCrack3,1784092714,margin2.0,1.0,1.0276,1.316838294937778,0,21
2_opaque_WW_VisionCrack3,1784092714,margin2.0,1.5,1.6116,1.316838294937778,0,21
2_opaque_WW_VisionCrack3,1784092714,margin2.0,2.0,2.0947,1.316838294937778,0,21
2_opaque_WW_VisionCrack3,1784092714,margin2.0,2.5,2.5488,1.316838294937778,0,21
2_opaque_WW_VisionCrack3,1784092714,smooth15,0.5,0.4671,1.316838294937778,0,21
2_opaque_WW_VisionCrack3,1784092714,smooth15,0.55,0.5124,1.316838294937778,0,21
2_opaque_WW_VisionCrack3,1784092714,smooth15,0.6,0.5662,1.316838294937778,0,21
2_opaque_WW_VisionCrack3,1784092714,smooth15,0.65,0.633,1.316838294937778,0,21
2_opaque_WW_VisionCrack3,1784092714,smooth15,0.7,0.6794,1.316838294937778,0,21
2_opaque_WW_VisionCrack3,1784092714,smooth15,0.75,0.5274,1.316838294937778,0,21
2_opaque_WW_VisionCrack3,1784092714,smooth15,0.8,0.6944,1.316838294937778,0,21
2_opaque_WW_VisionCrack3,1784092714,smooth15,0.85,0.8599,1.316838294937778,0,21
2_opaque_WW_VisionCrack3,1784092714,smooth15,0.9,0.9014,1.316838294937778,0,21
2_opaque_WW_VisionCrack3,1784092714,smooth15,0.95,0.9615,1.316838294937778,0,21
2_opaque_WW_VisionCrack3,1784092714,smooth15,1.0,1.0168,1.316838294937778,0,21
2_opaque_WW_VisionCrack3,1784092714,smooth15,1.5,1.5818,1.316838294937778,0,21
2_opaque_WW_VisionCrack3,1784092714,smooth15,2.0,2.0669,1.316838294937778,0,21
2_opaque_WW_VisionCrack3,1784092714,smooth15,2.5,2.5169,1.316838294937778,0,21
2_opaque_WW_VisionCrack3,1784092714,smooth35,0.5,0.4551,1.316838294937778,0,21
2_opaque_WW_VisionCrack3,1784092714,smooth35,0.55,0.5067,1.316838294937778,0,21
2_opaque_WW_VisionCrack3,1784092714,smooth35,0.6,0.5782,1.316838294937778,0,21
2_opaque_WW_VisionCrack3,1784092714,smooth35,0.65,0.6291,1.316838294937778,0,21
2_opaque_WW_VisionCrack3,1784092714,smooth35,0.7,0.6774,1.316838294937778,0,21
2_opaque_WW_VisionCrack3,1784092714,smooth35,0.75,0.545,1.316838294937778,0,21
2_opaque_WW_VisionCrack3,1784092714,smooth35,0.8,0.6985,1.316838294937778,0,21
2_opaque_WW_VisionCrack3,1784092714,smooth35,0.85,0.8639,1.316838294937778,0,21
2_opaque_WW_VisionCrack3,1784092714,smooth35,0.9,0.9074,1.316838294937778,0,21
2_opaque_WW_VisionCrack3,1784092714,smooth35,0.95,0.9681,1.316838294937778,0,21
2_opaque_WW_VisionCrack3,1784092714,smooth35,1.0,1.0229,1.316838294937778,0,21
2_opaque_WW_VisionCrack3,1784092714,smooth35,1.5,1.608,1.316838294937778,0,21
2_opaque_WW_VisionCrack3,1784092714,smooth35,2.0,2.0974,1.316838294937778,0,21
2_opaque_WW_VisionCrack3,1784092714,smooth35,2.5,2.5513,1.316838294937778,0,21
2_opaque_WW_VisionCrack3,1784092714,band0.60,0.5,0.4559,1.316838294937778,0,21
2_opaque_WW_VisionCrack3,1784092714,band0.60,0.55,0.5085,1.316838294937778,0,21
2_opaque_WW_VisionCrack3,1784092714,band0.60,0.6,0.5797,1.316838294937778,0,21
2_opaque_WW_VisionCrack3,1784092714,band0.60,0.65,0.6304,1.316838294937778,0,21
2_opaque_WW_VisionCrack3,1784092714,band0.60,0.7,0.6778,1.316838294937778,0,21
2_opaque_WW_VisionCrack3,1784092714,band0.60,0.75,0.5447,1.316838294937778,0,21
2_opaque_WW_VisionCrack3,1784092714,band0.60,0.8,0.7011,1.316838294937778,0,21
2_opaque_WW_VisionCrack3,1784092714,band0.60,0.85,0.8629,1.316838294937778,0,21
2_opaque_WW_VisionCrack3,1784092714,band0.60,0.9,0.905,1.316838294937778,0,21
2_opaque_WW_VisionCrack3,1784092714,band0.60,0.95,0.9665,1.316838294937778,0,21
2_opaque_WW_VisionCrack3,1784092714,band0.60,1.0,1.0232,1.316838294937778,0,21
2_opaque_WW_VisionCrack3,1784092714,band0.60,1.5,1.598,1.316838294937778,0,21
2_opaque_WW_VisionCrack3,1784092714,band0.60,2.0,2.081,1.316838294937778,0,21
2_opaque_WW_VisionCrack3,1784092714,band0.60,2.5,2.535,1.316838294937778,0,21
2_opaque_WW_VisionCrack3,1784092714,win0.4,0.5,0.4559,1.316838294937778,0,21
2_opaque_WW_VisionCrack3,1784092714,win0.4,0.55,0.5085,1.316838294937778,0,21
2_opaque_WW_VisionCrack3,1784092714,win0.4,0.6,0.5797,1.316838294937778,0,21
2_opaque_WW_VisionCrack3,1784092714,win0.4,0.65,0.6303,1.316838294937778,0,21
2_opaque_WW_VisionCrack3,1784092714,win0.4,0.7,0.676,1.316838294937778,0,21
2_opaque_WW_VisionCrack3,1784092714,win0.4,0.75,0.5447,1.316838294937778,0,21
2_opaque_WW_VisionCrack3,1784092714,win0.4,0.8,0.7011,1.316838294937778,0,21
2_opaque_WW_VisionCrack3,1784092714,win0.4,0.85,0.8607,1.316838294937778,0,21
2_opaque_WW_VisionCrack3,1784092714,win0.4,0.9,0.8988,1.316838294937778,0,21
2_opaque_WW_VisionCrack3,1784092714,win0.4,0.95,0.9569,1.316838294937778,0,21
2_opaque_WW_VisionCrack3,1784092714,win0.4,1.0,1.029,1.316838294937778,0,21
2_opaque_WW_VisionCrack3,1784092714,win0.4,1.5,1.5991,1.316838294937778,0,21
2_opaque_WW_VisionCrack3,1784092714,win0.4,2.0,2.0771,1.316838294937778,0,21
2_opaque_WW_VisionCrack3,1784092714,win0.4,2.5,2.5452,1.316838294937778,0,21
2_opaque_WW_VisionCrack3,1784092714,win0.8,0.5,0.4582,1.316838294937778,0,21
2_opaque_WW_VisionCrack3,1784092714,win0.8,0.55,0.5081,1.316838294937778,0,21
2_opaque_WW_VisionCrack3,1784092714,win0.8,0.6,0.7397,1.316838294937778,0,21
2_opaque_WW_VisionCrack3,1784092714,win0.8,0.65,0.6266,1.316838294937778,0,21
2_opaque_WW_VisionCrack3,1784092714,win0.8,0.7,0.6771,1.316838294937778,0,21
2_opaque_WW_VisionCrack3,1784092714,win0.8,0.75,0.5447,1.316838294937778,0,21
2_opaque_WW_VisionCrack3,1784092714,win0.8,0.8,0.7011,1.316838294937778,0,21
2_opaque_WW_VisionCrack3,1784092714,win0.8,0.85,0.8609,1.316838294937778,0,21
2_opaque_WW_VisionCrack3,1784092714,win0.8,0.9,0.8994,1.316838294937778,0,21
2_opaque_WW_VisionCrack3,1784092714,win0.8,0.95,0.9627,1.316838294937778,0,21
2_opaque_WW_VisionCrack3,1784092714,win0.8,1.0,1.0246,1.316838294937778,0,21
2_opaque_WW_VisionCrack3,1784092714,win0.8,1.5,1.6136,1.316838294937778,0,21
2_opaque_WW_VisionCrack3,1784092714,win0.8,2.0,2.0801,1.316838294937778,0,21
2_opaque_WW_VisionCrack3,1784092714,win0.8,2.5,2.5345,1.316838294937778,0,21
2_opaque_WW_VisionCrack3,1784092727,full,0.5,0.477,1.409077390211691,0,20
2_opaque_WW_VisionCrack3,1784092727,full,0.55,0.6705,1.409077390211691,0,20
2_opaque_WW_VisionCrack3,1784092727,full,0.6,0.6681,1.409077390211691,0,20
2_opaque_WW_VisionCrack3,1784092727,full,0.65,0.6227,1.409077390211691,0,20
2_opaque_WW_VisionCrack3,1784092727,full,0.7,0.6673,1.409077390211691,0,20
2_opaque_WW_VisionCrack3,1784092727,full,0.75,0.467,1.409077390211691,0,20
2_opaque_WW_VisionCrack3,1784092727,full,0.8,0.6347,1.409077390211691,0,20
2_opaque_WW_VisionCrack3,1784092727,full,0.85,0.8568,1.409077390211691,0,20
2_opaque_WW_VisionCrack3,1784092727,full,0.9,0.9032,1.409077390211691,0,20
2_opaque_WW_VisionCrack3,1784092727,full,0.95,0.9613,1.409077390211691,0,20
2_opaque_WW_VisionCrack3,1784092727,full,1.0,1.026,1.409077390211691,0,20
2_opaque_WW_VisionCrack3,1784092727,full,1.5,1.6403,1.409077390211691,0,20
2_opaque_WW_VisionCrack3,1784092727,full,2.0,2.0849,1.409077390211691,0,20
2_opaque_WW_VisionCrack3,1784092727,full,2.5,2.4091,1.409077390211691,0,20
2_opaque_WW_VisionCrack3,1784092727,no_masked_bg,0.5,0.5189,1.409077390211691,0,20
2_opaque_WW_VisionCrack3,1784092727,no_masked_bg,0.55,0.7165,1.409077390211691,0,20
2_opaque_WW_VisionCrack3,1784092727,no_masked_bg,0.6,0.6792,1.409077390211691,0,20
2_opaque_WW_VisionCrack3,1784092727,no_masked_bg,0.65,0.6241,1.409077390211691,0,20
2_opaque_WW_VisionCrack3,1784092727,no_masked_bg,0.7,0.6719,1.409077390211691,0,20
2_opaque_WW_VisionCrack3,1784092727,no_masked_bg,0.75,0.4596,1.409077390211691,0,20
2_opaque_WW_VisionCrack3,1784092727,no_masked_bg,0.8,0.652,1.409077390211691,0,20
2_opaque_WW_VisionCrack3,1784092727,no_masked_bg,0.85,0.8787,1.409077390211691,0,20
2_opaque_WW_VisionCrack3,1784092727,no_masked_bg,0.9,0.9477,1.409077390211691,0,20
2_opaque_WW_VisionCrack3,1784092727,no_masked_bg,0.95,1.0863,1.409077390211691,0,20
2_opaque_WW_VisionCrack3,1784092727,no_masked_bg,1.0,1.2318,1.409077390211691,0,20
2_opaque_WW_VisionCrack3,1784092727,no_masked_bg,1.5,1.853,1.409077390211691,0,20
2_opaque_WW_VisionCrack3,1784092727,no_masked_bg,2.0,2.2841,1.409077390211691,0,20
2_opaque_WW_VisionCrack3,1784092727,no_masked_bg,2.5,2.4135,1.409077390211691,0,20
2_opaque_WW_VisionCrack3,1784092727,lsf_sigma,0.5,0.448,1.6070981927878547,0,20
2_opaque_WW_VisionCrack3,1784092727,lsf_sigma,0.55,0.6855,1.6070981927878547,0,20
2_opaque_WW_VisionCrack3,1784092727,lsf_sigma,0.6,0.6623,1.6070981927878547,0,20
2_opaque_WW_VisionCrack3,1784092727,lsf_sigma,0.65,0.6152,1.6070981927878547,0,20
2_opaque_WW_VisionCrack3,1784092727,lsf_sigma,0.7,0.66,1.6070981927878547,0,20
2_opaque_WW_VisionCrack3,1784092727,lsf_sigma,0.75,0.4632,1.6070981927878547,0,20
2_opaque_WW_VisionCrack3,1784092727,lsf_sigma,0.8,0.6272,1.6070981927878547,0,20
2_opaque_WW_VisionCrack3,1784092727,lsf_sigma,0.85,0.8535,1.6070981927878547,0,20
2_opaque_WW_VisionCrack3,1784092727,lsf_sigma,0.9,0.9001,1.6070981927878547,0,20
2_opaque_WW_VisionCrack3,1784092727,lsf_sigma,0.95,0.9588,1.6070981927878547,0,20
2_opaque_WW_VisionCrack3,1784092727,lsf_sigma,1.0,1.0439,1.6070981927878547,0,20
2_opaque_WW_VisionCrack3,1784092727,lsf_sigma,1.5,1.6571,1.6070981927878547,0,20
2_opaque_WW_VisionCrack3,1784092727,lsf_sigma,2.0,2.0965,1.6070981927878547,0,20
2_opaque_WW_VisionCrack3,1784092727,lsf_sigma,2.5,2.4334,1.6070981927878547,0,20
2_opaque_WW_VisionCrack3,1784092727,no_deconv,0.5,0.4762,1.409077390211691,0,20
2_opaque_WW_VisionCrack3,1784092727,no_deconv,0.55,0.6631,1.409077390211691,0,20
2_opaque_WW_VisionCrack3,1784092727,no_deconv,0.6,0.6607,1.409077390211691,0,20
2_opaque_WW_VisionCrack3,1784092727,no_deconv,0.65,0.6164,1.409077390211691,0,20
2_opaque_WW_VisionCrack3,1784092727,no_deconv,0.7,0.6599,1.409077390211691,0,20
2_opaque_WW_VisionCrack3,1784092727,no_deconv,0.75,0.4667,1.409077390211691,0,20
2_opaque_WW_VisionCrack3,1784092727,no_deconv,0.8,0.628,1.409077390211691,0,20
2_opaque_WW_VisionCrack3,1784092727,no_deconv,0.85,0.8474,1.409077390211691,0,20
2_opaque_WW_VisionCrack3,1784092727,no_deconv,0.9,0.8936,1.409077390211691,0,20
2_opaque_WW_VisionCrack3,1784092727,no_deconv,0.95,0.9517,1.409077390211691,0,20
2_opaque_WW_VisionCrack3,1784092727,no_deconv,1.0,1.0166,1.409077390211691,0,20
2_opaque_WW_VisionCrack3,1784092727,no_deconv,1.5,1.6366,1.409077390211691,0,20
2_opaque_WW_VisionCrack3,1784092727,no_deconv,2.0,2.0879,1.409077390211691,0,20
2_opaque_WW_VisionCrack3,1784092727,no_deconv,2.5,2.4176,1.409077390211691,0,20
2_opaque_WW_VisionCrack3,1784092727,rev3_window,0.5,1.0672,1.409077390211691,1,21
2_opaque_WW_VisionCrack3,1784092727,rev3_window,0.55,1.1317,1.409077390211691,1,21
2_opaque_WW_VisionCrack3,1784092727,rev3_window,0.6,0.3959,1.409077390211691,1,21
2_opaque_WW_VisionCrack3,1784092727,rev3_window,0.65,0.339,1.409077390211691,1,21
2_opaque_WW_VisionCrack3,1784092727,rev3_window,0.7,0.3776,1.409077390211691,1,21
2_opaque_WW_VisionCrack3,1784092727,rev3_window,0.75,0.7081,1.409077390211691,1,21
2_opaque_WW_VisionCrack3,1784092727,rev3_window,0.8,-0.0312,1.409077390211691,1,21
2_opaque_WW_VisionCrack3,1784092727,rev3_window,0.85,0.8536,1.409077390211691,1,21
2_opaque_WW_VisionCrack3,1784092727,rev3_window,0.9,0.8964,1.409077390211691,1,21
2_opaque_WW_VisionCrack3,1784092727,rev3_window,0.95,0.953,1.409077390211691,1,21
2_opaque_WW_VisionCrack3,1784092727,rev3_window,1.0,1.0292,1.409077390211691,1,21
2_opaque_WW_VisionCrack3,1784092727,rev3_window,1.5,1.6308,1.409077390211691,1,21
2_opaque_WW_VisionCrack3,1784092727,rev3_window,2.0,2.097,1.409077390211691,1,21
2_opaque_WW_VisionCrack3,1784092727,rev3_window,2.5,2.3767,1.409077390211691,1,21
2_opaque_WW_VisionCrack3,1784092727,margin1.0,0.5,0.422,1.409077390211691,0,20
2_opaque_WW_VisionCrack3,1784092727,margin1.0,0.55,0.6689,1.409077390211691,0,20
2_opaque_WW_VisionCrack3,1784092727,margin1.0,0.6,0.657,1.409077390211691,0,20
2_opaque_WW_VisionCrack3,1784092727,margin1.0,0.65,0.6239,1.409077390211691,0,20
2_opaque_WW_VisionCrack3,1784092727,margin1.0,0.7,0.6682,1.409077390211691,0,20
2_opaque_WW_VisionCrack3,1784092727,margin1.0,0.75,0.4516,1.409077390211691,0,20
2_opaque_WW_VisionCrack3,1784092727,margin1.0,0.8,0.6199,1.409077390211691,0,20
2_opaque_WW_VisionCrack3,1784092727,margin1.0,0.85,0.8561,1.409077390211691,0,20
2_opaque_WW_VisionCrack3,1784092727,margin1.0,0.9,0.8997,1.409077390211691,0,20
2_opaque_WW_VisionCrack3,1784092727,margin1.0,0.95,0.9536,1.409077390211691,0,20
2_opaque_WW_VisionCrack3,1784092727,margin1.0,1.0,1.0118,1.409077390211691,0,20
2_opaque_WW_VisionCrack3,1784092727,margin1.0,1.5,1.5967,1.409077390211691,0,20
2_opaque_WW_VisionCrack3,1784092727,margin1.0,2.0,2.0583,1.409077390211691,0,20
2_opaque_WW_VisionCrack3,1784092727,margin1.0,2.5,2.4127,1.409077390211691,0,20
2_opaque_WW_VisionCrack3,1784092727,margin2.0,0.5,0.4601,1.409077390211691,0,20
2_opaque_WW_VisionCrack3,1784092727,margin2.0,0.55,0.7382,1.409077390211691,0,20
2_opaque_WW_VisionCrack3,1784092727,margin2.0,0.6,0.6693,1.409077390211691,0,20
2_opaque_WW_VisionCrack3,1784092727,margin2.0,0.65,0.6215,1.409077390211691,0,20
2_opaque_WW_VisionCrack3,1784092727,margin2.0,0.7,0.6687,1.409077390211691,0,20
2_opaque_WW_VisionCrack3,1784092727,margin2.0,0.75,0.4743,1.409077390211691,0,20
2_opaque_WW_VisionCrack3,1784092727,margin2.0,0.8,0.6368,1.409077390211691,0,20
2_opaque_WW_VisionCrack3,1784092727,margin2.0,0.85,0.8606,1.409077390211691,0,20
2_opaque_WW_VisionCrack3,1784092727,margin2.0,0.9,0.9071,1.409077390211691,0,20
2_opaque_WW_VisionCrack3,1784092727,margin2.0,0.95,0.9673,1.409077390211691,0,20
2_opaque_WW_VisionCrack3,1784092727,margin2.0,1.0,1.0543,1.409077390211691,0,20
2_opaque_WW_VisionCrack3,1784092727,margin2.0,1.5,1.6566,1.409077390211691,0,20
2_opaque_WW_VisionCrack3,1784092727,margin2.0,2.0,2.0974,1.409077390211691,0,20
2_opaque_WW_VisionCrack3,1784092727,margin2.0,2.5,2.4504,1.409077390211691,0,20
2_opaque_WW_VisionCrack3,1784092727,smooth15,0.5,0.4456,1.409077390211691,0,20
2_opaque_WW_VisionCrack3,1784092727,smooth15,0.55,0.6658,1.409077390211691,0,20
2_opaque_WW_VisionCrack3,1784092727,smooth15,0.6,0.6681,1.409077390211691,0,20
2_opaque_WW_VisionCrack3,1784092727,smooth15,0.65,0.6253,1.409077390211691,0,20
2_opaque_WW_VisionCrack3,1784092727,smooth15,0.7,0.6683,1.409077390211691,0,20
2_opaque_WW_VisionCrack3,1784092727,smooth15,0.75,0.4686,1.409077390211691,0,20
2_opaque_WW_VisionCrack3,1784092727,smooth15,0.8,0.6236,1.409077390211691,0,20
2_opaque_WW_VisionCrack3,1784092727,smooth15,0.85,0.8538,1.409077390211691,0,20
2_opaque_WW_VisionCrack3,1784092727,smooth15,0.9,0.9004,1.409077390211691,0,20
2_opaque_WW_VisionCrack3,1784092727,smooth15,0.95,0.9546,1.409077390211691,0,20
2_opaque_WW_VisionCrack3,1784092727,smooth15,1.0,1.0208,1.409077390211691,0,20
2_opaque_WW_VisionCrack3,1784092727,smooth15,1.5,1.6207,1.409077390211691,0,20
2_opaque_WW_VisionCrack3,1784092727,smooth15,2.0,2.0769,1.409077390211691,0,20
2_opaque_WW_VisionCrack3,1784092727,smooth15,2.5,1.3804,1.409077390211691,0,20
2_opaque_WW_VisionCrack3,1784092727,smooth35,0.5,0.4591,1.409077390211691,0,20
2_opaque_WW_VisionCrack3,1784092727,smooth35,0.55,0.7154,1.409077390211691,0,20
2_opaque_WW_VisionCrack3,1784092727,smooth35,0.6,0.6854,1.409077390211691,0,20
2_opaque_WW_VisionCrack3,1784092727,smooth35,0.65,0.6202,1.409077390211691,0,20
2_opaque_WW_VisionCrack3,1784092727,smooth35,0.7,0.6675,1.409077390211691,0,20
2_opaque_WW_VisionCrack3,1784092727,smooth35,0.75,0.4719,1.409077390211691,0,20
2_opaque_WW_VisionCrack3,1784092727,smooth35,0.8,0.634,1.409077390211691,0,20
2_opaque_WW_VisionCrack3,1784092727,smooth35,0.85,0.8586,1.409077390211691,0,20
2_opaque_WW_VisionCrack3,1784092727,smooth35,0.9,0.9053,1.409077390211691,0,20
2_opaque_WW_VisionCrack3,1784092727,smooth35,0.95,0.9624,1.409077390211691,0,20
2_opaque_WW_VisionCrack3,1784092727,smooth35,1.0,1.0274,1.409077390211691,0,20
2_opaque_WW_VisionCrack3,1784092727,smooth35,1.5,1.6607,1.409077390211691,0,20
2_opaque_WW_VisionCrack3,1784092727,smooth35,2.0,2.0968,1.409077390211691,0,20
2_opaque_WW_VisionCrack3,1784092727,smooth35,2.5,2.4591,1.409077390211691,0,20
2_opaque_WW_VisionCrack3,1784092727,band0.60,0.5,0.477,1.409077390211691,0,20
2_opaque_WW_VisionCrack3,1784092727,band0.60,0.55,0.6705,1.409077390211691,0,20
2_opaque_WW_VisionCrack3,1784092727,band0.60,0.6,0.6681,1.409077390211691,0,20
2_opaque_WW_VisionCrack3,1784092727,band0.60,0.65,0.6227,1.409077390211691,0,20
2_opaque_WW_VisionCrack3,1784092727,band0.60,0.7,0.6673,1.409077390211691,0,20
2_opaque_WW_VisionCrack3,1784092727,band0.60,0.75,0.467,1.409077390211691,0,20
2_opaque_WW_VisionCrack3,1784092727,band0.60,0.8,0.6347,1.409077390211691,0,20
2_opaque_WW_VisionCrack3,1784092727,band0.60,0.85,0.8568,1.409077390211691,0,20
2_opaque_WW_VisionCrack3,1784092727,band0.60,0.9,0.9032,1.409077390211691,0,20
2_opaque_WW_VisionCrack3,1784092727,band0.60,0.95,0.9613,1.409077390211691,0,20
2_opaque_WW_VisionCrack3,1784092727,band0.60,1.0,1.026,1.409077390211691,0,20
2_opaque_WW_VisionCrack3,1784092727,band0.60,1.5,1.6403,1.409077390211691,0,20
2_opaque_WW_VisionCrack3,1784092727,band0.60,2.0,2.0849,1.409077390211691,0,20
2_opaque_WW_VisionCrack3,1784092727,band0.60,2.5,2.4091,1.409077390211691,0,20
2_opaque_WW_VisionCrack3,1784092727,win0.4,0.5,0.477,1.409077390211691,0,20
2_opaque_WW_VisionCrack3,1784092727,win0.4,0.55,0.6705,1.409077390211691,0,20
2_opaque_WW_VisionCrack3,1784092727,win0.4,0.6,0.6681,1.409077390211691,0,20
2_opaque_WW_VisionCrack3,1784092727,win0.4,0.65,0.6227,1.409077390211691,0,20
2_opaque_WW_VisionCrack3,1784092727,win0.4,0.7,0.6661,1.409077390211691,0,20
2_opaque_WW_VisionCrack3,1784092727,win0.4,0.75,0.467,1.409077390211691,0,20
2_opaque_WW_VisionCrack3,1784092727,win0.4,0.8,0.6347,1.409077390211691,0,20
2_opaque_WW_VisionCrack3,1784092727,win0.4,0.85,0.852,1.409077390211691,0,20
2_opaque_WW_VisionCrack3,1784092727,win0.4,0.9,0.8973,1.409077390211691,0,20
2_opaque_WW_VisionCrack3,1784092727,win0.4,0.95,0.9576,1.409077390211691,0,20
2_opaque_WW_VisionCrack3,1784092727,win0.4,1.0,1.0418,1.409077390211691,0,20
2_opaque_WW_VisionCrack3,1784092727,win0.4,1.5,1.6401,1.409077390211691,0,20
2_opaque_WW_VisionCrack3,1784092727,win0.4,2.0,2.0859,1.409077390211691,0,20
2_opaque_WW_VisionCrack3,1784092727,win0.4,2.5,2.4096,1.409077390211691,0,20
2_opaque_WW_VisionCrack3,1784092727,win0.8,0.5,0.8937,1.409077390211691,0,20
2_opaque_WW_VisionCrack3,1784092727,win0.8,0.55,0.8875,1.409077390211691,0,20
2_opaque_WW_VisionCrack3,1784092727,win0.8,0.6,0.846,1.409077390211691,0,20
2_opaque_WW_VisionCrack3,1784092727,win0.8,0.65,0.6183,1.409077390211691,0,20
2_opaque_WW_VisionCrack3,1784092727,win0.8,0.7,0.6681,1.409077390211691,0,20
2_opaque_WW_VisionCrack3,1784092727,win0.8,0.75,0.467,1.409077390211691,0,20
2_opaque_WW_VisionCrack3,1784092727,win0.8,0.8,0.6347,1.409077390211691,0,20
2_opaque_WW_VisionCrack3,1784092727,win0.8,0.85,0.8552,1.409077390211691,0,20
2_opaque_WW_VisionCrack3,1784092727,win0.8,0.9,0.8974,1.409077390211691,0,20
2_opaque_WW_VisionCrack3,1784092727,win0.8,0.95,0.9595,1.409077390211691,0,20
2_opaque_WW_VisionCrack3,1784092727,win0.8,1.0,1.0261,1.409077390211691,0,20
2_opaque_WW_VisionCrack3,1784092727,win0.8,1.5,1.6464,1.409077390211691,0,20
2_opaque_WW_VisionCrack3,1784092727,win0.8,2.0,2.0833,1.409077390211691,0,20
2_opaque_WW_VisionCrack3,1784092727,win0.8,2.5,2.3831,1.409077390211691,0,20
2_opaque_WW_VisionCrack3,1784092738,full,0.5,0.4669,1.272747619142812,0,21
2_opaque_WW_VisionCrack3,1784092738,full,0.55,0.5139,1.272747619142812,0,21
2_opaque_WW_VisionCrack3,1784092738,full,0.6,0.8737,1.272747619142812,0,21
2_opaque_WW_VisionCrack3,1784092738,full,0.65,0.4181,1.272747619142812,0,21
2_opaque_WW_VisionCrack3,1784092738,full,0.7,0.3176,1.272747619142812,0,21
2_opaque_WW_VisionCrack3,1784092738,full,0.75,0.3781,1.272747619142812,0,21
2_opaque_WW_VisionCrack3,1784092738,full,0.8,0.6656,1.272747619142812,0,21
2_opaque_WW_VisionCrack3,1784092738,full,0.85,0.8626,1.272747619142812,0,21
2_opaque_WW_VisionCrack3,1784092738,full,0.9,0.9072,1.272747619142812,0,21
2_opaque_WW_VisionCrack3,1784092738,full,0.95,0.9572,1.272747619142812,0,21
2_opaque_WW_VisionCrack3,1784092738,full,1.0,1.0243,1.272747619142812,0,21
2_opaque_WW_VisionCrack3,1784092738,full,1.5,1.6046,1.272747619142812,0,21
2_opaque_WW_VisionCrack3,1784092738,full,2.0,2.065,1.272747619142812,0,21
2_opaque_WW_VisionCrack3,1784092738,full,2.5,2.5463,1.272747619142812,0,21
2_opaque_WW_VisionCrack3,1784092738,no_masked_bg,0.5,0.4688,1.272747619142812,0,21
2_opaque_WW_VisionCrack3,1784092738,no_masked_bg,0.55,0.5111,1.272747619142812,0,21
2_opaque_WW_VisionCrack3,1784092738,no_masked_bg,0.6,0.9224,1.272747619142812,0,21
2_opaque_WW_VisionCrack3,1784092738,no_masked_bg,0.65,0.4745,1.272747619142812,0,21
2_opaque_WW_VisionCrack3,1784092738,no_masked_bg,0.7,0.3807,1.272747619142812,0,21
2_opaque_WW_VisionCrack3,1784092738,no_masked_bg,0.75,0.4072,1.272747619142812,0,21
2_opaque_WW_VisionCrack3,1784092738,no_masked_bg,0.8,0.6881,1.272747619142812,0,21
2_opaque_WW_VisionCrack3,1784092738,no_masked_bg,0.85,0.8929,1.272747619142812,0,21
2_opaque_WW_VisionCrack3,1784092738,no_masked_bg,0.9,0.9465,1.272747619142812,0,21
2_opaque_WW_VisionCrack3,1784092738,no_masked_bg,0.95,1.2462,1.272747619142812,0,21
2_opaque_WW_VisionCrack3,1784092738,no_masked_bg,1.0,1.2708,1.272747619142812,0,21
2_opaque_WW_VisionCrack3,1784092738,no_masked_bg,1.5,1.871,1.272747619142812,0,21
2_opaque_WW_VisionCrack3,1784092738,no_masked_bg,2.0,2.2964,1.272747619142812,0,21
2_opaque_WW_VisionCrack3,1784092738,no_masked_bg,2.5,2.7171,1.272747619142812,0,21
2_opaque_WW_VisionCrack3,1784092738,lsf_sigma,0.5,0.4551,1.5093745430689736,0,21
2_opaque_WW_VisionCrack3,1784092738,lsf_sigma,0.55,0.5036,1.5093745430689736,0,21
2_opaque_WW_VisionCrack3,1784092738,lsf_sigma,0.6,0.8763,1.5093745430689736,0,21
2_opaque_WW_VisionCrack3,1784092738,lsf_sigma,0.65,0.4068,1.5093745430689736,0,21
2_opaque_WW_VisionCrack3,1784092738,lsf_sigma,0.7,0.3145,1.5093745430689736,0,21
2_opaque_WW_VisionCrack3,1784092738,lsf_sigma,0.75,0.3627,1.5093745430689736,0,21
2_opaque_WW_VisionCrack3,1784092738,lsf_sigma,0.8,0.6479,1.5093745430689736,0,21
2_opaque_WW_VisionCrack3,1784092738,lsf_sigma,0.85,0.8602,1.5093745430689736,0,21
2_opaque_WW_VisionCrack3,1784092738,lsf_sigma,0.9,0.905,1.5093745430689736,0,21
2_opaque_WW_VisionCrack3,1784092738,lsf_sigma,0.95,0.9626,1.5093745430689736,0,21
2_opaque_WW_VisionCrack3,1784092738,lsf_sigma,1.0,1.0277,1.5093745430689736,0,21
2_opaque_WW_VisionCrack3,1784092738,lsf_sigma,1.5,1.6308,1.5093745430689736,0,21
2_opaque_WW_VisionCrack3,1784092738,lsf_sigma,2.0,2.0815,1.5093745430689736,0,21
2_opaque_WW_VisionCrack3,1784092738,lsf_sigma,2.5,2.5565,1.5093745430689736,0,21
2_opaque_WW_VisionCrack3,1784092738,no_deconv,0.5,0.4502,1.272747619142812,0,21
2_opaque_WW_VisionCrack3,1784092738,no_deconv,0.55,0.4957,1.272747619142812,0,21
2_opaque_WW_VisionCrack3,1784092738,no_deconv,0.6,0.8538,1.272747619142812,0,21
2_opaque_WW_VisionCrack3,1784092738,no_deconv,0.65,0.4034,1.272747619142812,0,21
2_opaque_WW_VisionCrack3,1784092738,no_deconv,0.7,0.3097,1.272747619142812,0,21
2_opaque_WW_VisionCrack3,1784092738,no_deconv,0.75,0.3656,1.272747619142812,0,21
2_opaque_WW_VisionCrack3,1784092738,no_deconv,0.8,0.6454,1.272747619142812,0,21
2_opaque_WW_VisionCrack3,1784092738,no_deconv,0.85,0.8426,1.272747619142812,0,21
2_opaque_WW_VisionCrack3,1784092738,no_deconv,0.9,0.8876,1.272747619142812,0,21
2_opaque_WW_VisionCrack3,1784092738,no_deconv,0.95,0.938,1.272747619142812,0,21
2_opaque_WW_VisionCrack3,1784092738,no_deconv,1.0,1.0059,1.272747619142812,0,21
2_opaque_WW_VisionCrack3,1784092738,no_deconv,1.5,1.596,1.272747619142812,0,21
2_opaque_WW_VisionCrack3,1784092738,no_deconv,2.0,2.0663,1.272747619142812,0,21
2_opaque_WW_VisionCrack3,1784092738,no_deconv,2.5,2.5585,1.272747619142812,0,21
2_opaque_WW_VisionCrack3,1784092738,rev3_window,0.5,1.1602,1.272747619142812,1,21
2_opaque_WW_VisionCrack3,1784092738,rev3_window,0.55,1.2393,1.272747619142812,1,21
2_opaque_WW_VisionCrack3,1784092738,rev3_window,0.6,0.2875,1.272747619142812,1,21
2_opaque_WW_VisionCrack3,1784092738,rev3_window,0.65,0.8034,1.272747619142812,1,21
2_opaque_WW_VisionCrack3,1784092738,rev3_window,0.7,0.286,1.272747619142812,1,21
2_opaque_WW_VisionCrack3,1784092738,rev3_window,0.75,0.3613,1.272747619142812,1,21
2_opaque_WW_VisionCrack3,1784092738,rev3_window,0.8,-0.0521,1.272747619142812,1,21
2_opaque_WW_VisionCrack3,1784092738,rev3_window,0.85,0.8564,1.272747619142812,1,21
2_opaque_WW_VisionCrack3,1784092738,rev3_window,0.9,0.8981,1.272747619142812,1,21
2_opaque_WW_VisionCrack3,1784092738,rev3_window,0.95,0.9531,1.272747619142812,1,21
2_opaque_WW_VisionCrack3,1784092738,rev3_window,1.0,1.0223,1.272747619142812,1,21
2_opaque_WW_VisionCrack3,1784092738,rev3_window,1.5,1.6282,1.272747619142812,1,21
2_opaque_WW_VisionCrack3,1784092738,rev3_window,2.0,2.0899,1.272747619142812,1,21
2_opaque_WW_VisionCrack3,1784092738,rev3_window,2.5,2.5361,1.272747619142812,1,21
2_opaque_WW_VisionCrack3,1784092738,margin1.0,0.5,0.4675,1.272747619142812,0,21
2_opaque_WW_VisionCrack3,1784092738,margin1.0,0.55,0.5179,1.272747619142812,0,21
2_opaque_WW_VisionCrack3,1784092738,margin1.0,0.6,0.8745,1.272747619142812,0,21
2_opaque_WW_VisionCrack3,1784092738,margin1.0,0.65,0.3902,1.272747619142812,0,21
2_opaque_WW_VisionCrack3,1784092738,margin1.0,0.7,0.3148,1.272747619142812,0,21
2_opaque_WW_VisionCrack3,1784092738,margin1.0,0.75,0.3434,1.272747619142812,0,21
2_opaque_WW_VisionCrack3,1784092738,margin1.0,0.8,0.6614,1.272747619142812,0,21
2_opaque_WW_VisionCrack3,1784092738,margin1.0,0.85,0.8626,1.272747619142812,0,21
2_opaque_WW_VisionCrack3,1784092738,margin1.0,0.9,0.9042,1.272747619142812,0,21
2_opaque_WW_VisionCrack3,1784092738,margin1.0,0.95,0.9542,1.272747619142812,0,21
2_opaque_WW_VisionCrack3,1784092738,margin1.0,1.0,1.0211,1.272747619142812,0,21
2_opaque_WW_VisionCrack3,1784092738,margin1.0,1.5,1.5788,1.272747619142812,0,21
2_opaque_WW_VisionCrack3,1784092738,margin1.0,2.0,2.0373,1.272747619142812,0,21
2_opaque_WW_VisionCrack3,1784092738,margin1.0,2.5,2.5395,1.272747619142812,0,21
2_opaque_WW_VisionCrack3,1784092738,margin2.0,0.5,0.4651,1.272747619142812,0,21
2_opaque_WW_VisionCrack3,1784092738,margin2.0,0.55,0.5135,1.272747619142812,0,21
2_opaque_WW_VisionCrack3,1784092738,margin2.0,0.6,0.8816,1.272747619142812,0,21
2_opaque_WW_VisionCrack3,1784092738,margin2.0,0.65,0.4393,1.272747619142812,0,21
2_opaque_WW_VisionCrack3,1784092738,margin2.0,0.7,0.3309,1.272747619142812,0,21
2_opaque_WW_VisionCrack3,1784092738,margin2.0,0.75,0.3965,1.272747619142812,0,21
2_opaque_WW_VisionCrack3,1784092738,margin2.0,0.8,0.6551,1.272747619142812,0,21
2_opaque_WW_VisionCrack3,1784092738,margin2.0,0.85,0.8648,1.272747619142812,0,21
2_opaque_WW_VisionCrack3,1784092738,margin2.0,0.9,0.9111,1.272747619142812,0,21
2_opaque_WW_VisionCrack3,1784092738,margin2.0,0.95,0.9678,1.272747619142812,0,21
2_opaque_WW_VisionCrack3,1784092738,margin2.0,1.0,1.0469,1.272747619142812,0,21
2_opaque_WW_VisionCrack3,1784092738,margin2.0,1.5,1.6536,1.272747619142812,0,21
2_opaque_WW_VisionCrack3,1784092738,margin2.0,2.0,2.0964,1.272747619142812,0,21
2_opaque_WW_VisionCrack3,1784092738,margin2.0,2.5,2.5533,1.272747619142812,0,21
2_opaque_WW_VisionCrack3,1784092738,smooth15,0.5,0.4694,1.272747619142812,0,21
2_opaque_WW_VisionCrack3,1784092738,smooth15,0.55,0.5209,1.272747619142812,0,21
2_opaque_WW_VisionCrack3,1784092738,smooth15,0.6,0.8647,1.272747619142812,0,21
2_opaque_WW_VisionCrack3,1784092738,smooth15,0.65,0.3765,1.272747619142812,0,21
2_opaque_WW_VisionCrack3,1784092738,smooth15,0.7,0.296,1.272747619142812,0,21
2_opaque_WW_VisionCrack3,1784092738,smooth15,0.75,0.3484,1.272747619142812,0,21
2_opaque_WW_VisionCrack3,1784092738,smooth15,0.8,0.6613,1.272747619142812,0,21
2_opaque_WW_VisionCrack3,1784092738,smooth15,0.85,0.8602,1.272747619142812,0,21
2_opaque_WW_VisionCrack3,1784092738,smooth15,0.9,0.9038,1.272747619142812,0,21
2_opaque_WW_VisionCrack3,1784092738,smooth15,0.95,0.9531,1.272747619142812,0,21
2_opaque_WW_VisionCrack3,1784092738,smooth15,1.0,1.0175,1.272747619142812,0,21
2_opaque_WW_VisionCrack3,1784092738,smooth15,1.5,1.5747,1.272747619142812,0,21
2_opaque_WW_VisionCrack3,1784092738,smooth15,2.0,2.0361,1.272747619142812,0,21
2_opaque_WW_VisionCrack3,1784092738,smooth15,2.5,2.5327,1.272747619142812,0,21
2_opaque_WW_VisionCrack3,1784092738,smooth35,0.5,0.464,1.272747619142812,0,21
2_opaque_WW_VisionCrack3,1784092738,smooth35,0.55,0.511,1.272747619142812,0,21
2_opaque_WW_VisionCrack3,1784092738,smooth35,0.6,0.8861,1.272747619142812,0,21
2_opaque_WW_VisionCrack3,1784092738,smooth35,0.65,0.4344,1.272747619142812,0,21
2_opaque_WW_VisionCrack3,1784092738,smooth35,0.7,0.3497,1.272747619142812,0,21
2_opaque_WW_VisionCrack3,1784092738,smooth35,0.75,0.3747,1.272747619142812,0,21
2_opaque_WW_VisionCrack3,1784092738,smooth35,0.8,0.6402,1.272747619142812,0,21
2_opaque_WW_VisionCrack3,1784092738,smooth35,0.85,0.8645,1.272747619142812,0,21
2_opaque_WW_VisionCrack3,1784092738,smooth35,0.9,0.9088,1.272747619142812,0,21
2_opaque_WW_VisionCrack3,1784092738,smooth35,0.95,0.96,1.272747619142812,0,21
2_opaque_WW_VisionCrack3,1784092738,smooth35,1.0,1.0271,1.272747619142812,0,21
2_opaque_WW_VisionCrack3,1784092738,smooth35,1.5,1.6353,1.272747619142812,0,21
2_opaque_WW_VisionCrack3,1784092738,smooth35,2.0,2.0851,1.272747619142812,0,21
2_opaque_WW_VisionCrack3,1784092738,smooth35,2.5,2.5532,1.272747619142812,0,21
2_opaque_WW_VisionCrack3,1784092738,band0.60,0.5,0.4669,1.272747619142812,0,21
2_opaque_WW_VisionCrack3,1784092738,band0.60,0.55,0.5139,1.272747619142812,0,21
2_opaque_WW_VisionCrack3,1784092738,band0.60,0.6,0.8737,1.272747619142812,0,21
2_opaque_WW_VisionCrack3,1784092738,band0.60,0.65,0.4181,1.272747619142812,0,21
2_opaque_WW_VisionCrack3,1784092738,band0.60,0.7,0.3176,1.272747619142812,0,21
2_opaque_WW_VisionCrack3,1784092738,band0.60,0.75,0.3781,1.272747619142812,0,21
2_opaque_WW_VisionCrack3,1784092738,band0.60,0.8,0.6656,1.272747619142812,0,21
2_opaque_WW_VisionCrack3,1784092738,band0.60,0.85,0.8626,1.272747619142812,0,21
2_opaque_WW_VisionCrack3,1784092738,band0.60,0.9,0.9072,1.272747619142812,0,21
2_opaque_WW_VisionCrack3,1784092738,band0.60,0.95,0.9572,1.272747619142812,0,21
2_opaque_WW_VisionCrack3,1784092738,band0.60,1.0,1.0243,1.272747619142812,0,21
2_opaque_WW_VisionCrack3,1784092738,band0.60,1.5,1.6046,1.272747619142812,0,21
2_opaque_WW_VisionCrack3,1784092738,band0.60,2.0,2.065,1.272747619142812,0,21
2_opaque_WW_VisionCrack3,1784092738,band0.60,2.5,2.5463,1.272747619142812,0,21
2_opaque_WW_VisionCrack3,1784092738,win0.4,0.5,0.4669,1.272747619142812,0,21
2_opaque_WW_VisionCrack3,1784092738,win0.4,0.55,0.5139,1.272747619142812,0,21
2_opaque_WW_VisionCrack3,1784092738,win0.4,0.6,0.8259,1.272747619142812,0,21
2_opaque_WW_VisionCrack3,1784092738,win0.4,0.65,0.4181,1.272747619142812,0,21
2_opaque_WW_VisionCrack3,1784092738,win0.4,0.7,0.3176,1.272747619142812,0,21
2_opaque_WW_VisionCrack3,1784092738,win0.4,0.75,0.3781,1.272747619142812,0,21
2_opaque_WW_VisionCrack3,1784092738,win0.4,0.8,0.6656,1.272747619142812,0,21
2_opaque_WW_VisionCrack3,1784092738,win0.4,0.85,0.8589,1.272747619142812,0,21
2_opaque_WW_VisionCrack3,1784092738,win0.4,0.9,0.8967,1.272747619142812,0,21
2_opaque_WW_VisionCrack3,1784092738,win0.4,0.95,0.9566,1.272747619142812,0,21
2_opaque_WW_VisionCrack3,1784092738,win0.4,1.0,1.0324,1.272747619142812,0,21
2_opaque_WW_VisionCrack3,1784092738,win0.4,1.5,1.6102,1.272747619142812,0,21
2_opaque_WW_VisionCrack3,1784092738,win0.4,2.0,2.078,1.272747619142812,0,21
2_opaque_WW_VisionCrack3,1784092738,win0.4,2.5,2.5515,1.272747619142812,0,21
2_opaque_WW_VisionCrack3,1784092738,win0.8,0.5,0.4664,1.272747619142812,0,21
2_opaque_WW_VisionCrack3,1784092738,win0.8,0.55,0.5191,1.272747619142812,0,21
2_opaque_WW_VisionCrack3,1784092738,win0.8,0.6,1.0741,1.272747619142812,0,21
2_opaque_WW_VisionCrack3,1784092738,win0.8,0.65,0.4181,1.272747619142812,0,21
2_opaque_WW_VisionCrack3,1784092738,win0.8,0.7,0.3176,1.272747619142812,0,21
2_opaque_WW_VisionCrack3,1784092738,win0.8,0.75,0.3781,1.272747619142812,0,21
2_opaque_WW_VisionCrack3,1784092738,win0.8,0.8,0.6656,1.272747619142812,0,21
2_opaque_WW_VisionCrack3,1784092738,win0.8,0.85,0.8594,1.272747619142812,0,21
2_opaque_WW_VisionCrack3,1784092738,win0.8,0.9,0.9005,1.272747619142812,0,21
2_opaque_WW_VisionCrack3,1784092738,win0.8,0.95,0.9526,1.272747619142812,0,21
2_opaque_WW_VisionCrack3,1784092738,win0.8,1.0,1.0272,1.272747619142812,0,21
2_opaque_WW_VisionCrack3,1784092738,win0.8,1.5,1.599,1.272747619142812,0,21
2_opaque_WW_VisionCrack3,1784092738,win0.8,2.0,2.0707,1.272747619142812,0,21
2_opaque_WW_VisionCrack3,1784092738,win0.8,2.5,2.5462,1.272747619142812,0,21
2_opaque_WW_VisionCrack3,1784092750,full,0.5,0.7501,1.4337382436625892,0,20
2_opaque_WW_VisionCrack3,1784092750,full,0.55,0.5489,1.4337382436625892,0,20
2_opaque_WW_VisionCrack3,1784092750,full,0.6,0.9243,1.4337382436625892,0,20
2_opaque_WW_VisionCrack3,1784092750,full,0.65,0.6203,1.4337382436625892,0,20
2_opaque_WW_VisionCrack3,1784092750,full,0.7,0.6596,1.4337382436625892,0,20
2_opaque_WW_VisionCrack3,1784092750,full,0.75,0.518,1.4337382436625892,0,20
2_opaque_WW_VisionCrack3,1784092750,full,0.8,0.6262,1.4337382436625892,0,20
2_opaque_WW_VisionCrack3,1784092750,full,0.85,0.8625,1.4337382436625892,0,20
2_opaque_WW_VisionCrack3,1784092750,full,0.9,0.9029,1.4337382436625892,0,20
2_opaque_WW_VisionCrack3,1784092750,full,0.95,0.98,1.4337382436625892,0,20
2_opaque_WW_VisionCrack3,1784092750,full,1.0,1.0487,1.4337382436625892,0,20
2_opaque_WW_VisionCrack3,1784092750,full,1.5,1.6704,1.4337382436625892,0,20
2_opaque_WW_VisionCrack3,1784092750,full,2.0,2.1234,1.4337382436625892,0,20
2_opaque_WW_VisionCrack3,1784092750,full,2.5,2.5278,1.4337382436625892,0,20
2_opaque_WW_VisionCrack3,1784092750,no_masked_bg,0.5,0.8272,1.4337382436625892,0,20
2_opaque_WW_VisionCrack3,1784092750,no_masked_bg,0.55,0.6154,1.4337382436625892,0,20
2_opaque_WW_VisionCrack3,1784092750,no_masked_bg,0.6,0.9273,1.4337382436625892,0,20
2_opaque_WW_VisionCrack3,1784092750,no_masked_bg,0.65,0.6235,1.4337382436625892,0,20
2_opaque_WW_VisionCrack3,1784092750,no_masked_bg,0.7,0.6644,1.4337382436625892,0,20
2_opaque_WW_VisionCrack3,1784092750,no_masked_bg,0.75,0.5391,1.4337382436625892,0,20
2_opaque_WW_VisionCrack3,1784092750,no_masked_bg,0.8,0.6442,1.4337382436625892,0,20
2_opaque_WW_VisionCrack3,1784092750,no_masked_bg,0.85,0.8977,1.4337382436625892,0,20
2_opaque_WW_VisionCrack3,1784092750,no_masked_bg,0.9,0.9428,1.4337382436625892,0,20
2_opaque_WW_VisionCrack3,1784092750,no_masked_bg,0.95,1.3034,1.4337382436625892,0,20
2_opaque_WW_VisionCrack3,1784092750,no_masked_bg,1.0,1.2326,1.4337382436625892,0,20
2_opaque_WW_VisionCrack3,1784092750,no_masked_bg,1.5,1.9071,1.4337382436625892,0,20
2_opaque_WW_VisionCrack3,1784092750,no_masked_bg,2.0,2.3281,1.4337382436625892,0,20
2_opaque_WW_VisionCrack3,1784092750,no_masked_bg,2.5,2.5609,1.4337382436625892,0,20
2_opaque_WW_VisionCrack3,1784092750,lsf_sigma,0.5,0.7481,1.707642520466487,1,20
2_opaque_WW_VisionCrack3,1784092750,lsf_sigma,0.55,0.5517,1.707642520466487,1,20
2_opaque_WW_VisionCrack3,1784092750,lsf_sigma,0.6,0.9265,1.707642520466487,1,20
2_opaque_WW_VisionCrack3,1784092750,lsf_sigma,0.65,0.6086,1.707642520466487,1,20
2_opaque_WW_VisionCrack3,1784092750,lsf_sigma,0.7,0.6485,1.707642520466487,1,20
2_opaque_WW_VisionCrack3,1784092750,lsf_sigma,0.75,0.5051,1.707642520466487,1,20
2_opaque_WW_VisionCrack3,1784092750,lsf_sigma,0.8,0.6209,1.707642520466487,1,20
2_opaque_WW_VisionCrack3,1784092750,lsf_sigma,0.85,0.8567,1.707642520466487,1,20
2_opaque_WW_VisionCrack3,1784092750,lsf_sigma,0.9,0.8986,1.707642520466487,1,20
2_opaque_WW_VisionCrack3,1784092750,lsf_sigma,0.95,0.9777,1.707642520466487,1,20
2_opaque_WW_VisionCrack3,1784092750,lsf_sigma,1.0,1.0667,1.707642520466487,1,20
2_opaque_WW_VisionCrack3,1784092750,lsf_sigma,1.5,1.6799,1.707642520466487,1,20
2_opaque_WW_VisionCrack3,1784092750,lsf_sigma,2.0,2.1376,1.707642520466487,1,20
2_opaque_WW_VisionCrack3,1784092750,lsf_sigma,2.5,2.5692,1.707642520466487,1,20
2_opaque_WW_VisionCrack3,1784092750,no_deconv,0.5,0.7375,1.4337382436625892,0,20
2_opaque_WW_VisionCrack3,1784092750,no_deconv,0.55,0.5409,1.4337382436625892,0,20
2_opaque_WW_VisionCrack3,1784092750,no_deconv,0.6,0.9108,1.4337382436625892,0,20
2_opaque_WW_VisionCrack3,1784092750,no_deconv,0.65,0.61,1.4337382436625892,0,20
2_opaque_WW_VisionCrack3,1784092750,no_deconv,0.7,0.6484,1.4337382436625892,0,20
2_opaque_WW_VisionCrack3,1784092750,no_deconv,0.75,0.5112,1.4337382436625892,0,20
2_opaque_WW_VisionCrack3,1784092750,no_deconv,0.8,0.6158,1.4337382436625892,0,20
2_opaque_WW_VisionCrack3,1784092750,no_deconv,0.85,0.8491,1.4337382436625892,0,20
2_opaque_WW_VisionCrack3,1784092750,no_deconv,0.9,0.8894,1.4337382436625892,0,20
2_opaque_WW_VisionCrack3,1784092750,no_deconv,0.95,0.9665,1.4337382436625892,0,20
2_opaque_WW_VisionCrack3,1784092750,no_deconv,1.0,1.0354,1.4337382436625892,0,20
2_opaque_WW_VisionCrack3,1784092750,no_deconv,1.5,1.6641,1.4337382436625892,0,20
2_opaque_WW_VisionCrack3,1784092750,no_deconv,2.0,2.1248,1.4337382436625892,0,20
2_opaque_WW_VisionCrack3,1784092750,no_deconv,2.5,2.5368,1.4337382436625892,0,20
2_opaque_WW_VisionCrack3,1784092750,rev3_window,0.5,1.2445,1.4337382436625892,2,21
2_opaque_WW_VisionCrack3,1784092750,rev3_window,0.55,1.2692,1.4337382436625892,2,21
2_opaque_WW_VisionCrack3,1784092750,rev3_window,0.6,-0.0326,1.4337382436625892,2,21
2_opaque_WW_VisionCrack3,1784092750,rev3_window,0.65,0.6879,1.4337382436625892,2,21
2_opaque_WW_VisionCrack3,1784092750,rev3_window,0.7,0.3465,1.4337382436625892,2,21
2_opaque_WW_VisionCrack3,1784092750,rev3_window,0.75,0.8466,1.4337382436625892,2,21
2_opaque_WW_VisionCrack3,1784092750,rev3_window,0.8,-0.0421,1.4337382436625892,2,21
2_opaque_WW_VisionCrack3,1784092750,rev3_window,0.85,0.8558,1.4337382436625892,2,21
2_opaque_WW_VisionCrack3,1784092750,rev3_window,0.9,0.895,1.4337382436625892,2,21
2_opaque_WW_VisionCrack3,1784092750,rev3_window,0.95,0.9758,1.4337382436625892,2,21
2_opaque_WW_VisionCrack3,1784092750,rev3_window,1.0,1.0405,1.4337382436625892,2,21
2_opaque_WW_VisionCrack3,1784092750,rev3_window,1.5,1.6659,1.4337382436625892,2,21
2_opaque_WW_VisionCrack3,1784092750,rev3_window,2.0,2.1219,1.4337382436625892,2,21
2_opaque_WW_VisionCrack3,1784092750,rev3_window,2.5,2.5303,1.4337382436625892,2,21
2_opaque_WW_VisionCrack3,1784092750,margin1.0,0.5,0.7315,1.4337382436625892,0,20
2_opaque_WW_VisionCrack3,1784092750,margin1.0,0.55,0.5424,1.4337382436625892,0,20
2_opaque_WW_VisionCrack3,1784092750,margin1.0,0.6,0.9071,1.4337382436625892,0,20
2_opaque_WW_VisionCrack3,1784092750,margin1.0,0.65,0.6216,1.4337382436625892,0,20
2_opaque_WW_VisionCrack3,1784092750,margin1.0,0.7,0.6611,1.4337382436625892,0,20
2_opaque_WW_VisionCrack3,1784092750,margin1.0,0.75,0.5183,1.4337382436625892,0,20
2_opaque_WW_VisionCrack3,1784092750,margin1.0,0.8,0.6238,1.4337382436625892,0,20
2_opaque_WW_VisionCrack3,1784092750,margin1.0,0.85,0.8582,1.4337382436625892,0,20
2_opaque_WW_VisionCrack3,1784092750,margin1.0,0.9,0.8972,1.4337382436625892,0,20
2_opaque_WW_VisionCrack3,1784092750,margin1.0,0.95,0.9676,1.4337382436625892,0,20
2_opaque_WW_VisionCrack3,1784092750,margin1.0,1.0,1.0298,1.4337382436625892,0,20
2_opaque_WW_VisionCrack3,1784092750,margin1.0,1.5,1.6337,1.4337382436625892,0,20
2_opaque_WW_VisionCrack3,1784092750,margin1.0,2.0,2.0978,1.4337382436625892,0,20
2_opaque_WW_VisionCrack3,1784092750,margin1.0,2.5,2.4897,1.4337382436625892,0,20
2_opaque_WW_VisionCrack3,1784092750,margin2.0,0.5,0.7697,1.4337382436625892,0,20
2_opaque_WW_VisionCrack3,1784092750,margin2.0,0.55,0.5541,1.4337382436625892,0,20
2_opaque_WW_VisionCrack3,1784092750,margin2.0,0.6,0.9282,1.4337382436625892,0,20
2_opaque_WW_VisionCrack3,1784092750,margin2.0,0.65,0.6197,1.4337382436625892,0,20
2_opaque_WW_VisionCrack3,1784092750,margin2.0,0.7,0.6619,1.4337382436625892,0,20
2_opaque_WW_VisionCrack3,1784092750,margin2.0,0.75,0.5194,1.4337382436625892,0,20
2_opaque_WW_VisionCrack3,1784092750,margin2.0,0.8,0.6339,1.4337382436625892,0,20
2_opaque_WW_VisionCrack3,1784092750,margin2.0,0.85,0.8647,1.4337382436625892,0,20
2_opaque_WW_VisionCrack3,1784092750,margin2.0,0.9,0.9072,1.4337382436625892,0,20
2_opaque_WW_VisionCrack3,1784092750,margin2.0,0.95,0.9873,1.4337382436625892,0,20
2_opaque_WW_VisionCrack3,1784092750,margin2.0,1.0,1.0881,1.4337382436625892,0,20
2_opaque_WW_VisionCrack3,1784092750,margin2.0,1.5,1.6757,1.4337382436625892,0,20
2_opaque_WW_VisionCrack3,1784092750,margin2.0,2.0,2.1441,1.4337382436625892,0,20
2_opaque_WW_VisionCrack3,1784092750,margin2.0,2.5,2.5755,1.4337382436625892,0,20
2_opaque_WW_VisionCrack3,1784092750,smooth15,0.5,0.692,1.4337382436625892,0,20
2_opaque_WW_VisionCrack3,1784092750,smooth15,0.55,0.5326,1.4337382436625892,0,20
2_opaque_WW_VisionCrack3,1784092750,smooth15,0.6,0.9152,1.4337382436625892,0,20
2_opaque_WW_VisionCrack3,1784092750,smooth15,0.65,0.6231,1.4337382436625892,0,20
2_opaque_WW_VisionCrack3,1784092750,smooth15,0.7,0.6607,1.4337382436625892,0,20
2_opaque_WW_VisionCrack3,1784092750,smooth15,0.75,0.5227,1.4337382436625892,0,20
2_opaque_WW_VisionCrack3,1784092750,smooth15,0.8,0.6272,1.4337382436625892,0,20
2_opaque_WW_VisionCrack3,1784092750,smooth15,0.85,0.8583,1.4337382436625892,0,20
2_opaque_WW_VisionCrack3,1784092750,smooth15,0.9,0.8994,1.4337382436625892,0,20
2_opaque_WW_VisionCrack3,1784092750,smooth15,0.95,0.9769,1.4337382436625892,0,20
2_opaque_WW_VisionCrack3,1784092750,smooth15,1.0,1.0415,1.4337382436625892,0,20
2_opaque_WW_VisionCrack3,1784092750,smooth15,1.5,1.6549,1.4337382436625892,0,20
2_opaque_WW_VisionCrack3,1784092750,smooth15,2.0,2.1069,1.4337382436625892,0,20
2_opaque_WW_VisionCrack3,1784092750,smooth15,2.5,2.4971,1.4337382436625892,0,20
2_opaque_WW_VisionCrack3,1784092750,smooth35,0.5,0.7401,1.4337382436625892,0,20
2_opaque_WW_VisionCrack3,1784092750,smooth35,0.55,0.5665,1.4337382436625892,0,20
2_opaque_WW_VisionCrack3,1784092750,smooth35,0.6,0.9274,1.4337382436625892,0,20
2_opaque_WW_VisionCrack3,1784092750,smooth35,0.65,0.6185,1.4337382436625892,0,20
2_opaque_WW_VisionCrack3,1784092750,smooth35,0.7,0.6588,1.4337382436625892,0,20
2_opaque_WW_VisionCrack3,1784092750,smooth35,0.75,0.5117,1.4337382436625892,0,20
2_opaque_WW_VisionCrack3,1784092750,smooth35,0.8,0.6229,1.4337382436625892,0,20
2_opaque_WW_VisionCrack3,1784092750,smooth35,0.85,0.8636,1.4337382436625892,0,20
2_opaque_WW_VisionCrack3,1784092750,smooth35,0.9,0.9044,1.4337382436625892,0,20
2_opaque_WW_VisionCrack3,1784092750,smooth35,0.95,0.9806,1.4337382436625892,0,20
2_opaque_WW_VisionCrack3,1784092750,smooth35,1.0,1.0567,1.4337382436625892,0,20
2_opaque_WW_VisionCrack3,1784092750,smooth35,1.5,1.681,1.4337382436625892,0,20
2_opaque_WW_VisionCrack3,1784092750,smooth35,2.0,2.1424,1.4337382436625892,0,20
2_opaque_WW_VisionCrack3,1784092750,smooth35,2.5,2.5623,1.4337382436625892,0,20
2_opaque_WW_VisionCrack3,1784092750,band0.60,0.5,0.7501,1.4337382436625892,0,20
2_opaque_WW_VisionCrack3,1784092750,band0.60,0.55,0.5489,1.4337382436625892,0,20
2_opaque_WW_VisionCrack3,1784092750,band0.60,0.6,0.9243,1.4337382436625892,0,20
2_opaque_WW_VisionCrack3,1784092750,band0.60,0.65,0.6203,1.4337382436625892,0,20
2_opaque_WW_VisionCrack3,1784092750,band0.60,0.7,0.6596,1.4337382436625892,0,20
2_opaque_WW_VisionCrack3,1784092750,band0.60,0.75,0.518,1.4337382436625892,0,20
2_opaque_WW_VisionCrack3,1784092750,band0.60,0.8,0.6262,1.4337382436625892,0,20
2_opaque_WW_VisionCrack3,1784092750,band0.60,0.85,0.8625,1.4337382436625892,0,20
2_opaque_WW_VisionCrack3,1784092750,band0.60,0.9,0.9029,1.4337382436625892,0,20
2_opaque_WW_VisionCrack3,1784092750,band0.60,0.95,0.98,1.4337382436625892,0,20
2_opaque_WW_VisionCrack3,1784092750,band0.60,1.0,1.0487,1.4337382436625892,0,20
2_opaque_WW_VisionCrack3,1784092750,band0.60,1.5,1.6704,1.4337382436625892,0,20
2_opaque_WW_VisionCrack3,1784092750,band0.60,2.0,2.1234,1.4337382436625892,0,20
2_opaque_WW_VisionCrack3,1784092750,band0.60,2.5,2.5278,1.4337382436625892,0,20
2_opaque_WW_VisionCrack3,1784092750,win0.4,0.5,0.6066,1.4337382436625892,0,20
2_opaque_WW_VisionCrack3,1784092750,win0.4,0.55,0.5489,1.4337382436625892,0,20
2_opaque_WW_VisionCrack3,1784092750,win0.4,0.6,0.8533,1.4337382436625892,0,20
2_opaque_WW_VisionCrack3,1784092750,win0.4,0.65,0.6226,1.4337382436625892,0,20
2_opaque_WW_VisionCrack3,1784092750,win0.4,0.7,0.6618,1.4337382436625892,0,20
2_opaque_WW_VisionCrack3,1784092750,win0.4,0.75,0.518,1.4337382436625892,0,20
2_opaque_WW_VisionCrack3,1784092750,win0.4,0.8,0.6262,1.4337382436625892,0,20
2_opaque_WW_VisionCrack3,1784092750,win0.4,0.85,0.8562,1.4337382436625892,0,20
2_opaque_WW_VisionCrack3,1784092750,win0.4,0.9,0.8981,1.4337382436625892,0,20
2_opaque_WW_VisionCrack3,1784092750,win0.4,0.95,0.9804,1.4337382436625892,0,20
2_opaque_WW_VisionCrack3,1784092750,win0.4,1.0,1.0677,1.4337382436625892,0,20
2_opaque_WW_VisionCrack3,1784092750,win0.4,1.5,1.6633,1.4337382436625892,0,20
2_opaque_WW_VisionCrack3,1784092750,win0.4,2.0,2.117,1.4337382436625892,0,20
2_opaque_WW_VisionCrack3,1784092750,win0.4,2.5,2.5399,1.4337382436625892,0,20
2_opaque_WW_VisionCrack3,1784092750,win0.8,0.5,1.0912,1.4337382436625892,1,20
2_opaque_WW_VisionCrack3,1784092750,win0.8,0.55,0.8325,1.4337382436625892,1,20
2_opaque_WW_VisionCrack3,1784092750,win0.8,0.6,1.0721,1.4337382436625892,1,20
2_opaque_WW_VisionCrack3,1784092750,win0.8,0.65,0.6192,1.4337382436625892,1,20
2_opaque_WW_VisionCrack3,1784092750,win0.8,0.7,0.6599,1.4337382436625892,1,20
2_opaque_WW_VisionCrack3,1784092750,win0.8,0.75,0.518,1.4337382436625892,1,20
2_opaque_WW_VisionCrack3,1784092750,win0.8,0.8,-0.0421,1.4337382436625892,1,20
2_opaque_WW_VisionCrack3,1784092750,win0.8,0.85,0.8608,1.4337382436625892,1,20
2_opaque_WW_VisionCrack3,1784092750,win0.8,0.9,0.8949,1.4337382436625892,1,20
2_opaque_WW_VisionCrack3,1784092750,win0.8,0.95,0.9796,1.4337382436625892,1,20
2_opaque_WW_VisionCrack3,1784092750,win0.8,1.0,1.0469,1.4337382436625892,1,20
2_opaque_WW_VisionCrack3,1784092750,win0.8,1.5,1.6764,1.4337382436625892,1,20
2_opaque_WW_VisionCrack3,1784092750,win0.8,2.0,2.1255,1.4337382436625892,1,20
2_opaque_WW_VisionCrack3,1784092750,win0.8,2.5,2.5316,1.4337382436625892,1,20
2_opaque_WW_VisionCrack3,1784092763,full,0.5,0.7181,1.3437729925154773,0,21
2_opaque_WW_VisionCrack3,1784092763,full,0.55,0.6448,1.3437729925154773,0,21
2_opaque_WW_VisionCrack3,1784092763,full,0.6,0.9969,1.3437729925154773,0,21
2_opaque_WW_VisionCrack3,1784092763,full,0.65,0.4123,1.3437729925154773,0,21
2_opaque_WW_VisionCrack3,1784092763,full,0.7,0.3857,1.3437729925154773,0,21
2_opaque_WW_VisionCrack3,1784092763,full,0.75,0.4302,1.3437729925154773,0,21
2_opaque_WW_VisionCrack3,1784092763,full,0.8,0.575,1.3437729925154773,0,21
2_opaque_WW_VisionCrack3,1784092763,full,0.85,0.8585,1.3437729925154773,0,21
2_opaque_WW_VisionCrack3,1784092763,full,0.9,0.9096,1.3437729925154773,0,21
2_opaque_WW_VisionCrack3,1784092763,full,0.95,0.9766,1.3437729925154773,0,21
2_opaque_WW_VisionCrack3,1784092763,full,1.0,1.0337,1.3437729925154773,0,21
2_opaque_WW_VisionCrack3,1784092763,full,1.5,1.6727,1.3437729925154773,0,21
2_opaque_WW_VisionCrack3,1784092763,full,2.0,2.0884,1.3437729925154773,0,21
2_opaque_WW_VisionCrack3,1784092763,full,2.5,2.5532,1.3437729925154773,0,21
2_opaque_WW_VisionCrack3,1784092763,no_masked_bg,0.5,0.7291,1.3437729925154773,0,21
2_opaque_WW_VisionCrack3,1784092763,no_masked_bg,0.55,0.6279,1.3437729925154773,0,21
2_opaque_WW_VisionCrack3,1784092763,no_masked_bg,0.6,1.0102,1.3437729925154773,0,21
2_opaque_WW_VisionCrack3,1784092763,no_masked_bg,0.65,0.4671,1.3437729925154773,0,21
2_opaque_WW_VisionCrack3,1784092763,no_masked_bg,0.7,0.4582,1.3437729925154773,0,21
2_opaque_WW_VisionCrack3,1784092763,no_masked_bg,0.75,0.4554,1.3437729925154773,0,21
2_opaque_WW_VisionCrack3,1784092763,no_masked_bg,0.8,0.5847,1.3437729925154773,0,21
2_opaque_WW_VisionCrack3,1784092763,no_masked_bg,0.85,0.8958,1.3437729925154773,0,21
2_opaque_WW_VisionCrack3,1784092763,no_masked_bg,0.9,0.9431,1.3437729925154773,0,21
2_opaque_WW_VisionCrack3,1784092763,no_masked_bg,0.95,1.1011,1.3437729925154773,0,21
2_opaque_WW_VisionCrack3,1784092763,no_masked_bg,1.0,1.2314,1.3437729925154773,0,21
2_opaque_WW_VisionCrack3,1784092763,no_masked_bg,1.5,1.882,1.3437729925154773,0,21
2_opaque_WW_VisionCrack3,1784092763,no_masked_bg,2.0,2.3075,1.3437729925154773,0,21
2_opaque_WW_VisionCrack3,1784092763,no_masked_bg,2.5,2.6053,1.3437729925154773,0,21
2_opaque_WW_VisionCrack3,1784092763,lsf_sigma,0.5,0.7083,1.6442091171811497,0,21
2_opaque_WW_VisionCrack3,1784092763,lsf_sigma,0.55,0.6274,1.6442091171811497,0,21
2_opaque_WW_VisionCrack3,1784092763,lsf_sigma,0.6,0.9887,1.6442091171811497,0,21
2_opaque_WW_VisionCrack3,1784092763,lsf_sigma,0.65,0.4102,1.6442091171811497,0,21
2_opaque_WW_VisionCrack3,1784092763,lsf_sigma,0.7,0.4154,1.6442091171811497,0,21
2_opaque_WW_VisionCrack3,1784092763,lsf_sigma,0.75,0.4289,1.6442091171811497,0,21
2_opaque_WW_VisionCrack3,1784092763,lsf_sigma,0.8,0.5622,1.6442091171811497,0,21
2_opaque_WW_VisionCrack3,1784092763,lsf_sigma,0.85,0.8527,1.6442091171811497,0,21
2_opaque_WW_VisionCrack3,1784092763,lsf_sigma,0.9,0.9036,1.6442091171811497,0,21
2_opaque_WW_VisionCrack3,1784092763,lsf_sigma,0.95,0.9713,1.6442091171811497,0,21
2_opaque_WW_VisionCrack3,1784092763,lsf_sigma,1.0,1.0409,1.6442091171811497,0,21
2_opaque_WW_VisionCrack3,1784092763,lsf_sigma,1.5,1.6869,1.6442091171811497,0,21
2_opaque_WW_VisionCrack3,1784092763,lsf_sigma,2.0,2.0967,1.6442091171811497,0,21
2_opaque_WW_VisionCrack3,1784092763,lsf_sigma,2.5,2.5658,1.6442091171811497,0,21
2_opaque_WW_VisionCrack3,1784092763,no_deconv,0.5,0.6976,1.3437729925154773,0,21
2_opaque_WW_VisionCrack3,1784092763,no_deconv,0.55,0.6249,1.3437729925154773,0,21
2_opaque_WW_VisionCrack3,1784092763,no_deconv,0.6,0.9775,1.3437729925154773,0,21
2_opaque_WW_VisionCrack3,1784092763,no_deconv,0.65,0.3997,1.3437729925154773,0,21
2_opaque_WW_VisionCrack3,1784092763,no_deconv,0.7,0.3748,1.3437729925154773,0,21
2_opaque_WW_VisionCrack3,1784092763,no_deconv,0.75,0.4166,1.3437729925154773,0,21
2_opaque_WW_VisionCrack3,1784092763,no_deconv,0.8,0.5563,1.3437729925154773,0,21
2_opaque_WW_VisionCrack3,1784092763,no_deconv,0.85,0.8381,1.3437729925154773,0,21
2_opaque_WW_VisionCrack3,1784092763,no_deconv,0.9,0.8895,1.3437729925154773,0,21
2_opaque_WW_VisionCrack3,1784092763,no_deconv,0.95,0.9571,1.3437729925154773,0,21
2_opaque_WW_VisionCrack3,1784092763,no_deconv,1.0,1.0148,1.3437729925154773,0,21
2_opaque_WW_VisionCrack3,1784092763,no_deconv,1.5,1.6646,1.3437729925154773,0,21
2_opaque_WW_VisionCrack3,1784092763,no_deconv,2.0,2.0894,1.3437729925154773,0,21
2_opaque_WW_VisionCrack3,1784092763,no_deconv,2.5,2.5651,1.3437729925154773,0,21
2_opaque_WW_VisionCrack3,1784092763,rev3_window,0.5,1.1926,1.3437729925154773,0,21
2_opaque_WW_VisionCrack3,1784092763,rev3_window,0.55,1.2707,1.3437729925154773,0,21
2_opaque_WW_VisionCrack3,1784092763,rev3_window,0.6,0.5594,1.3437729925154773,0,21
2_opaque_WW_VisionCrack3,1784092763,rev3_window,0.65,0.6516,1.3437729925154773,0,21
2_opaque_WW_VisionCrack3,1784092763,rev3_window,0.7,0.3933,1.3437729925154773,0,21
2_opaque_WW_VisionCrack3,1784092763,rev3_window,0.75,0.4543,1.3437729925154773,0,21
2_opaque_WW_VisionCrack3,1784092763,rev3_window,0.8,0.5522,1.3437729925154773,0,21
2_opaque_WW_VisionCrack3,1784092763,rev3_window,0.85,0.8568,1.3437729925154773,0,21
2_opaque_WW_VisionCrack3,1784092763,rev3_window,0.9,0.9016,1.3437729925154773,0,21
2_opaque_WW_VisionCrack3,1784092763,rev3_window,0.95,0.9707,1.3437729925154773,0,21
2_opaque_WW_VisionCrack3,1784092763,rev3_window,1.0,1.0343,1.3437729925154773,0,21
2_opaque_WW_VisionCrack3,1784092763,rev3_window,1.5,1.6675,1.3437729925154773,0,21
2_opaque_WW_VisionCrack3,1784092763,rev3_window,2.0,2.0988,1.3437729925154773,0,21
2_opaque_WW_VisionCrack3,1784092763,rev3_window,2.5,2.5506,1.3437729925154773,0,21
2_opaque_WW_VisionCrack3,1784092763,margin1.0,0.5,0.6979,1.3437729925154773,0,21
2_opaque_WW_VisionCrack3,1784092763,margin1.0,0.55,0.6055,1.3437729925154773,0,21
2_opaque_WW_VisionCrack3,1784092763,margin1.0,0.6,0.9863,1.3437729925154773,0,21
2_opaque_WW_VisionCrack3,1784092763,margin1.0,0.65,0.3989,1.3437729925154773,0,21
2_opaque_WW_VisionCrack3,1784092763,margin1.0,0.7,0.3764,1.3437729925154773,0,21
2_opaque_WW_VisionCrack3,1784092763,margin1.0,0.75,0.4045,1.3437729925154773,0,21
2_opaque_WW_VisionCrack3,1784092763,margin1.0,0.8,0.5726,1.3437729925154773,0,21
2_opaque_WW_VisionCrack3,1784092763,margin1.0,0.85,0.8557,1.3437729925154773,0,21
2_opaque_WW_VisionCrack3,1784092763,margin1.0,0.9,0.9044,1.3437729925154773,0,21
2_opaque_WW_VisionCrack3,1784092763,margin1.0,0.95,0.9706,1.3437729925154773,0,21
2_opaque_WW_VisionCrack3,1784092763,margin1.0,1.0,1.0225,1.3437729925154773,0,21
2_opaque_WW_VisionCrack3,1784092763,margin1.0,1.5,1.6199,1.3437729925154773,0,21
2_opaque_WW_VisionCrack3,1784092763,margin1.0,2.0,2.05,1.3437729925154773,0,21
2_opaque_WW_VisionCrack3,1784092763,margin1.0,2.5,2.5198,1.3437729925154773,0,21
2_opaque_WW_VisionCrack3,1784092763,margin2.0,0.5,0.7178,1.3437729925154773,0,21
2_opaque_WW_VisionCrack3,1784092763,margin2.0,0.55,0.6387,1.3437729925154773,0,21
2_opaque_WW_VisionCrack3,1784092763,margin2.0,0.6,0.9943,1.3437729925154773,0,21
2_opaque_WW_VisionCrack3,1784092763,margin2.0,0.65,0.4286,1.3437729925154773,0,21
2_opaque_WW_VisionCrack3,1784092763,margin2.0,0.7,0.4336,1.3437729925154773,0,21
2_opaque_WW_VisionCrack3,1784092763,margin2.0,0.75,0.4464,1.3437729925154773,0,21
2_opaque_WW_VisionCrack3,1784092763,margin2.0,0.8,0.5751,1.3437729925154773,0,21
2_opaque_WW_VisionCrack3,1784092763,margin2.0,0.85,0.86,1.3437729925154773,0,21
2_opaque_WW_VisionCrack3,1784092763,margin2.0,0.9,0.9102,1.3437729925154773,0,21
2_opaque_WW_VisionCrack3,1784092763,margin2.0,0.95,0.9771,1.3437729925154773,0,21
2_opaque_WW_VisionCrack3,1784092763,margin2.0,1.0,1.046,1.3437729925154773,0,21
2_opaque_WW_VisionCrack3,1784092763,margin2.0,1.5,1.6873,1.3437729925154773,0,21
2_opaque_WW_VisionCrack3,1784092763,margin2.0,2.0,2.0951,1.3437729925154773,0,21
2_opaque_WW_VisionCrack3,1784092763,margin2.0,2.5,2.5623,1.3437729925154773,0,21
2_opaque_WW_VisionCrack3,1784092763,smooth15,0.5,0.7036,1.3437729925154773,0,21
2_opaque_WW_VisionCrack3,1784092763,smooth15,0.55,0.6338,1.3437729925154773,0,21
2_opaque_WW_VisionCrack3,1784092763,smooth15,0.6,0.9877,1.3437729925154773,0,21
2_opaque_WW_VisionCrack3,1784092763,smooth15,0.65,0.3804,1.3437729925154773,0,21
2_opaque_WW_VisionCrack3,1784092763,smooth15,0.7,0.3877,1.3437729925154773,0,21
2_opaque_WW_VisionCrack3,1784092763,smooth15,0.75,0.4211,1.3437729925154773,0,21
2_opaque_WW_VisionCrack3,1784092763,smooth15,0.8,0.574,1.3437729925154773,0,21
2_opaque_WW_VisionCrack3,1784092763,smooth15,0.85,0.8551,1.3437729925154773,0,21
2_opaque_WW_VisionCrack3,1784092763,smooth15,0.9,0.9056,1.3437729925154773,0,21
2_opaque_WW_VisionCrack3,1784092763,smooth15,0.95,0.9729,1.3437729925154773,0,21
2_opaque_WW_VisionCrack3,1784092763,smooth15,1.0,1.0216,1.3437729925154773,0,21
2_opaque_WW_VisionCrack3,1784092763,smooth15,1.5,1.6596,1.3437729925154773,0,21
2_opaque_WW_VisionCrack3,1784092763,smooth15,2.0,2.0681,1.3437729925154773,0,21
2_opaque_WW_VisionCrack3,1784092763,smooth15,2.5,2.5322,1.3437729925154773,0,21
2_opaque_WW_VisionCrack3,1784092763,smooth35,0.5,0.7139,1.3437729925154773,0,21
2_opaque_WW_VisionCrack3,1784092763,smooth35,0.55,0.6313,1.3437729925154773,0,21
2_opaque_WW_VisionCrack3,1784092763,smooth35,0.6,0.9938,1.3437729925154773,0,21
2_opaque_WW_VisionCrack3,1784092763,smooth35,0.65,0.4301,1.3437729925154773,0,21
2_opaque_WW_VisionCrack3,1784092763,smooth35,0.7,0.3919,1.3437729925154773,0,21
2_opaque_WW_VisionCrack3,1784092763,smooth35,0.75,0.4395,1.3437729925154773,0,21
2_opaque_WW_VisionCrack3,1784092763,smooth35,0.8,0.5722,1.3437729925154773,0,21
2_opaque_WW_VisionCrack3,1784092763,smooth35,0.85,0.8615,1.3437729925154773,0,21
2_opaque_WW_VisionCrack3,1784092763,smooth35,0.9,0.9113,1.3437729925154773,0,21
2_opaque_WW_VisionCrack3,1784092763,smooth35,0.95,0.9786,1.3437729925154773,0,21
2_opaque_WW_VisionCrack3,1784092763,smooth35,1.0,1.0363,1.3437729925154773,0,21
2_opaque_WW_VisionCrack3,1784092763,smooth35,1.5,1.703,1.3437729925154773,0,21
2_opaque_WW_VisionCrack3,1784092763,smooth35,2.0,2.101,1.3437729925154773,0,21
2_opaque_WW_VisionCrack3,1784092763,smooth35,2.5,2.5694,1.3437729925154773,0,21
2_opaque_WW_VisionCrack3,1784092763,band0.60,0.5,0.7181,1.3437729925154773,0,21
2_opaque_WW_VisionCrack3,1784092763,band0.60,0.55,0.6448,1.3437729925154773,0,21
2_opaque_WW_VisionCrack3,1784092763,band0.60,0.6,0.9969,1.3437729925154773,0,21
2_opaque_WW_VisionCrack3,1784092763,band0.60,0.65,0.4123,1.3437729925154773,0,21
2_opaque_WW_VisionCrack3,1784092763,band0.60,0.7,0.3857,1.3437729925154773,0,21
2_opaque_WW_VisionCrack3,1784092763,band0.60,0.75,0.4302,1.3437729925154773,0,21
2_opaque_WW_VisionCrack3,1784092763,band0.60,0.8,0.575,1.3437729925154773,0,21
2_opaque_WW_VisionCrack3,1784092763,band0.60,0.85,0.8585,1.3437729925154773,0,21
2_opaque_WW_VisionCrack3,1784092763,band0.60,0.9,0.9096,1.3437729925154773,0,21
2_opaque_WW_VisionCrack3,1784092763,band0.60,0.95,0.9766,1.3437729925154773,0,21
2_opaque_WW_VisionCrack3,1784092763,band0.60,1.0,1.0337,1.3437729925154773,0,21
2_opaque_WW_VisionCrack3,1784092763,band0.60,1.5,1.6727,1.3437729925154773,0,21
2_opaque_WW_VisionCrack3,1784092763,band0.60,2.0,2.0884,1.3437729925154773,0,21
2_opaque_WW_VisionCrack3,1784092763,band0.60,2.5,2.5532,1.3437729925154773,0,21
2_opaque_WW_VisionCrack3,1784092763,win0.4,0.5,0.6614,1.3437729925154773,0,21
2_opaque_WW_VisionCrack3,1784092763,win0.4,0.55,0.6448,1.3437729925154773,0,21
2_opaque_WW_VisionCrack3,1784092763,win0.4,0.6,0.8857,1.3437729925154773,0,21
2_opaque_WW_VisionCrack3,1784092763,win0.4,0.65,0.4123,1.3437729925154773,0,21
2_opaque_WW_VisionCrack3,1784092763,win0.4,0.7,0.3857,1.3437729925154773,0,21
2_opaque_WW_VisionCrack3,1784092763,win0.4,0.75,0.4302,1.3437729925154773,0,21
2_opaque_WW_VisionCrack3,1784092763,win0.4,0.8,0.575,1.3437729925154773,0,21
2_opaque_WW_VisionCrack3,1784092763,win0.4,0.85,0.8539,1.3437729925154773,0,21
2_opaque_WW_VisionCrack3,1784092763,win0.4,0.9,0.9035,1.3437729925154773,0,21
2_opaque_WW_VisionCrack3,1784092763,win0.4,0.95,0.975,1.3437729925154773,0,21
2_opaque_WW_VisionCrack3,1784092763,win0.4,1.0,1.0589,1.3437729925154773,0,21
2_opaque_WW_VisionCrack3,1784092763,win0.4,1.5,1.6779,1.3437729925154773,0,21
2_opaque_WW_VisionCrack3,1784092763,win0.4,2.0,2.0895,1.3437729925154773,0,21
2_opaque_WW_VisionCrack3,1784092763,win0.4,2.5,2.5624,1.3437729925154773,0,21
2_opaque_WW_VisionCrack3,1784092763,win0.8,0.5,0.8497,1.3437729925154773,0,21
2_opaque_WW_VisionCrack3,1784092763,win0.8,0.55,0.7332,1.3437729925154773,0,21
2_opaque_WW_VisionCrack3,1784092763,win0.8,0.6,1.0448,1.3437729925154773,0,21
2_opaque_WW_VisionCrack3,1784092763,win0.8,0.65,0.4123,1.3437729925154773,0,21
2_opaque_WW_VisionCrack3,1784092763,win0.8,0.7,0.3857,1.3437729925154773,0,21
2_opaque_WW_VisionCrack3,1784092763,win0.8,0.75,0.4302,1.3437729925154773,0,21
2_opaque_WW_VisionCrack3,1784092763,win0.8,0.8,0.575,1.3437729925154773,0,21
2_opaque_WW_VisionCrack3,1784092763,win0.8,0.85,0.8537,1.3437729925154773,0,21
2_opaque_WW_VisionCrack3,1784092763,win0.8,0.9,0.9003,1.3437729925154773,0,21
2_opaque_WW_VisionCrack3,1784092763,win0.8,0.95,0.9742,1.3437729925154773,0,21
2_opaque_WW_VisionCrack3,1784092763,win0.8,1.0,1.049,1.3437729925154773,0,21
2_opaque_WW_VisionCrack3,1784092763,win0.8,1.5,1.6813,1.3437729925154773,0,21
2_opaque_WW_VisionCrack3,1784092763,win0.8,2.0,2.0906,1.3437729925154773,0,21
2_opaque_WW_VisionCrack3,1784092763,win0.8,2.5,2.556,1.3437729925154773,0,21
2_opaque_WW_VisionCrack3,1784092788,full,0.5,0.4657,1.2721142264585112,0,21
2_opaque_WW_VisionCrack3,1784092788,full,0.55,0.5177,1.2721142264585112,0,21
2_opaque_WW_VisionCrack3,1784092788,full,0.6,0.7261,1.2721142264585112,0,21
2_opaque_WW_VisionCrack3,1784092788,full,0.65,0.2981,1.2721142264585112,0,21
2_opaque_WW_VisionCrack3,1784092788,full,0.7,0.4421,1.2721142264585112,0,21
2_opaque_WW_VisionCrack3,1784092788,full,0.75,0.4721,1.2721142264585112,0,21
2_opaque_WW_VisionCrack3,1784092788,full,0.8,0.6293,1.2721142264585112,0,21
2_opaque_WW_VisionCrack3,1784092788,full,0.85,0.8668,1.2721142264585112,0,21
2_opaque_WW_VisionCrack3,1784092788,full,0.9,0.9127,1.2721142264585112,0,21
2_opaque_WW_VisionCrack3,1784092788,full,0.95,0.973,1.2721142264585112,0,21
2_opaque_WW_VisionCrack3,1784092788,full,1.0,1.0305,1.2721142264585112,0,21
2_opaque_WW_VisionCrack3,1784092788,full,1.5,1.6266,1.2721142264585112,0,21
2_opaque_WW_VisionCrack3,1784092788,full,2.0,2.0981,1.2721142264585112,0,21
2_opaque_WW_VisionCrack3,1784092788,full,2.5,2.5554,1.2721142264585112,0,21
2_opaque_WW_VisionCrack3,1784092788,no_masked_bg,0.5,0.4688,1.2721142264585112,0,21
2_opaque_WW_VisionCrack3,1784092788,no_masked_bg,0.55,0.5208,1.2721142264585112,0,21
2_opaque_WW_VisionCrack3,1784092788,no_masked_bg,0.6,0.7168,1.2721142264585112,0,21
2_opaque_WW_VisionCrack3,1784092788,no_masked_bg,0.65,0.3535,1.2721142264585112,0,21
2_opaque_WW_VisionCrack3,1784092788,no_masked_bg,0.7,0.5027,1.2721142264585112,0,21
2_opaque_WW_VisionCrack3,1784092788,no_masked_bg,0.75,0.4519,1.2721142264585112,0,21
2_opaque_WW_VisionCrack3,1784092788,no_masked_bg,0.8,0.6455,1.2721142264585112,0,21
2_opaque_WW_VisionCrack3,1784092788,no_masked_bg,0.85,0.8916,1.2721142264585112,0,21
2_opaque_WW_VisionCrack3,1784092788,no_masked_bg,0.9,0.9387,1.2721142264585112,0,21
2_opaque_WW_VisionCrack3,1784092788,no_masked_bg,0.95,1.2689,1.2721142264585112,0,21
2_opaque_WW_VisionCrack3,1784092788,no_masked_bg,1.0,1.2159,1.2721142264585112,0,21
2_opaque_WW_VisionCrack3,1784092788,no_masked_bg,1.5,1.8394,1.2721142264585112,0,21
2_opaque_WW_VisionCrack3,1784092788,no_masked_bg,2.0,2.3107,1.2721142264585112,0,21
2_opaque_WW_VisionCrack3,1784092788,no_masked_bg,2.5,2.7448,1.2721142264585112,0,21
2_opaque_WW_VisionCrack3,1784092788,lsf_sigma,0.5,0.4498,1.557717381491838,0,21
2_opaque_WW_VisionCrack3,1784092788,lsf_sigma,0.55,0.504,1.557717381491838,0,21
2_opaque_WW_VisionCrack3,1784092788,lsf_sigma,0.6,0.7238,1.557717381491838,0,21
2_opaque_WW_VisionCrack3,1784092788,lsf_sigma,0.65,0.3074,1.557717381491838,0,21
2_opaque_WW_VisionCrack3,1784092788,lsf_sigma,0.7,0.4559,1.557717381491838,0,21
2_opaque_WW_VisionCrack3,1784092788,lsf_sigma,0.75,0.447,1.557717381491838,0,21
2_opaque_WW_VisionCrack3,1784092788,lsf_sigma,0.8,0.6304,1.557717381491838,0,21
2_opaque_WW_VisionCrack3,1784092788,lsf_sigma,0.85,0.8641,1.557717381491838,0,21
2_opaque_WW_VisionCrack3,1784092788,lsf_sigma,0.9,0.9092,1.557717381491838,0,21
2_opaque_WW_VisionCrack3,1784092788,lsf_sigma,0.95,0.9762,1.557717381491838,0,21
2_opaque_WW_VisionCrack3,1784092788,lsf_sigma,1.0,1.0457,1.557717381491838,0,21
2_opaque_WW_VisionCrack3,1784092788,lsf_sigma,1.5,1.6504,1.557717381491838,0,21
2_opaque_WW_VisionCrack3,1784092788,lsf_sigma,2.0,2.1281,1.557717381491838,0,21
2_opaque_WW_VisionCrack3,1784092788,lsf_sigma,2.5,2.5684,1.557717381491838,0,21
2_opaque_WW_VisionCrack3,1784092788,no_deconv,0.5,0.4532,1.2721142264585112,0,21
2_opaque_WW_VisionCrack3,1784092788,no_deconv,0.55,0.5034,1.2721142264585112,0,21
2_opaque_WW_VisionCrack3,1784092788,no_deconv,0.6,0.7085,1.2721142264585112,0,21
2_opaque_WW_VisionCrack3,1784092788,no_deconv,0.65,0.2977,1.2721142264585112,0,21
2_opaque_WW_VisionCrack3,1784092788,no_deconv,0.7,0.4307,1.2721142264585112,0,21
2_opaque_WW_VisionCrack3,1784092788,no_deconv,0.75,0.4593,1.2721142264585112,0,21
2_opaque_WW_VisionCrack3,1784092788,no_deconv,0.8,0.6126,1.2721142264585112,0,21
2_opaque_WW_VisionCrack3,1784092788,no_deconv,0.85,0.8491,1.2721142264585112,0,21
2_opaque_WW_VisionCrack3,1784092788,no_deconv,0.9,0.8952,1.2721142264585112,0,21
2_opaque_WW_VisionCrack3,1784092788,no_deconv,0.95,0.9558,1.2721142264585112,0,21
2_opaque_WW_VisionCrack3,1784092788,no_deconv,1.0,1.0137,1.2721142264585112,0,21
2_opaque_WW_VisionCrack3,1784092788,no_deconv,1.5,1.6179,1.2721142264585112,0,21
2_opaque_WW_VisionCrack3,1784092788,no_deconv,2.0,2.098,1.2721142264585112,0,21
2_opaque_WW_VisionCrack3,1784092788,no_deconv,2.5,2.5643,1.2721142264585112,0,21
2_opaque_WW_VisionCrack3,1784092788,rev3_window,0.5,0.4661,1.2721142264585112,2,21
2_opaque_WW_VisionCrack3,1784092788,rev3_window,0.55,0.5094,1.2721142264585112,2,21
2_opaque_WW_VisionCrack3,1784092788,rev3_window,0.6,-0.0322,1.2721142264585112,2,21
2_opaque_WW_VisionCrack3,1784092788,rev3_window,0.65,0.7554,1.2721142264585112,2,21
2_opaque_WW_VisionCrack3,1784092788,rev3_window,0.7,0.3429,1.2721142264585112,2,21
2_opaque_WW_VisionCrack3,1784092788,rev3_window,0.75,0.448,1.2721142264585112,2,21
2_opaque_WW_VisionCrack3,1784092788,rev3_window,0.8,-0.0439,1.2721142264585112,2,21
2_opaque_WW_VisionCrack3,1784092788,rev3_window,0.85,0.8657,1.2721142264585112,2,21
2_opaque_WW_VisionCrack3,1784092788,rev3_window,0.9,0.9089,1.2721142264585112,2,21
2_opaque_WW_VisionCrack3,1784092788,rev3_window,0.95,0.9717,1.2721142264585112,2,21
2_opaque_WW_VisionCrack3,1784092788,rev3_window,1.0,1.0181,1.2721142264585112,2,21
2_opaque_WW_VisionCrack3,1784092788,rev3_window,1.5,1.6273,1.2721142264585112,2,21
2_opaque_WW_VisionCrack3,1784092788,rev3_window,2.0,2.1094,1.2721142264585112,2,21
2_opaque_WW_VisionCrack3,1784092788,rev3_window,2.5,2.547,1.2721142264585112,2,21
2_opaque_WW_VisionCrack3,1784092788,margin1.0,0.5,0.4652,1.2721142264585112,0,21
2_opaque_WW_VisionCrack3,1784092788,margin1.0,0.55,0.5176,1.2721142264585112,0,21
2_opaque_WW_VisionCrack3,1784092788,margin1.0,0.6,0.7264,1.2721142264585112,0,21
2_opaque_WW_VisionCrack3,1784092788,margin1.0,0.65,0.2989,1.2721142264585112,0,21
2_opaque_WW_VisionCrack3,1784092788,margin1.0,0.7,0.4283,1.2721142264585112,0,21
2_opaque_WW_VisionCrack3,1784092788,margin1.0,0.75,0.4432,1.2721142264585112,0,21
2_opaque_WW_VisionCrack3,1784092788,margin1.0,0.8,0.6279,1.2721142264585112,0,21
2_opaque_WW_VisionCrack3,1784092788,margin1.0,0.85,0.867,1.2721142264585112,0,21
2_opaque_WW_VisionCrack3,1784092788,margin1.0,0.9,0.9107,1.2721142264585112,0,21
2_opaque_WW_VisionCrack3,1784092788,margin1.0,0.95,0.968,1.2721142264585112,0,21
2_opaque_WW_VisionCrack3,1784092788,margin1.0,1.0,1.0199,1.2721142264585112,0,21
2_opaque_WW_VisionCrack3,1784092788,margin1.0,1.5,1.6018,1.2721142264585112,0,21
2_opaque_WW_VisionCrack3,1784092788,margin1.0,2.0,2.0625,1.2721142264585112,0,21
2_opaque_WW_VisionCrack3,1784092788,margin1.0,2.5,2.534,1.2721142264585112,0,21
2_opaque_WW_VisionCrack3,1784092788,margin2.0,0.5,0.465,1.2721142264585112,0,21
2_opaque_WW_VisionCrack3,1784092788,margin2.0,0.55,0.5174,1.2721142264585112,0,21
2_opaque_WW_VisionCrack3,1784092788,margin2.0,0.6,0.7323,1.2721142264585112,0,21
2_opaque_WW_VisionCrack3,1784092788,margin2.0,0.65,0.3301,1.2721142264585112,0,21
2_opaque_WW_VisionCrack3,1784092788,margin2.0,0.7,0.4709,1.2721142264585112,0,21
2_opaque_WW_VisionCrack3,1784092788,margin2.0,0.75,0.4623,1.2721142264585112,0,21
2_opaque_WW_VisionCrack3,1784092788,margin2.0,0.8,0.6406,1.2721142264585112,0,21
2_opaque_WW_VisionCrack3,1784092788,margin2.0,0.85,0.8706,1.2721142264585112,0,21
2_opaque_WW_VisionCrack3,1784092788,margin2.0,0.9,0.9151,1.2721142264585112,0,21
2_opaque_WW_VisionCrack3,1784092788,margin2.0,0.95,0.9814,1.2721142264585112,0,21
2_opaque_WW_VisionCrack3,1784092788,margin2.0,1.0,1.0502,1.2721142264585112,0,21
2_opaque_WW_VisionCrack3,1784092788,margin2.0,1.5,1.6507,1.2721142264585112,0,21
2_opaque_WW_VisionCrack3,1784092788,margin2.0,2.0,2.1262,1.2721142264585112,0,21
2_opaque_WW_VisionCrack3,1784092788,margin2.0,2.5,2.5648,1.2721142264585112,0,21
2_opaque_WW_VisionCrack3,1784092788,smooth15,0.5,0.4695,1.2721142264585112,0,21
2_opaque_WW_VisionCrack3,1784092788,smooth15,0.55,0.5209,1.2721142264585112,0,21
2_opaque_WW_VisionCrack3,1784092788,smooth15,0.6,0.7004,1.2721142264585112,0,21
2_opaque_WW_VisionCrack3,1784092788,smooth15,0.65,0.2513,1.2721142264585112,0,21
2_opaque_WW_VisionCrack3,1784092788,smooth15,0.7,0.4395,1.2721142264585112,0,21
2_opaque_WW_VisionCrack3,1784092788,smooth15,0.75,0.4467,1.2721142264585112,0,21
2_opaque_WW_VisionCrack3,1784092788,smooth15,0.8,0.6163,1.2721142264585112,0,21
2_opaque_WW_VisionCrack3,1784092788,smooth15,0.85,0.8631,1.2721142264585112,0,21
2_opaque_WW_VisionCrack3,1784092788,smooth15,0.9,0.9097,1.2721142264585112,0,21
2_opaque_WW_VisionCrack3,1784092788,smooth15,0.95,0.9705,1.2721142264585112,0,21
2_opaque_WW_VisionCrack3,1784092788,smooth15,1.0,1.0213,1.2721142264585112,0,21
2_opaque_WW_VisionCrack3,1784092788,smooth15,1.5,1.6068,1.2721142264585112,0,21
2_opaque_WW_VisionCrack3,1784092788,smooth15,2.0,2.0703,1.2721142264585112,0,21
2_opaque_WW_VisionCrack3,1784092788,smooth15,2.5,2.5418,1.2721142264585112,0,21
2_opaque_WW_VisionCrack3,1784092788,smooth35,0.5,0.4649,1.2721142264585112,0,21
2_opaque_WW_VisionCrack3,1784092788,smooth35,0.55,0.5178,1.2721142264585112,0,21
2_opaque_WW_VisionCrack3,1784092788,smooth35,0.6,0.7324,1.2721142264585112,0,21
2_opaque_WW_VisionCrack3,1784092788,smooth35,0.65,0.3597,1.2721142264585112,0,21
2_opaque_WW_VisionCrack3,1784092788,smooth35,0.7,0.4476,1.2721142264585112,0,21
2_opaque_WW_VisionCrack3,1784092788,smooth35,0.75,0.4755,1.2721142264585112,0,21
2_opaque_WW_VisionCrack3,1784092788,smooth35,0.8,0.6352,1.2721142264585112,0,21
2_opaque_WW_VisionCrack3,1784092788,smooth35,0.85,0.8686,1.2721142264585112,0,21
2_opaque_WW_VisionCrack3,1784092788,smooth35,0.9,0.9136,1.2721142264585112,0,21
2_opaque_WW_VisionCrack3,1784092788,smooth35,0.95,0.9761,1.2721142264585112,0,21
2_opaque_WW_VisionCrack3,1784092788,smooth35,1.0,1.0313,1.2721142264585112,0,21
2_opaque_WW_VisionCrack3,1784092788,smooth35,1.5,1.6415,1.2721142264585112,0,21
2_opaque_WW_VisionCrack3,1784092788,smooth35,2.0,2.1158,1.2721142264585112,0,21
2_opaque_WW_VisionCrack3,1784092788,smooth35,2.5,2.5638,1.2721142264585112,0,21
2_opaque_WW_VisionCrack3,1784092788,band0.60,0.5,0.4657,1.2721142264585112,0,21
2_opaque_WW_VisionCrack3,1784092788,band0.60,0.55,0.5177,1.2721142264585112,0,21
2_opaque_WW_VisionCrack3,1784092788,band0.60,0.6,0.7261,1.2721142264585112,0,21
2_opaque_WW_VisionCrack3,1784092788,band0.60,0.65,0.2981,1.2721142264585112,0,21
2_opaque_WW_VisionCrack3,1784092788,band0.60,0.7,0.4421,1.2721142264585112,0,21
2_opaque_WW_VisionCrack3,1784092788,band0.60,0.75,0.4721,1.2721142264585112,0,21
2_opaque_WW_VisionCrack3,1784092788,band0.60,0.8,0.6293,1.2721142264585112,0,21
2_opaque_WW_VisionCrack3,1784092788,band0.60,0.85,0.8668,1.2721142264585112,0,21
2_opaque_WW_VisionCrack3,1784092788,band0.60,0.9,0.9127,1.2721142264585112,0,21
2_opaque_WW_VisionCrack3,1784092788,band0.60,0.95,0.973,1.2721142264585112,0,21
2_opaque_WW_VisionCrack3,1784092788,band0.60,1.0,1.0305,1.2721142264585112,0,21
2_opaque_WW_VisionCrack3,1784092788,band0.60,1.5,1.6266,1.2721142264585112,0,21
2_opaque_WW_VisionCrack3,1784092788,band0.60,2.0,2.0981,1.2721142264585112,0,21
2_opaque_WW_VisionCrack3,1784092788,band0.60,2.5,2.5554,1.2721142264585112,0,21
2_opaque_WW_VisionCrack3,1784092788,win0.4,0.5,0.4657,1.2721142264585112,0,21
2_opaque_WW_VisionCrack3,1784092788,win0.4,0.55,0.5177,1.2721142264585112,0,21
2_opaque_WW_VisionCrack3,1784092788,win0.4,0.6,0.7261,1.2721142264585112,0,21
2_opaque_WW_VisionCrack3,1784092788,win0.4,0.65,0.2981,1.2721142264585112,0,21
2_opaque_WW_VisionCrack3,1784092788,win0.4,0.7,0.4421,1.2721142264585112,0,21
2_opaque_WW_VisionCrack3,1784092788,win0.4,0.75,0.4721,1.2721142264585112,0,21
2_opaque_WW_VisionCrack3,1784092788,win0.4,0.8,0.6293,1.2721142264585112,0,21
2_opaque_WW_VisionCrack3,1784092788,win0.4,0.85,0.8639,1.2721142264585112,0,21
2_opaque_WW_VisionCrack3,1784092788,win0.4,0.9,0.9057,1.2721142264585112,0,21
2_opaque_WW_VisionCrack3,1784092788,win0.4,0.95,0.9697,1.2721142264585112,0,21
2_opaque_WW_VisionCrack3,1784092788,win0.4,1.0,1.0381,1.2721142264585112,0,21
2_opaque_WW_VisionCrack3,1784092788,win0.4,1.5,1.6386,1.2721142264585112,0,21
2_opaque_WW_VisionCrack3,1784092788,win0.4,2.0,2.1011,1.2721142264585112,0,21
2_opaque_WW_VisionCrack3,1784092788,win0.4,2.5,2.5567,1.2721142264585112,0,21
2_opaque_WW_VisionCrack3,1784092788,win0.8,0.5,0.4658,1.2721142264585112,0,21
2_opaque_WW_VisionCrack3,1784092788,win0.8,0.55,0.5106,1.2721142264585112,0,21
2_opaque_WW_VisionCrack3,1784092788,win0.8,0.6,0.9031,1.2721142264585112,0,21
2_opaque_WW_VisionCrack3,1784092788,win0.8,0.65,0.2981,1.2721142264585112,0,21
2_opaque_WW_VisionCrack3,1784092788,win0.8,0.7,0.4421,1.2721142264585112,0,21
2_opaque_WW_VisionCrack3,1784092788,win0.8,0.75,0.4721,1.2721142264585112,0,21
2_opaque_WW_VisionCrack3,1784092788,win0.8,0.8,0.6293,1.2721142264585112,0,21
2_opaque_WW_VisionCrack3,1784092788,win0.8,0.85,0.8634,1.2721142264585112,0,21
2_opaque_WW_VisionCrack3,1784092788,win0.8,0.9,0.9052,1.2721142264585112,0,21
2_opaque_WW_VisionCrack3,1784092788,win0.8,0.95,0.9719,1.2721142264585112,0,21
2_opaque_WW_VisionCrack3,1784092788,win0.8,1.0,1.0227,1.2721142264585112,0,21
2_opaque_WW_VisionCrack3,1784092788,win0.8,1.5,1.6369,1.2721142264585112,0,21
2_opaque_WW_VisionCrack3,1784092788,win0.8,2.0,2.0999,1.2721142264585112,0,21
2_opaque_WW_VisionCrack3,1784092788,win0.8,2.5,2.5537,1.2721142264585112,0,21
2_opaque_WW_VisionCrack3,1784092801,full,0.5,0.6708,1.3868279453075325,1,21
2_opaque_WW_VisionCrack3,1784092801,full,0.55,0.7614,1.3868279453075325,1,21
2_opaque_WW_VisionCrack3,1784092801,full,0.6,0.7601,1.3868279453075325,1,21
2_opaque_WW_VisionCrack3,1784092801,full,0.65,0.3611,1.3868279453075325,1,21
2_opaque_WW_VisionCrack3,1784092801,full,0.7,0.3747,1.3868279453075325,1,21
2_opaque_WW_VisionCrack3,1784092801,full,0.75,0.6127,1.3868279453075325,1,21
2_opaque_WW_VisionCrack3,1784092801,full,0.8,-0.0401,1.3868279453075325,1,21
2_opaque_WW_VisionCrack3,1784092801,full,0.85,0.8594,1.3868279453075325,1,21
2_opaque_WW_VisionCrack3,1784092801,full,0.9,0.9058,1.3868279453075325,1,21
2_opaque_WW_VisionCrack3,1784092801,full,0.95,0.9722,1.3868279453075325,1,21
2_opaque_WW_VisionCrack3,1784092801,full,1.0,1.0338,1.3868279453075325,1,21
2_opaque_WW_VisionCrack3,1784092801,full,1.5,1.6541,1.3868279453075325,1,21
2_opaque_WW_VisionCrack3,1784092801,full,2.0,2.0814,1.3868279453075325,1,21
2_opaque_WW_VisionCrack3,1784092801,full,2.5,2.5345,1.3868279453075325,1,21
2_opaque_WW_VisionCrack3,1784092801,no_masked_bg,0.5,0.7486,1.3868279453075325,0,21
2_opaque_WW_VisionCrack3,1784092801,no_masked_bg,0.55,0.7601,1.3868279453075325,0,21
2_opaque_WW_VisionCrack3,1784092801,no_masked_bg,0.6,0.7731,1.3868279453075325,0,21
2_opaque_WW_VisionCrack3,1784092801,no_masked_bg,0.65,0.3762,1.3868279453075325,0,21
2_opaque_WW_VisionCrack3,1784092801,no_masked_bg,0.7,0.3644,1.3868279453075325,0,21
2_opaque_WW_VisionCrack3,1784092801,no_masked_bg,0.75,0.6189,1.3868279453075325,0,21
2_opaque_WW_VisionCrack3,1784092801,no_masked_bg,0.8,0.2893,1.3868279453075325,0,21
2_opaque_WW_VisionCrack3,1784092801,no_masked_bg,0.85,0.8888,1.3868279453075325,0,21
2_opaque_WW_VisionCrack3,1784092801,no_masked_bg,0.9,0.9485,1.3868279453075325,0,21
2_opaque_WW_VisionCrack3,1784092801,no_masked_bg,0.95,1.1546,1.3868279453075325,0,21
2_opaque_WW_VisionCrack3,1784092801,no_masked_bg,1.0,1.2473,1.3868279453075325,0,21
2_opaque_WW_VisionCrack3,1784092801,no_masked_bg,1.5,1.8529,1.3868279453075325,0,21
2_opaque_WW_VisionCrack3,1784092801,no_masked_bg,2.0,2.2887,1.3868279453075325,0,21
2_opaque_WW_VisionCrack3,1784092801,no_masked_bg,2.5,2.5955,1.3868279453075325,0,21
2_opaque_WW_VisionCrack3,1784092801,lsf_sigma,0.5,0.6694,1.6037792784862566,1,21
2_opaque_WW_VisionCrack3,1784092801,lsf_sigma,0.55,0.7539,1.6037792784862566,1,21
2_opaque_WW_VisionCrack3,1784092801,lsf_sigma,0.6,0.7414,1.6037792784862566,1,21
2_opaque_WW_VisionCrack3,1784092801,lsf_sigma,0.65,0.3684,1.6037792784862566,1,21
2_opaque_WW_VisionCrack3,1784092801,lsf_sigma,0.7,0.3612,1.6037792784862566,1,21
2_opaque_WW_VisionCrack3,1784092801,lsf_sigma,0.75,0.6048,1.6037792784862566,1,21
2_opaque_WW_VisionCrack3,1784092801,lsf_sigma,0.8,-0.036,1.6037792784862566,1,21
2_opaque_WW_VisionCrack3,1784092801,lsf_sigma,0.85,0.8569,1.6037792784862566,1,21
2_opaque_WW_VisionCrack3,1784092801,lsf_sigma,0.9,0.9029,1.6037792784862566,1,21
2_opaque_WW_VisionCrack3,1784092801,lsf_sigma,0.95,0.9704,1.6037792784862566,1,21
2_opaque_WW_VisionCrack3,1784092801,lsf_sigma,1.0,1.0373,1.6037792784862566,1,21
2_opaque_WW_VisionCrack3,1784092801,lsf_sigma,1.5,1.6594,1.6037792784862566,1,21
2_opaque_WW_VisionCrack3,1784092801,lsf_sigma,2.0,2.0978,1.6037792784862566,1,21
2_opaque_WW_VisionCrack3,1784092801,lsf_sigma,2.5,2.5544,1.6037792784862566,1,21
2_opaque_WW_VisionCrack3,1784092801,no_deconv,0.5,0.6599,1.3868279453075325,1,21
2_opaque_WW_VisionCrack3,1784092801,no_deconv,0.55,0.7493,1.3868279453075325,1,21
2_opaque_WW_VisionCrack3,1784092801,no_deconv,0.6,0.748,1.3868279453075325,1,21
2_opaque_WW_VisionCrack3,1784092801,no_deconv,0.65,0.3645,1.3868279453075325,1,21
2_opaque_WW_VisionCrack3,1784092801,no_deconv,0.7,0.3769,1.3868279453075325,1,21
2_opaque_WW_VisionCrack3,1784092801,no_deconv,0.75,0.603,1.3868279453075325,1,21
2_opaque_WW_VisionCrack3,1784092801,no_deconv,0.8,-0.0401,1.3868279453075325,1,21
2_opaque_WW_VisionCrack3,1784092801,no_deconv,0.85,0.8468,1.3868279453075325,1,21
2_opaque_WW_VisionCrack3,1784092801,no_deconv,0.9,0.8932,1.3868279453075325,1,21
2_opaque_WW_VisionCrack3,1784092801,no_deconv,0.95,0.9596,1.3868279453075325,1,21
2_opaque_WW_VisionCrack3,1784092801,no_deconv,1.0,1.0215,1.3868279453075325,1,21
2_opaque_WW_VisionCrack3,1784092801,no_deconv,1.5,1.6489,1.3868279453075325,1,21
2_opaque_WW_VisionCrack3,1784092801,no_deconv,2.0,2.0834,1.3868279453075325,1,21
2_opaque_WW_VisionCrack3,1784092801,no_deconv,2.5,2.5449,1.3868279453075325,1,21
2_opaque_WW_VisionCrack3,1784092801,rev3_window,0.5,1.2268,1.3868279453075325,2,21
2_opaque_WW_VisionCrack3,1784092801,rev3_window,0.55,1.1731,1.3868279453075325,2,21
2_opaque_WW_VisionCrack3,1784092801,rev3_window,0.6,-0.0223,1.3868279453075325,2,21
2_opaque_WW_VisionCrack3,1784092801,rev3_window,0.65,0.4357,1.3868279453075325,2,21
2_opaque_WW_VisionCrack3,1784092801,rev3_window,0.7,0.5421,1.3868279453075325,2,21
2_opaque_WW_VisionCrack3,1784092801,rev3_window,0.75,0.5654,1.3868279453075325,2,21
2_opaque_WW_VisionCrack3,1784092801,rev3_window,0.8,-0.0401,1.3868279453075325,2,21
2_opaque_WW_VisionCrack3,1784092801,rev3_window,0.85,0.8589,1.3868279453075325,2,21
2_opaque_WW_VisionCrack3,1784092801,rev3_window,0.9,0.9002,1.3868279453075325,2,21
2_opaque_WW_VisionCrack3,1784092801,rev3_window,0.95,0.9698,1.3868279453075325,2,21
2_opaque_WW_VisionCrack3,1784092801,rev3_window,1.0,1.0314,1.3868279453075325,2,21
2_opaque_WW_VisionCrack3,1784092801,rev3_window,1.5,1.6637,1.3868279453075325,2,21
2_opaque_WW_VisionCrack3,1784092801,rev3_window,2.0,2.0878,1.3868279453075325,2,21
2_opaque_WW_VisionCrack3,1784092801,rev3_window,2.5,2.5211,1.3868279453075325,2,21
2_opaque_WW_VisionCrack3,1784092801,margin1.0,0.5,0.6936,1.3868279453075325,1,21
2_opaque_WW_VisionCrack3,1784092801,margin1.0,0.55,0.7561,1.3868279453075325,1,21
2_opaque_WW_VisionCrack3,1784092801,margin1.0,0.6,0.7451,1.3868279453075325,1,21
2_opaque_WW_VisionCrack3,1784092801,margin1.0,0.65,0.3513,1.3868279453075325,1,21
2_opaque_WW_VisionCrack3,1784092801,margin1.0,0.7,0.365,1.3868279453075325,1,21
2_opaque_WW_VisionCrack3,1784092801,margin1.0,0.75,0.5985,1.3868279453075325,1,21
2_opaque_WW_VisionCrack3,1784092801,margin1.0,0.8,-0.0401,1.3868279453075325,1,21
2_opaque_WW_VisionCrack3,1784092801,margin1.0,0.85,0.8592,1.3868279453075325,1,21
2_opaque_WW_VisionCrack3,1784092801,margin1.0,0.9,0.9028,1.3868279453075325,1,21
2_opaque_WW_VisionCrack3,1784092801,margin1.0,0.95,0.9607,1.3868279453075325,1,21
2_opaque_WW_VisionCrack3,1784092801,margin1.0,1.0,1.0208,1.3868279453075325,1,21
2_opaque_WW_VisionCrack3,1784092801,margin1.0,1.5,1.6129,1.3868279453075325,1,21
2_opaque_WW_VisionCrack3,1784092801,margin1.0,2.0,2.0503,1.3868279453075325,1,21
2_opaque_WW_VisionCrack3,1784092801,margin1.0,2.5,2.4871,1.3868279453075325,1,21
2_opaque_WW_VisionCrack3,1784092801,margin2.0,0.5,0.6787,1.3868279453075325,1,21
2_opaque_WW_VisionCrack3,1784092801,margin2.0,0.55,0.7608,1.3868279453075325,1,21
2_opaque_WW_VisionCrack3,1784092801,margin2.0,0.6,0.7485,1.3868279453075325,1,21
2_opaque_WW_VisionCrack3,1784092801,margin2.0,0.65,0.3894,1.3868279453075325,1,21
2_opaque_WW_VisionCrack3,1784092801,margin2.0,0.7,0.3745,1.3868279453075325,1,21
2_opaque_WW_VisionCrack3,1784092801,margin2.0,0.75,0.6141,1.3868279453075325,1,21
2_opaque_WW_VisionCrack3,1784092801,margin2.0,0.8,-0.0401,1.3868279453075325,1,21
2_opaque_WW_VisionCrack3,1784092801,margin2.0,0.85,0.8637,1.3868279453075325,1,21
2_opaque_WW_VisionCrack3,1784092801,margin2.0,0.9,0.9096,1.3868279453075325,1,21
2_opaque_WW_VisionCrack3,1784092801,margin2.0,0.95,0.9774,1.3868279453075325,1,21
2_opaque_WW_VisionCrack3,1784092801,margin2.0,1.0,1.0509,1.3868279453075325,1,21
2_opaque_WW_VisionCrack3,1784092801,margin2.0,1.5,1.6708,1.3868279453075325,1,21
2_opaque_WW_VisionCrack3,1784092801,margin2.0,2.0,2.0967,1.3868279453075325,1,21
2_opaque_WW_VisionCrack3,1784092801,margin2.0,2.5,2.5616,1.3868279453075325,1,21
2_opaque_WW_VisionCrack3,1784092801,smooth15,0.5,0.6761,1.3868279453075325,1,21
2_opaque_WW_VisionCrack3,1784092801,smooth15,0.55,0.7588,1.3868279453075325,1,21
2_opaque_WW_VisionCrack3,1784092801,smooth15,0.6,0.7592,1.3868279453075325,1,21
2_opaque_WW_VisionCrack3,1784092801,smooth15,0.65,0.3031,1.3868279453075325,1,21
2_opaque_WW_VisionCrack3,1784092801,smooth15,0.7,0.3761,1.3868279453075325,1,21
2_opaque_WW_VisionCrack3,1784092801,smooth15,0.75,0.6109,1.3868279453075325,1,21
2_opaque_WW_VisionCrack3,1784092801,smooth15,0.8,-0.0401,1.3868279453075325,1,21
2_opaque_WW_VisionCrack3,1784092801,smooth15,0.85,0.8567,1.3868279453075325,1,21
2_opaque_WW_VisionCrack3,1784092801,smooth15,0.9,0.9026,1.3868279453075325,1,21
2_opaque_WW_VisionCrack3,1784092801,smooth15,0.95,0.9679,1.3868279453075325,1,21
2_opaque_WW_VisionCrack3,1784092801,smooth15,1.0,1.0259,1.3868279453075325,1,21
2_opaque_WW_VisionCrack3,1784092801,smooth15,1.5,1.6387,1.3868279453075325,1,21
2_opaque_WW_VisionCrack3,1784092801,smooth15,2.0,2.0622,1.3868279453075325,1,21
2_opaque_WW_VisionCrack3,1784092801,smooth15,2.5,2.5108,1.3868279453075325,1,21
2_opaque_WW_VisionCrack3,1784092801,smooth35,0.5,0.6782,1.3868279453075325,1,21
2_opaque_WW_VisionCrack3,1784092801,smooth35,0.55,0.758,1.3868279453075325,1,21
2_opaque_WW_VisionCrack3,1784092801,smooth35,0.6,0.7609,1.3868279453075325,1,21
2_opaque_WW_VisionCrack3,1784092801,smooth35,0.65,0.3852,1.3868279453075325,1,21
2_opaque_WW_VisionCrack3,1784092801,smooth35,0.7,0.3722,1.3868279453075325,1,21
2_opaque_WW_VisionCrack3,1784092801,smooth35,0.75,0.6165,1.3868279453075325,1,21
2_opaque_WW_VisionCrack3,1784092801,smooth35,0.8,-0.0401,1.3868279453075325,1,21
2_opaque_WW_VisionCrack3,1784092801,smooth35,0.85,0.8603,1.3868279453075325,1,21
2_opaque_WW_VisionCrack3,1784092801,smooth35,0.9,0.9074,1.3868279453075325,1,21
2_opaque_WW_VisionCrack3,1784092801,smooth35,0.95,0.973,1.3868279453075325,1,21
2_opaque_WW_VisionCrack3,1784092801,smooth35,1.0,1.0374,1.3868279453075325,1,21
2_opaque_WW_VisionCrack3,1784092801,smooth35,1.5,1.6681,1.3868279453075325,1,21
2_opaque_WW_VisionCrack3,1784092801,smooth35,2.0,2.0979,1.3868279453075325,1,21
2_opaque_WW_VisionCrack3,1784092801,smooth35,2.5,2.5569,1.3868279453075325,1,21
2_opaque_WW_VisionCrack3,1784092801,band0.60,0.5,0.6708,1.3868279453075325,1,21
2_opaque_WW_VisionCrack3,1784092801,band0.60,0.55,0.7614,1.3868279453075325,1,21
2_opaque_WW_VisionCrack3,1784092801,band0.60,0.6,0.7601,1.3868279453075325,1,21
2_opaque_WW_VisionCrack3,1784092801,band0.60,0.65,0.3611,1.3868279453075325,1,21
2_opaque_WW_VisionCrack3,1784092801,band0.60,0.7,0.3747,1.3868279453075325,1,21
2_opaque_WW_VisionCrack3,1784092801,band0.60,0.75,0.6127,1.3868279453075325,1,21
2_opaque_WW_VisionCrack3,1784092801,band0.60,0.8,-0.0401,1.3868279453075325,1,21
2_opaque_WW_VisionCrack3,1784092801,band0.60,0.85,0.8594,1.3868279453075325,1,21
2_opaque_WW_VisionCrack3,1784092801,band0.60,0.9,0.9058,1.3868279453075325,1,21
2_opaque_WW_VisionCrack3,1784092801,band0.60,0.95,0.9722,1.3868279453075325,1,21
2_opaque_WW_VisionCrack3,1784092801,band0.60,1.0,1.0338,1.3868279453075325,1,21
2_opaque_WW_VisionCrack3,1784092801,band0.60,1.5,1.6541,1.3868279453075325,1,21
2_opaque_WW_VisionCrack3,1784092801,band0.60,2.0,2.0814,1.3868279453075325,1,21
2_opaque_WW_VisionCrack3,1784092801,band0.60,2.5,2.5345,1.3868279453075325,1,21
2_opaque_WW_VisionCrack3,1784092801,win0.4,0.5,0.5349,1.3868279453075325,1,21
2_opaque_WW_VisionCrack3,1784092801,win0.4,0.55,0.7103,1.3868279453075325,1,21
2_opaque_WW_VisionCrack3,1784092801,win0.4,0.6,0.7601,1.3868279453075325,1,21
2_opaque_WW_VisionCrack3,1784092801,win0.4,0.65,0.3611,1.3868279453075325,1,21
2_opaque_WW_VisionCrack3,1784092801,win0.4,0.7,0.3747,1.3868279453075325,1,21
2_opaque_WW_VisionCrack3,1784092801,win0.4,0.75,0.6127,1.3868279453075325,1,21
2_opaque_WW_VisionCrack3,1784092801,win0.4,0.8,-0.0401,1.3868279453075325,1,21
2_opaque_WW_VisionCrack3,1784092801,win0.4,0.85,0.8577,1.3868279453075325,1,21
2_opaque_WW_VisionCrack3,1784092801,win0.4,0.9,0.9033,1.3868279453075325,1,21
2_opaque_WW_VisionCrack3,1784092801,win0.4,0.95,0.9721,1.3868279453075325,1,21
2_opaque_WW_VisionCrack3,1784092801,win0.4,1.0,1.0434,1.3868279453075325,1,21
2_opaque_WW_VisionCrack3,1784092801,win0.4,1.5,1.6508,1.3868279453075325,1,21
2_opaque_WW_VisionCrack3,1784092801,win0.4,2.0,2.0896,1.3868279453075325,1,21
2_opaque_WW_VisionCrack3,1784092801,win0.4,2.5,2.5358,1.3868279453075325,1,21
2_opaque_WW_VisionCrack3,1784092801,win0.8,0.5,0.9865,1.3868279453075325,1,21
2_opaque_WW_VisionCrack3,1784092801,win0.8,0.55,1.0665,1.3868279453075325,1,21
2_opaque_WW_VisionCrack3,1784092801,win0.8,0.6,0.8922,1.3868279453075325,1,21
2_opaque_WW_VisionCrack3,1784092801,win0.8,0.65,0.3611,1.3868279453075325,1,21
2_opaque_WW_VisionCrack3,1784092801,win0.8,0.7,0.3747,1.3868279453075325,1,21
2_opaque_WW_VisionCrack3,1784092801,win0.8,0.75,0.6127,1.3868279453075325,1,21
2_opaque_WW_VisionCrack3,1784092801,win0.8,0.8,-0.0401,1.3868279453075325,1,21
2_opaque_WW_VisionCrack3,1784092801,win0.8,0.85,0.8583,1.3868279453075325,1,21
2_opaque_WW_VisionCrack3,1784092801,win0.8,0.9,0.9014,1.3868279453075325,1,21
2_opaque_WW_VisionCrack3,1784092801,win0.8,0.95,0.9735,1.3868279453075325,1,21
2_opaque_WW_VisionCrack3,1784092801,win0.8,1.0,1.0341,1.3868279453075325,1,21
2_opaque_WW_VisionCrack3,1784092801,win0.8,1.5,1.6687,1.3868279453075325,1,21
2_opaque_WW_VisionCrack3,1784092801,win0.8,2.0,2.0857,1.3868279453075325,1,21
2_opaque_WW_VisionCrack3,1784092801,win0.8,2.5,2.5323,1.3868279453075325,1,21
