folder,tag,variant,truth,est,sigma,subres,n
3_opaque_FA_VisionCrack3,1784092076,full,0.5,0.4466,1.410862798742263,0,14
3_opaque_FA_VisionCrack3,1784092076,full,0.55,0.566,1.410862798742263,0,14
3_opaque_FA_VisionCrack3,1784092076,full,0.6,0.54,1.410862798742263,0,14
3_opaque_FA_VisionCrack3,1784092076,full,0.65,0.6552,1.410862798742263,0,14
3_opaque_FA_VisionCrack3,1784092076,full,0.7,0.6506,1.410862798742263,0,14
3_opaque_FA_VisionCrack3,1784092076,full,0.75,0.7467,1.410862798742263,0,14
3_opaque_FA_VisionCrack3,1784092076,full,0.8,0.8214,1.410862798742263,0,14
3_opaque_FA_VisionCrack3,1784092076,full,0.85,0.8817,1.410862798742263,0,14
3_opaque_FA_VisionCrack3,1784092076,full,0.9,1.0393,1.410862798742263,0,14
3_opaque_FA_VisionCrack3,1784092076,full,0.95,0.9743,1.410862798742263,0,14
3_opaque_FA_VisionCrack3,1784092076,full,1.0,1.0933,1.410862798742263,0,14
3_opaque_FA_VisionCrack3,1784092076,full,1.5,2.0588,1.410862798742263,0,14
3_opaque_FA_VisionCrack3,1784092076,full,2.0,1.966,1.410862798742263,0,14
3_opaque_FA_VisionCrack3,1784092076,full,2.5,2.4786,1.410862798742263,0,14
3_opaque_FA_VisionCrack3,1784092076,no_masked_bg,0.5,0.4528,1.410862798742263,0,14
3_opaque_FA_VisionCrack3,1784092076,no_masked_bg,0.55,0.5833,1.410862798742263,0,14
3_opaque_FA_VisionCrack3,1784092076,no_masked_bg,0.6,0.5448,1.410862798742263,0,14
3_opaque_FA_VisionCrack3,1784092076,no_masked_bg,0.65,0.6639,1.410862798742263,0,14
3_opaque_FA_VisionCrack3,1784092076,no_masked_bg,0.7,0.6504,1.410862798742263,0,14
3_opaque_FA_VisionCrack3,1784092076,no_masked_bg,0.75,0.7512,1.410862798742263,0,14
3_opaque_FA_VisionCrack3,1784092076,no_masked_bg,0.8,1.1301,1.410862798742263,0,14
3_opaque_FA_VisionCrack3,1784092076,no_masked_bg,0.85,0.889,1.410862798742263,0,14
3_opaque_FA_VisionCrack3,1784092076,no_masked_bg,0.9,1.2473,1.410862798742263,0,14
3_opaque_FA_VisionCrack3,1784092076,no_masked_bg,0.95,0.985,1.410862798742263,0,14
3_opaque_FA_VisionCrack3,1784092076,no_masked_bg,1.0,1.2452,1.410862798742263,0,14
3_opaque_FA_VisionCrack3,1784092076,no_masked_bg,1.5,2.2361,1.410862798742263,0,14
3_opaque_FA_VisionCrack3,1784092076,no_masked_bg,2.0,2.215,1.410862798742263,0,14
3_opaque_FA_VisionCrack3,1784092076,no_masked_bg,2.5,2.6811,1.410862798742263,0,14
3_opaque_FA_VisionCrack3,1784092076,lsf_sigma,0.5,0.4365,1.6414891520006947,0,14
3_opaque_FA_VisionCrack3,1784092076,lsf_sigma,0.55,0.5544,1.6414891520006947,0,14
3_opaque_FA_VisionCrack3,1784092076,lsf_sigma,0.6,0.5278,1.6414891520006947,0,14
3_opaque_FA_VisionCrack3,1784092076,lsf_sigma,0.65,0.6468,1.6414891520006947,0,14
3_opaque_FA_VisionCrack3,1784092076,lsf_sigma,0.7,0.6421,1.6414891520006947,0,14
3_opaque_FA_VisionCrack3,1784092076,lsf_sigma,0.75,0.7396,1.6414891520006947,0,14
3_opaque_FA_VisionCrack3,1784092076,lsf_sigma,0.8,0.8125,1.6414891520006947,0,14
3_opaque_FA_VisionCrack3,1784092076,lsf_sigma,0.85,0.8745,1.6414891520006947,0,14
3_opaque_FA_VisionCrack3,1784092076,lsf_sigma,0.9,1.1142,1.6414891520006947,0,14
3_opaque_FA_VisionCrack3,1784092076,lsf_sigma,0.95,0.9724,1.6414891520006947,0,14
3_opaque_FA_VisionCrack3,1784092076,lsf_sigma,1.0,1.1293,1.6414891520006947,0,14
3_opaque_FA_VisionCrack3,1784092076,lsf_sigma,1.5,2.0791,1.6414891520006947,0,14
3_opaque_FA_VisionCrack3,1784092076,lsf_sigma,2.0,1.9729,1.6414891520006947,0,14
3_opaque_FA_VisionCrack3,1784092076,lsf_sigma,2.5,2.4922,1.6414891520006947,0,14
3_opaque_FA_VisionCrack3,1784092076,no_deconv,0.5,0.4282,1.410862798742263,0,14
3_opaque_FA_VisionCrack3,1784092076,no_deconv,0.55,0.5439,1.410862798742263,0,14
3_opaque_FA_VisionCrack3,1784092076,no_deconv,0.6,0.5184,1.410862798742263,0,14
3_opaque_FA_VisionCrack3,1784092076,no_deconv,0.65,0.6318,1.410862798742263,0,14
3_opaque_FA_VisionCrack3,1784092076,no_deconv,0.7,0.6272,1.410862798742263,0,14
3_opaque_FA_VisionCrack3,1784092076,no_deconv,0.75,0.7228,1.410862798742263,0,14
3_opaque_FA_VisionCrack3,1784092076,no_deconv,0.8,0.7978,1.410862798742263,0,14
3_opaque_FA_VisionCrack3,1784092076,no_deconv,0.85,0.8585,1.410862798742263,0,14
3_opaque_FA_VisionCrack3,1784092076,no_deconv,0.9,1.0178,1.410862798742263,0,14
3_opaque_FA_VisionCrack3,1784092076,no_deconv,0.95,0.9522,1.410862798742263,0,14
3_opaque_FA_VisionCrack3,1784092076,no_deconv,1.0,1.0729,1.410862798742263,0,14
3_opaque_FA_VisionCrack3,1784092076,no_deconv,1.5,2.0606,1.410862798742263,0,14
3_opaque_FA_VisionCrack3,1784092076,no_deconv,2.0,1.9651,1.410862798742263,0,14
3_opaque_FA_VisionCrack3,1784092076,no_deconv,2.5,2.4921,1.410862798742263,0,14
3_opaque_FA_VisionCrack3,1784092076,rev3_window,0.5,0.436,1.410862798742263,1,16
3_opaque_FA_VisionCrack3,1784092076,rev3_window,0.55,0.5812,1.410862798742263,1,16
3_opaque_FA_VisionCrack3,1784092076,rev3_window,0.6,0.5278,1.410862798742263,1,16
3_opaque_FA_VisionCrack3,1784092076,rev3_window,0.65,0.6405,1.410862798742263,1,16
3_opaque_FA_VisionCrack3,1784092076,rev3_window,0.7,0.6624,1.410862798742263,1,16
3_opaque_FA_VisionCrack3,1784092076,rev3_window,0.75,0.7432,1.410862798742263,1,16
3_opaque_FA_VisionCrack3,1784092076,rev3_window,0.8,1.1891,1.410862798742263,1,16
3_opaque_FA_VisionCrack3,1784092076,rev3_window,0.85,0.8903,1.410862798742263,1,16
3_opaque_FA_VisionCrack3,1784092076,rev3_window,0.9,1.2456,1.410862798742263,1,16
3_opaque_FA_VisionCrack3,1784092076,rev3_window,0.95,0.9852,1.410862798742263,1,16
3_opaque_FA_VisionCrack3,1784092076,rev3_window,1.0,1.1121,1.410862798742263,1,16
3_opaque_FA_VisionCrack3,1784092076,rev3_window,1.5,2.0201,1.410862798742263,1,16
3_opaque_FA_VisionCrack3,1784092076,rev3_window,2.0,2.2011,1.410862798742263,1,16
3_opaque_FA_VisionCrack3,1784092076,rev3_window,2.5,3.0422,1.410862798742263,1,16
3_opaque_FA_VisionCrack3,1784092076,margin1.0,0.5,0.4421,1.410862798742263,0,14
3_opaque_FA_VisionCrack3,1784092076,margin1.0,0.55,0.5619,1.410862798742263,0,14
3_opaque_FA_VisionCrack3,1784092076,margin1.0,0.6,0.5421,1.410862798742263,0,14
3_opaque_FA_VisionCrack3,1784092076,margin1.0,0.65,0.6529,1.410862798742263,0,14
3_opaque_FA_VisionCrack3,1784092076,margin1.0,0.7,0.6521,1.410862798742263,0,14
3_opaque_FA_VisionCrack3,1784092076,margin1.0,0.75,0.7461,1.410862798742263,0,14
3_opaque_FA_VisionCrack3,1784092076,margin1.0,0.8,0.816,1.410862798742263,0,14
3_opaque_FA_VisionCrack3,1784092076,margin1.0,0.85,0.878,1.410862798742263,0,14
3_opaque_FA_VisionCrack3,1784092076,margin1.0,0.9,0.9663,1.410862798742263,0,14
3_opaque_FA_VisionCrack3,1784092076,margin1.0,0.95,0.9734,1.410862798742263,0,14
3_opaque_FA_VisionCrack3,1784092076,margin1.0,1.0,1.1051,1.410862798742263,0,14
3_opaque_FA_VisionCrack3,1784092076,margin1.0,1.5,2.0199,1.410862798742263,0,14
3_opaque_FA_VisionCrack3,1784092076,margin1.0,2.0,1.9489,1.410862798742263,0,14
3_opaque_FA_VisionCrack3,1784092076,margin1.0,2.5,2.4797,1.410862798742263,0,14
3_opaque_FA_VisionCrack3,1784092076,margin2.0,0.5,0.4495,1.410862798742263,0,14
3_opaque_FA_VisionCrack3,1784092076,margin2.0,0.55,0.5685,1.410862798742263,0,14
3_opaque_FA_VisionCrack3,1784092076,margin2.0,0.6,0.5389,1.410862798742263,0,14
3_opaque_FA_VisionCrack3,1784092076,margin2.0,0.65,0.6534,1.410862798742263,0,14
3_opaque_FA_VisionCrack3,1784092076,margin2.0,0.7,0.6502,1.410862798742263,0,14
3_opaque_FA_VisionCrack3,1784092076,margin2.0,0.75,0.7473,1.410862798742263,0,14
3_opaque_FA_VisionCrack3,1784092076,margin2.0,0.8,0.8226,1.410862798742263,0,14
3_opaque_FA_VisionCrack3,1784092076,margin2.0,0.85,0.8784,1.410862798742263,0,14
3_opaque_FA_VisionCrack3,1784092076,margin2.0,0.9,1.1584,1.410862798742263,0,14
3_opaque_FA_VisionCrack3,1784092076,margin2.0,0.95,0.9769,1.410862798742263,0,14
3_opaque_FA_VisionCrack3,1784092076,margin2.0,1.0,1.1335,1.410862798742263,0,14
3_opaque_FA_VisionCrack3,1784092076,margin2.0,1.5,2.1359,1.410862798742263,0,14
3_opaque_FA_VisionCrack3,1784092076,margin2.0,2.0,1.9789,1.410862798742263,0,14
3_opaque_FA_VisionCrack3,1784092076,margin2.0,2.5,2.5087,1.410862798742263,0,14
3_opaque_FA_VisionCrack3,1784092076,smooth15,0.5,0.4468,1.410862798742263,0,14
3_opaque_FA_VisionCrack3,1784092076,smooth15,0.55,0.5637,1.410862798742263,0,14
3_opaque_FA_VisionCrack3,1784092076,smooth15,0.6,0.546,1.410862798742263,0,14
3_opaque_FA_VisionCrack3,1784092076,smooth15,0.65,0.6604,1.410862798742263,0,14
3_opaque_FA_VisionCrack3,1784092076,smooth15,0.7,0.6536,1.410862798742263,0,14
3_opaque_FA_VisionCrack3,1784092076,smooth15,0.75,0.7498,1.410862798742263,0,14
3_opaque_FA_VisionCrack3,1784092076,smooth15,0.8,0.8231,1.410862798742263,0,14
3_opaque_FA_VisionCrack3,1784092076,smooth15,0.85,0.8831,1.410862798742263,0,14
3_opaque_FA_VisionCrack3,1784092076,smooth15,0.9,0.9735,1.410862798742263,0,14
3_opaque_FA_VisionCrack3,1784092076,smooth15,0.95,0.9723,1.410862798742263,0,14
3_opaque_FA_VisionCrack3,1784092076,smooth15,1.0,1.1013,1.410862798742263,0,14
3_opaque_FA_VisionCrack3,1784092076,smooth15,1.5,1.9717,1.410862798742263,0,14
3_opaque_FA_VisionCrack3,1784092076,smooth15,2.0,1.9643,1.410862798742263,0,14
3_opaque_FA_VisionCrack3,1784092076,smooth15,2.5,2.444,1.410862798742263,0,14
3_opaque_FA_VisionCrack3,1784092076,smooth35,0.5,0.4467,1.410862798742263,0,14
3_opaque_FA_VisionCrack3,1784092076,smooth35,0.55,0.5689,1.410862798742263,0,14
3_opaque_FA_VisionCrack3,1784092076,smooth35,0.6,0.54,1.410862798742263,0,14
3_opaque_FA_VisionCrack3,1784092076,smooth35,0.65,0.6593,1.410862798742263,0,14
3_opaque_FA_VisionCrack3,1784092076,smooth35,0.7,0.6454,1.410862798742263,0,14
3_opaque_FA_VisionCrack3,1784092076,smooth35,0.75,0.7493,1.410862798742263,0,14
3_opaque_FA_VisionCrack3,1784092076,smooth35,0.8,0.8226,1.410862798742263,0,14
3_opaque_FA_VisionCrack3,1784092076,smooth35,0.85,0.8854,1.410862798742263,0,14
3_opaque_FA_VisionCrack3,1784092076,smooth35,0.9,1.0833,1.410862798742263,0,14
3_opaque_FA_VisionCrack3,1784092076,smooth35,0.95,0.9699,1.410862798742263,0,14
3_opaque_FA_VisionCrack3,1784092076,smooth35,1.0,1.2158,1.410862798742263,0,14
3_opaque_FA_VisionCrack3,1784092076,smooth35,1.5,2.1385,1.410862798742263,0,14
3_opaque_FA_VisionCrack3,1784092076,smooth35,2.0,1.9683,1.410862798742263,0,14
3_opaque_FA_VisionCrack3,1784092076,smooth35,2.5,2.5258,1.410862798742263,0,14
3_opaque_FA_VisionCrack3,1784092076,band0.60,0.5,0.4466,1.410862798742263,0,14
3_opaque_FA_VisionCrack3,1784092076,band0.60,0.55,0.566,1.410862798742263,0,14
3_opaque_FA_VisionCrack3,1784092076,band0.60,0.6,0.54,1.410862798742263,0,14
3_opaque_FA_VisionCrack3,1784092076,band0.60,0.65,0.6552,1.410862798742263,0,14
3_opaque_FA_VisionCrack3,1784092076,band0.60,0.7,0.6506,1.410862798742263,0,14
3_opaque_FA_VisionCrack3,1784092076,band0.60,0.75,0.7467,1.410862798742263,0,14
3_opaque_FA_VisionCrack3,1784092076,band0.60,0.8,0.8214,1.410862798742263,0,14
3_opaque_FA_VisionCrack3,1784092076,band0.60,0.85,0.8817,1.410862798742263,0,14
3_opaque_FA_VisionCrack3,1784092076,band0.60,0.9,1.0393,1.410862798742263,0,14
3_opaque_FA_VisionCrack3,1784092076,band0.60,0.95,0.9743,1.410862798742263,0,14
3_opaque_FA_VisionCrack3,1784092076,band0.60,1.0,1.0933,1.410862798742263,0,14
3_opaque_FA_VisionCrack3,1784092076,band0.60,1.5,2.0588,1.410862798742263,0,14
3_opaque_FA_VisionCrack3,1784092076,band0.60,2.0,1.966,1.410862798742263,0,14
3_opaque_FA_VisionCrack3,1784092076,band0.60,2.5,2.4786,1.410862798742263,0,14
3_opaque_FA_VisionCrack3,1784092076,win0.4,0.5,0.4466,1.410862798742263,0,14
3_opaque_FA_VisionCrack3,1784092076,win0.4,0.55,0.5526,1.410862798742263,0,14
3_opaque_FA_VisionCrack3,1784092076,win0.4,0.6,0.54,1.410862798742263,0,14
3_opaque_FA_VisionCrack3,1784092076,win0.4,0.65,0.6524,1.410862798742263,0,14
3_opaque_FA_VisionCrack3,1784092076,win0.4,0.7,0.659,1.410862798742263,0,14
3_opaque_FA_VisionCrack3,1784092076,win0.4,0.75,0.7435,1.410862798742263,0,14
3_opaque_FA_VisionCrack3,1784092076,win0.4,0.8,0.8525,1.410862798742263,0,14
3_opaque_FA_VisionCrack3,1784092076,win0.4,0.85,0.882,1.410862798742263,0,14
3_opaque_FA_VisionCrack3,1784092076,win0.4,0.9,1.0677,1.410862798742263,0,14
3_opaque_FA_VisionCrack3,1784092076,win0.4,0.95,0.9649,1.410862798742263,0,14
3_opaque_FA_VisionCrack3,1784092076,win0.4,1.0,1.0238,1.410862798742263,0,14
3_opaque_FA_VisionCrack3,1784092076,win0.4,1.5,2.0414,1.410862798742263,0,14
3_opaque_FA_VisionCrack3,1784092076,win0.4,2.0,1.9688,1.410862798742263,0,14
3_opaque_FA_VisionCrack3,1784092076,win0.4,2.5,2.462,1.410862798742263,0,14
3_opaque_FA_VisionCrack3,1784092076,win0.8,0.5,0.4499,1.410862798742263,0,14
3_opaque_FA_VisionCrack3,1784092076,win0.8,0.55,0.5619,1.410862798742263,0,14
3_opaque_FA_VisionCrack3,1784092076,win0.8,0.6,0.5296,1.410862798742263,0,14
3_opaque_FA_VisionCrack3,1784092076,win0.8,0.65,0.6432,1.410862798742263,0,14
3_opaque_FA_VisionCrack3,1784092076,win0.8,0.7,0.6525,1.410862798742263,0,14
3_opaque_FA_VisionCrack3,1784092076,win0.8,0.75,0.7438,1.410862798742263,0,14
3_opaque_FA_VisionCrack3,1784092076,win0.8,0.8,0.8361,1.410862798742263,0,14
3_opaque_FA_VisionCrack3,1784092076,win0.8,0.85,0.8858,1.410862798742263,0,14
3_opaque_FA_VisionCrack3,1784092076,win0.8,0.9,1.2011,1.410862798742263,0,14
3_opaque_FA_VisionCrack3,1784092076,win0.8,0.95,0.9428,1.410862798742263,0,14
3_opaque_FA_VisionCrack3,1784092076,win0.8,1.0,1.0657,1.410862798742263,0,14
3_opaque_FA_VisionCrack3,1784092076,win0.8,1.5,2.0169,1.410862798742263,0,14
3_opaque_FA_VisionCrack3,1784092076,win0.8,2.0,2.2987,1.410862798742263,0,14
3_opaque_FA_VisionCrack3,1784092076,win0.8,2.5,2.4154,1.410862798742263,0,14
3_opaque_FA_VisionCrack3,1784092086,full,0.5,0.4409,1.371428124663546,0,17
3_opaque_FA_VisionCrack3,1784092086,full,0.55,0.5583,1.371428124663546,0,17
3_opaque_FA_VisionCrack3,1784092086,full,0.6,0.5554,1.371428124663546,0,17
3_opaque_FA_VisionCrack3,1784092086,full,0.65,0.6536,1.371428124663546,0,17
3_opaque_FA_VisionCrack3,1784092086,full,0.7,0.649,1.371428124663546,0,17
3_opaque_FA_VisionCrack3,1784092086,full,0.75,0.7595,1.371428124663546,0,17
3_opaque_FA_VisionCrack3,1784092086,full,0.8,0.8209,1.371428124663546,0,17
3_opaque_FA_VisionCrack3,1784092086,full,0.85,0.874,1.371428124663546,0,17
3_opaque_FA_VisionCrack3,1784092086,full,0.9,1.1988,1.371428124663546,0,17
3_opaque_FA_VisionCrack3,1784092086,full,0.95,0.9964,1.371428124663546,0,17
3_opaque_FA_VisionCrack3,1784092086,full,1.0,1.0416,1.371428124663546,0,17
3_opaque_FA_VisionCrack3,1784092086,full,1.5,2.1378,1.371428124663546,0,17
3_opaque_FA_VisionCrack3,1784092086,full,2.0,2.3001,1.371428124663546,0,17
3_opaque_FA_VisionCrack3,1784092086,full,2.5,2.5345,1.371428124663546,0,17
3_opaque_FA_VisionCrack3,1784092086,no_masked_bg,0.5,0.4594,1.371428124663546,0,17
3_opaque_FA_VisionCrack3,1784092086,no_masked_bg,0.55,0.5619,1.371428124663546,0,17
3_opaque_FA_VisionCrack3,1784092086,no_masked_bg,0.6,0.5621,1.371428124663546,0,17
3_opaque_FA_VisionCrack3,1784092086,no_masked_bg,0.65,0.6597,1.371428124663546,0,17
3_opaque_FA_VisionCrack3,1784092086,no_masked_bg,0.7,0.6555,1.371428124663546,0,17
3_opaque_FA_VisionCrack3,1784092086,no_masked_bg,0.75,0.7656,1.371428124663546,0,17
3_opaque_FA_VisionCrack3,1784092086,no_masked_bg,0.8,1.1559,1.371428124663546,0,17
3_opaque_FA_VisionCrack3,1784092086,no_masked_bg,0.85,0.8883,1.371428124663546,0,17
3_opaque_FA_VisionCrack3,1784092086,no_masked_bg,0.9,1.2498,1.371428124663546,0,17
3_opaque_FA_VisionCrack3,1784092086,no_masked_bg,0.95,1.0028,1.371428124663546,0,17
3_opaque_FA_VisionCrack3,1784092086,no_masked_bg,1.0,1.0564,1.371428124663546,0,17
3_opaque_FA_VisionCrack3,1784092086,no_masked_bg,1.5,2.3035,1.371428124663546,0,17
3_opaque_FA_VisionCrack3,1784092086,no_masked_bg,2.0,2.3484,1.371428124663546,0,17
3_opaque_FA_VisionCrack3,1784092086,no_masked_bg,2.5,2.7046,1.371428124663546,0,17
3_opaque_FA_VisionCrack3,1784092086,lsf_sigma,0.5,0.4322,1.5657705168237253,1,17
3_opaque_FA_VisionCrack3,1784092086,lsf_sigma,0.55,0.55,1.5657705168237253,1,17
3_opaque_FA_VisionCrack3,1784092086,lsf_sigma,0.6,0.5459,1.5657705168237253,1,17
3_opaque_FA_VisionCrack3,1784092086,lsf_sigma,0.65,0.6493,1.5657705168237253,1,17
3_opaque_FA_VisionCrack3,1784092086,lsf_sigma,0.7,0.64,1.5657705168237253,1,17
3_opaque_FA_VisionCrack3,1784092086,lsf_sigma,0.75,0.7543,1.5657705168237253,1,17
3_opaque_FA_VisionCrack3,1784092086,lsf_sigma,0.8,0.8171,1.5657705168237253,1,17
3_opaque_FA_VisionCrack3,1784092086,lsf_sigma,0.85,0.8699,1.5657705168237253,1,17
3_opaque_FA_VisionCrack3,1784092086,lsf_sigma,0.9,1.1976,1.5657705168237253,1,17
3_opaque_FA_VisionCrack3,1784092086,lsf_sigma,0.95,0.9936,1.5657705168237253,1,17
3_opaque_FA_VisionCrack3,1784092086,lsf_sigma,1.0,1.0455,1.5657705168237253,1,17
3_opaque_FA_VisionCrack3,1784092086,lsf_sigma,1.5,2.196,1.5657705168237253,1,17
3_opaque_FA_VisionCrack3,1784092086,lsf_sigma,2.0,2.3031,1.5657705168237253,1,17
3_opaque_FA_VisionCrack3,1784092086,lsf_sigma,2.5,2.5514,1.5657705168237253,1,17
3_opaque_FA_VisionCrack3,1784092086,no_deconv,0.5,0.4164,1.371428124663546,0,17
3_opaque_FA_VisionCrack3,1784092086,no_deconv,0.55,0.5305,1.371428124663546,0,17
3_opaque_FA_VisionCrack3,1784092086,no_deconv,0.6,0.5277,1.371428124663546,0,17
3_opaque_FA_VisionCrack3,1784092086,no_deconv,0.65,0.6249,1.371428124663546,0,17
3_opaque_FA_VisionCrack3,1784092086,no_deconv,0.7,0.6204,1.371428124663546,0,17
3_opaque_FA_VisionCrack3,1784092086,no_deconv,0.75,0.731,1.371428124663546,0,17
3_opaque_FA_VisionCrack3,1784092086,no_deconv,0.8,0.7928,1.371428124663546,0,17
3_opaque_FA_VisionCrack3,1784092086,no_deconv,0.85,0.8465,1.371428124663546,0,17
3_opaque_FA_VisionCrack3,1784092086,no_deconv,0.9,1.1767,1.371428124663546,0,17
3_opaque_FA_VisionCrack3,1784092086,no_deconv,0.95,0.9705,1.371428124663546,0,17
3_opaque_FA_VisionCrack3,1784092086,no_deconv,1.0,1.0166,1.371428124663546,0,17
3_opaque_FA_VisionCrack3,1784092086,no_deconv,1.5,2.14,1.371428124663546,0,17
3_opaque_FA_VisionCrack3,1784092086,no_deconv,2.0,2.3069,1.371428124663546,0,17
3_opaque_FA_VisionCrack3,1784092086,no_deconv,2.5,2.5482,1.371428124663546,0,17
3_opaque_FA_VisionCrack3,1784092086,rev3_window,0.5,0.4354,1.371428124663546,2,17
3_opaque_FA_VisionCrack3,1784092086,rev3_window,0.55,0.5657,1.371428124663546,2,17
3_opaque_FA_VisionCrack3,1784092086,rev3_window,0.6,0.5669,1.371428124663546,2,17
3_opaque_FA_VisionCrack3,1784092086,rev3_window,0.65,0.6497,1.371428124663546,2,17
3_opaque_FA_VisionCrack3,1784092086,rev3_window,0.7,0.6628,1.371428124663546,2,17
3_opaque_FA_VisionCrack3,1784092086,rev3_window,0.75,0.771,1.371428124663546,2,17
3_opaque_FA_VisionCrack3,1784092086,rev3_window,0.8,0.8441,1.371428124663546,2,17
3_opaque_FA_VisionCrack3,1784092086,rev3_window,0.85,0.8993,1.371428124663546,2,17
3_opaque_FA_VisionCrack3,1784092086,rev3_window,0.9,1.2966,1.371428124663546,2,17
3_opaque_FA_VisionCrack3,1784092086,rev3_window,0.95,0.9854,1.371428124663546,2,17
3_opaque_FA_VisionCrack3,1784092086,rev3_window,1.0,1.0175,1.371428124663546,2,17
3_opaque_FA_VisionCrack3,1784092086,rev3_window,1.5,2.6454,1.371428124663546,2,17
3_opaque_FA_VisionCrack3,1784092086,rev3_window,2.0,2.9138,1.371428124663546,2,17
3_opaque_FA_VisionCrack3,1784092086,rev3_window,2.5,3.8249,1.371428124663546,2,17
3_opaque_FA_VisionCrack3,1784092086,margin1.0,0.5,0.4408,1.371428124663546,0,17
3_opaque_FA_VisionCrack3,1784092086,margin1.0,0.55,0.5605,1.371428124663546,0,17
3_opaque_FA_VisionCrack3,1784092086,margin1.0,0.6,0.5578,1.371428124663546,0,17
3_opaque_FA_VisionCrack3,1784092086,margin1.0,0.65,0.6531,1.371428124663546,0,17
3_opaque_FA_VisionCrack3,1784092086,margin1.0,0.7,0.652,1.371428124663546,0,17
3_opaque_FA_VisionCrack3,1784092086,margin1.0,0.75,0.7583,1.371428124663546,0,17
3_opaque_FA_VisionCrack3,1784092086,margin1.0,0.8,0.828,1.371428124663546,0,17
3_opaque_FA_VisionCrack3,1784092086,margin1.0,0.85,0.8728,1.371428124663546,0,17
3_opaque_FA_VisionCrack3,1784092086,margin1.0,0.9,1.121,1.371428124663546,0,17
3_opaque_FA_VisionCrack3,1784092086,margin1.0,0.95,0.9869,1.371428124663546,0,17
3_opaque_FA_VisionCrack3,1784092086,margin1.0,1.0,1.0305,1.371428124663546,0,17
3_opaque_FA_VisionCrack3,1784092086,margin1.0,1.5,2.1273,1.371428124663546,0,17
3_opaque_FA_VisionCrack3,1784092086,margin1.0,2.0,2.2945,1.371428124663546,0,17
3_opaque_FA_VisionCrack3,1784092086,margin1.0,2.5,2.5461,1.371428124663546,0,17
3_opaque_FA_VisionCrack3,1784092086,margin2.0,0.5,0.4424,1.371428124663546,0,17
3_opaque_FA_VisionCrack3,1784092086,margin2.0,0.55,0.5577,1.371428124663546,0,17
3_opaque_FA_VisionCrack3,1784092086,margin2.0,0.6,0.5537,1.371428124663546,0,17
3_opaque_FA_VisionCrack3,1784092086,margin2.0,0.65,0.6556,1.371428124663546,0,17
3_opaque_FA_VisionCrack3,1784092086,margin2.0,0.7,0.6465,1.371428124663546,0,17
3_opaque_FA_VisionCrack3,1784092086,margin2.0,0.75,0.7595,1.371428124663546,0,17
3_opaque_FA_VisionCrack3,1784092086,margin2.0,0.8,0.8217,1.371428124663546,0,17
3_opaque_FA_VisionCrack3,1784092086,margin2.0,0.85,0.8741,1.371428124663546,0,17
3_opaque_FA_VisionCrack3,1784092086,margin2.0,0.9,1.1998,1.371428124663546,0,17
3_opaque_FA_VisionCrack3,1784092086,margin2.0,0.95,0.9969,1.371428124663546,0,17
3_opaque_FA_VisionCrack3,1784092086,margin2.0,1.0,1.0485,1.371428124663546,0,17
3_opaque_FA_VisionCrack3,1784092086,margin2.0,1.5,2.195,1.371428124663546,0,17
3_opaque_FA_VisionCrack3,1784092086,margin2.0,2.0,2.3019,1.371428124663546,0,17
3_opaque_FA_VisionCrack3,1784092086,margin2.0,2.5,2.5496,1.371428124663546,0,17
3_opaque_FA_VisionCrack3,1784092086,smooth15,0.5,0.4491,1.371428124663546,1,17
3_opaque_FA_VisionCrack3,1784092086,smooth15,0.55,0.5604,1.371428124663546,1,17
3_opaque_FA_VisionCrack3,1784092086,smooth15,0.6,0.5655,1.371428124663546,1,17
3_opaque_FA_VisionCrack3,1784092086,smooth15,0.65,0.6588,1.371428124663546,1,17
3_opaque_FA_VisionCrack3,1784092086,smooth15,0.7,0.6537,1.371428124663546,1,17
3_opaque_FA_VisionCrack3,1784092086,smooth15,0.75,0.762,1.371428124663546,1,17
3_opaque_FA_VisionCrack3,1784092086,smooth15,0.8,0.8204,1.371428124663546,1,17
3_opaque_FA_VisionCrack3,1784092086,smooth15,0.85,0.8737,1.371428124663546,1,17
3_opaque_FA_VisionCrack3,1784092086,smooth15,0.9,1.1382,1.371428124663546,1,17
3_opaque_FA_VisionCrack3,1784092086,smooth15,0.95,0.9954,1.371428124663546,1,17
3_opaque_FA_VisionCrack3,1784092086,smooth15,1.0,1.0284,1.371428124663546,1,17
3_opaque_FA_VisionCrack3,1784092086,smooth15,1.5,2.0632,1.371428124663546,1,17
3_opaque_FA_VisionCrack3,1784092086,smooth15,2.0,2.2576,1.371428124663546,1,17
3_opaque_FA_VisionCrack3,1784092086,smooth15,2.5,2.5056,1.371428124663546,1,17
3_opaque_FA_VisionCrack3,1784092086,smooth35,0.5,0.4399,1.371428124663546,0,17
3_opaque_FA_VisionCrack3,1784092086,smooth35,0.55,0.5608,1.371428124663546,0,17
3_opaque_FA_VisionCrack3,1784092086,smooth35,0.6,0.5528,1.371428124663546,0,17
3_opaque_FA_VisionCrack3,1784092086,smooth35,0.65,0.6552,1.371428124663546,0,17
3_opaque_FA_VisionCrack3,1784092086,smooth35,0.7,0.6455,1.371428124663546,0,17
3_opaque_FA_VisionCrack3,1784092086,smooth35,0.75,0.762,1.371428124663546,0,17
3_opaque_FA_VisionCrack3,1784092086,smooth35,0.8,0.8273,1.371428124663546,0,17
3_opaque_FA_VisionCrack3,1784092086,smooth35,0.85,0.8788,1.371428124663546,0,17
3_opaque_FA_VisionCrack3,1784092086,smooth35,0.9,1.1985,1.371428124663546,0,17
3_opaque_FA_VisionCrack3,1784092086,smooth35,0.95,0.9902,1.371428124663546,0,17
3_opaque_FA_VisionCrack3,1784092086,smooth35,1.0,1.0447,1.371428124663546,0,17
3_opaque_FA_VisionCrack3,1784092086,smooth35,1.5,2.2135,1.371428124663546,0,17
3_opaque_FA_VisionCrack3,1784092086,smooth35,2.0,2.3263,1.371428124663546,0,17
3_opaque_FA_VisionCrack3,1784092086,smooth35,2.5,2.6132,1.371428124663546,0,17
3_opaque_FA_VisionCrack3,1784092086,band0.60,0.5,0.4409,1.371428124663546,0,17
3_opaque_FA_VisionCrack3,1784092086,band0.60,0.55,0.5583,1.371428124663546,0,17
3_opaque_FA_VisionCrack3,1784092086,band0.60,0.6,0.5554,1.371428124663546,0,17
3_opaque_FA_VisionCrack3,1784092086,band0.60,0.65,0.6536,1.371428124663546,0,17
3_opaque_FA_VisionCrack3,1784092086,band0.60,0.7,0.649,1.371428124663546,0,17
3_opaque_FA_VisionCrack3,1784092086,band0.60,0.75,0.7595,1.371428124663546,0,17
3_opaque_FA_VisionCrack3,1784092086,band0.60,0.8,0.8209,1.371428124663546,0,17
3_opaque_FA_VisionCrack3,1784092086,band0.60,0.85,0.874,1.371428124663546,0,17
3_opaque_FA_VisionCrack3,1784092086,band0.60,0.9,1.1988,1.371428124663546,0,17
3_opaque_FA_VisionCrack3,1784092086,band0.60,0.95,0.9964,1.371428124663546,0,17
3_opaque_FA_VisionCrack3,1784092086,band0.60,1.0,1.0416,1.371428124663546,0,17
3_opaque_FA_VisionCrack3,1784092086,band0.60,1.5,2.1378,1.371428124663546,0,17
3_opaque_FA_VisionCrack3,1784092086,band0.60,2.0,2.3001,1.371428124663546,0,17
3_opaque_FA_VisionCrack3,1784092086,band0.60,2.5,2.5345,1.371428124663546,0,17
3_opaque_FA_VisionCrack3,1784092086,win0.4,0.5,0.4504,1.371428124663546,0,17
3_opaque_FA_VisionCrack3,1784092086,win0.4,0.55,0.5556,1.371428124663546,0,17
3_opaque_FA_VisionCrack3,1784092086,win0.4,0.6,0.5682,1.371428124663546,0,17
3_opaque_FA_VisionCrack3,1784092086,win0.4,0.65,0.654,1.371428124663546,0,17
3_opaque_FA_VisionCrack3,1784092086,win0.4,0.7,0.6603,1.371428124663546,0,17
3_opaque_FA_VisionCrack3,1784092086,win0.4,0.75,0.7546,1.371428124663546,0,17
3_opaque_FA_VisionCrack3,1784092086,win0.4,0.8,1.1428,1.371428124663546,0,17
3_opaque_FA_VisionCrack3,1784092086,win0.4,0.85,0.8842,1.371428124663546,0,17
3_opaque_FA_VisionCrack3,1784092086,win0.4,0.9,1.2206,1.371428124663546,0,17
3_opaque_FA_VisionCrack3,1784092086,win0.4,0.95,0.9794,1.371428124663546,0,17
3_opaque_FA_VisionCrack3,1784092086,win0.4,1.0,1.0289,1.371428124663546,0,17
3_opaque_FA_VisionCrack3,1784092086,win0.4,1.5,2.1487,1.371428124663546,0,17
3_opaque_FA_VisionCrack3,1784092086,win0.4,2.0,2.0088,1.371428124663546,0,17
3_opaque_FA_VisionCrack3,1784092086,win0.4,2.5,2.4885,1.371428124663546,0,17
3_opaque_FA_VisionCrack3,1784092086,win0.8,0.5,0.4094,1.371428124663546,0,17
3_opaque_FA_VisionCrack3,1784092086,win0.8,0.55,0.5818,1.371428124663546,0,17
3_opaque_FA_VisionCrack3,1784092086,win0.8,0.6,0.5706,1.371428124663546,0,17
3_opaque_FA_VisionCrack3,1784092086,win0.8,0.65,0.659,1.371428124663546,0,17
3_opaque_FA_VisionCrack3,1784092086,win0.8,0.7,0.6399,1.371428124663546,0,17
3_opaque_FA_VisionCrack3,1784092086,win0.8,0.75,0.758,1.371428124663546,0,17
3_opaque_FA_VisionCrack3,1784092086,win0.8,0.8,1.1426,1.371428124663546,0,17
3_opaque_FA_VisionCrack3,1784092086,win0.8,0.85,0.8892,1.371428124663546,0,17
3_opaque_FA_VisionCrack3,1784092086,win0.8,0.9,1.2462,1.371428124663546,0,17
3_opaque_FA_VisionCrack3,1784092086,win0.8,0.95,0.9575,1.371428124663546,0,17
3_opaque_FA_VisionCrack3,1784092086,win0.8,1.0,1.042,1.371428124663546,0,17
3_opaque_FA_VisionCrack3,1784092086,win0.8,1.5,2.0492,1.371428124663546,0,17
3_opaque_FA_VisionCrack3,1784092086,win0.8,2.0,2.9173,1.371428124663546,0,17
3_opaque_FA_VisionCrack3,1784092086,win0.8,2.5,2.5212,1.371428124663546,0,17
3_opaque_FA_VisionCrack3,1784092096,full,0.5,0.4558,1.3574069231796577,0,15
3_opaque_FA_VisionCrack3,1784092096,full,0.55,0.531,1.3574069231796577,0,15
3_opaque_FA_VisionCrack3,1784092096,full,0.6,0.5394,1.3574069231796577,0,15
3_opaque_FA_VisionCrack3,1784092096,full,0.65,0.6501,1.3574069231796577,0,15
3_opaque_FA_VisionCrack3,1784092096,full,0.7,0.659,1.3574069231796577,0,15
3_opaque_FA_VisionCrack3,1784092096,full,0.75,0.7511,1.3574069231796577,0,15
3_opaque_FA_VisionCrack3,1784092096,full,0.8,0.8586,1.3574069231796577,0,15
3_opaque_FA_VisionCrack3,1784092096,full,0.85,0.8761,1.3574069231796577,0,15
3_opaque_FA_VisionCrack3,1784092096,full,0.9,0.961,1.3574069231796577,0,15
3_opaque_FA_VisionCrack3,1784092096,full,0.95,0.9789,1.3574069231796577,0,15
3_opaque_FA_VisionCrack3,1784092096,full,1.0,1.0384,1.3574069231796577,0,15
3_opaque_FA_VisionCrack3,1784092096,full,1.5,1.9994,1.3574069231796577,0,15
3_opaque_FA_VisionCrack3,1784092096,full,2.0,2.2947,1.3574069231796577,0,15
3_opaque_FA_VisionCrack3,1784092096,full,2.5,2.5575,1.3574069231796577,0,15
3_opaque_FA_VisionCrack3,1784092096,no_masked_bg,0.5,0.4617,1.3574069231796577,0,15
3_opaque_FA_VisionCrack3,1784092096,no_masked_bg,0.55,0.5383,1.3574069231796577,0,15
3_opaque_FA_VisionCrack3,1784092096,no_masked_bg,0.6,0.5585,1.3574069231796577,0,15
3_opaque_FA_VisionCrack3,1784092096,no_masked_bg,0.65,0.6526,1.3574069231796577,0,15
3_opaque_FA_VisionCrack3,1784092096,no_masked_bg,0.7,0.6676,1.3574069231796577,0,15
3_opaque_FA_VisionCrack3,1784092096,no_masked_bg,0.75,0.758,1.3574069231796577,0,15
3_opaque_FA_VisionCrack3,1784092096,no_masked_bg,0.8,1.1537,1.3574069231796577,0,15
3_opaque_FA_VisionCrack3,1784092096,no_masked_bg,0.85,0.892,1.3574069231796577,0,15
3_opaque_FA_VisionCrack3,1784092096,no_masked_bg,0.9,1.0976,1.3574069231796577,0,15
3_opaque_FA_VisionCrack3,1784092096,no_masked_bg,0.95,0.9877,1.3574069231796577,0,15
3_opaque_FA_VisionCrack3,1784092096,no_masked_bg,1.0,1.055,1.3574069231796577,0,15
3_opaque_FA_VisionCrack3,1784092096,no_masked_bg,1.5,2.2335,1.3574069231796577,0,15
3_opaque_FA_VisionCrack3,1784092096,no_masked_bg,2.0,2.3197,1.3574069231796577,0,15
3_opaque_FA_VisionCrack3,1784092096,no_masked_bg,2.5,2.6728,1.3574069231796577,0,15
3_opaque_FA_VisionCrack3,1784092096,lsf_sigma,0.5,0.4462,1.5523231797221386,0,15
3_opaque_FA_VisionCrack3,1784092096,lsf_sigma,0.55,0.5232,1.5523231797221386,0,15
3_opaque_FA_VisionCrack3,1784092096,lsf_sigma,0.6,0.5318,1.5523231797221386,0,15
3_opaque_FA_VisionCrack3,1784092096,lsf_sigma,0.65,0.6443,1.5523231797221386,0,15
3_opaque_FA_VisionCrack3,1784092096,lsf_sigma,0.7,0.6533,1.5523231797221386,0,15
3_opaque_FA_VisionCrack3,1784092096,lsf_sigma,0.75,0.7466,1.5523231797221386,0,15
3_opaque_FA_VisionCrack3,1784092096,lsf_sigma,0.8,0.8552,1.5523231797221386,0,15
3_opaque_FA_VisionCrack3,1784092096,lsf_sigma,0.85,0.8728,1.5523231797221386,0,15
3_opaque_FA_VisionCrack3,1784092096,lsf_sigma,0.9,0.9585,1.5523231797221386,0,15
3_opaque_FA_VisionCrack3,1784092096,lsf_sigma,0.95,0.9764,1.5523231797221386,0,15
3_opaque_FA_VisionCrack3,1784092096,lsf_sigma,1.0,1.0364,1.5523231797221386,0,15
3_opaque_FA_VisionCrack3,1784092096,lsf_sigma,1.5,2.0021,1.5523231797221386,0,15
3_opaque_FA_VisionCrack3,1784092096,lsf_sigma,2.0,2.2985,1.5523231797221386,0,15
3_opaque_FA_VisionCrack3,1784092096,lsf_sigma,2.5,2.5621,1.5523231797221386,0,15
3_opaque_FA_VisionCrack3,1784092096,no_deconv,0.5,0.4325,1.3574069231796577,0,15
3_opaque_FA_VisionCrack3,1784092096,no_deconv,0.55,0.5057,1.3574069231796577,0,15
3_opaque_FA_VisionCrack3,1784092096,no_deconv,0.6,0.5139,1.3574069231796577,0,15
3_opaque_FA_VisionCrack3,1784092096,no_deconv,0.65,0.6235,1.3574069231796577,0,15
3_opaque_FA_VisionCrack3,1784092096,no_deconv,0.7,0.6324,1.3574069231796577,0,15
3_opaque_FA_VisionCrack3,1784092096,no_deconv,0.75,0.7247,1.3574069231796577,0,15
3_opaque_FA_VisionCrack3,1784092096,no_deconv,0.8,0.8331,1.3574069231796577,0,15
3_opaque_FA_VisionCrack3,1784092096,no_deconv,0.85,0.8508,1.3574069231796577,0,15
3_opaque_FA_VisionCrack3,1784092096,no_deconv,0.9,0.937,1.3574069231796577,0,15
3_opaque_FA_VisionCrack3,1784092096,no_deconv,0.95,0.9551,1.3574069231796577,0,15
3_opaque_FA_VisionCrack3,1784092096,no_deconv,1.0,1.0157,1.3574069231796577,0,15
3_opaque_FA_VisionCrack3,1784092096,no_deconv,1.5,2.0012,1.3574069231796577,0,15
3_opaque_FA_VisionCrack3,1784092096,no_deconv,2.0,2.3053,1.3574069231796577,0,15
3_opaque_FA_VisionCrack3,1784092096,no_deconv,2.5,2.5761,1.3574069231796577,0,15
3_opaque_FA_VisionCrack3,1784092096,rev3_window,0.5,0.4269,1.3574069231796577,0,16
3_opaque_FA_VisionCrack3,1784092096,rev3_window,0.55,0.5732,1.3574069231796577,0,16
3_opaque_FA_VisionCrack3,1784092096,rev3_window,0.6,0.5344,1.3574069231796577,0,16
3_opaque_FA_VisionCrack3,1784092096,rev3_window,0.65,0.635,1.3574069231796577,0,16
3_opaque_FA_VisionCrack3,1784092096,rev3_window,0.7,0.6485,1.3574069231796577,0,16
3_opaque_FA_VisionCrack3,1784092096,rev3_window,0.75,0.7655,1.3574069231796577,0,16
3_opaque_FA_VisionCrack3,1784092096,rev3_window,0.8,1.1479,1.3574069231796577,0,16
3_opaque_FA_VisionCrack3,1784092096,rev3_window,0.85,0.8858,1.3574069231796577,0,16
3_opaque_FA_VisionCrack3,1784092096,rev3_window,0.9,1.0729,1.3574069231796577,0,16
3_opaque_FA_VisionCrack3,1784092096,rev3_window,0.95,0.9675,1.3574069231796577,0,16
3_opaque_FA_VisionCrack3,1784092096,rev3_window,1.0,1.0179,1.3574069231796577,0,16
3_opaque_FA_VisionCrack3,1784092096,rev3_window,1.5,1.5965,1.3574069231796577,0,16
3_opaque_FA_VisionCrack3,1784092096,rev3_window,2.0,2.9148,1.3574069231796577,0,16
3_opaque_FA_VisionCrack3,1784092096,rev3_window,2.5,2.7414,1.3574069231796577,0,16
3_opaque_FA_VisionCrack3,1784092096,margin1.0,0.5,0.4563,1.3574069231796577,0,15
3_opaque_FA_VisionCrack3,1784092096,margin1.0,0.55,0.5297,1.3574069231796577,0,15
3_opaque_FA_VisionCrack3,1784092096,margin1.0,0.6,0.5442,1.3574069231796577,0,15
3_opaque_FA_VisionCrack3,1784092096,margin1.0,0.65,0.6485,1.3574069231796577,0,15
3_opaque_FA_VisionCrack3,1784092096,margin1.0,0.7,0.6599,1.3574069231796577,0,15
3_opaque_FA_VisionCrack3,1784092096,margin1.0,0.75,0.7483,1.3574069231796577,0,15
3_opaque_FA_VisionCrack3,1784092096,margin1.0,0.8,0.8265,1.3574069231796577,0,15
3_opaque_FA_VisionCrack3,1784092096,margin1.0,0.85,0.8748,1.3574069231796577,0,15
3_opaque_FA_VisionCrack3,1784092096,margin1.0,0.9,0.9477,1.3574069231796577,0,15
3_opaque_FA_VisionCrack3,1784092096,margin1.0,0.95,0.9693,1.3574069231796577,0,15
3_opaque_FA_VisionCrack3,1784092096,margin1.0,1.0,1.0313,1.3574069231796577,0,15
3_opaque_FA_VisionCrack3,1784092096,margin1.0,1.5,2.0708,1.3574069231796577,0,15
3_opaque_FA_VisionCrack3,1784092096,margin1.0,2.0,2.2908,1.3574069231796577,0,15
3_opaque_FA_VisionCrack3,1784092096,margin1.0,2.5,2.7192,1.3574069231796577,0,15
3_opaque_FA_VisionCrack3,1784092096,margin2.0,0.5,0.4573,1.3574069231796577,0,15
3_opaque_FA_VisionCrack3,1784092096,margin2.0,0.55,0.5312,1.3574069231796577,0,15
3_opaque_FA_VisionCrack3,1784092096,margin2.0,0.6,0.5359,1.3574069231796577,0,15
3_opaque_FA_VisionCrack3,1784092096,margin2.0,0.65,0.6505,1.3574069231796577,0,15
3_opaque_FA_VisionCrack3,1784092096,margin2.0,0.7,0.6575,1.3574069231796577,0,15
3_opaque_FA_VisionCrack3,1784092096,margin2.0,0.75,0.7522,1.3574069231796577,0,15
3_opaque_FA_VisionCrack3,1784092096,margin2.0,0.8,0.8766,1.3574069231796577,0,15
3_opaque_FA_VisionCrack3,1784092096,margin2.0,0.85,0.8774,1.3574069231796577,0,15
3_opaque_FA_VisionCrack3,1784092096,margin2.0,0.9,0.9636,1.3574069231796577,0,15
3_opaque_FA_VisionCrack3,1784092096,margin2.0,0.95,0.9801,1.3574069231796577,0,15
3_opaque_FA_VisionCrack3,1784092096,margin2.0,1.0,1.0367,1.3574069231796577,0,15
3_opaque_FA_VisionCrack3,1784092096,margin2.0,1.5,2.1086,1.3574069231796577,0,15
3_opaque_FA_VisionCrack3,1784092096,margin2.0,2.0,2.2951,1.3574069231796577,0,15
3_opaque_FA_VisionCrack3,1784092096,margin2.0,2.5,2.5609,1.3574069231796577,0,15
3_opaque_FA_VisionCrack3,1784092096,smooth15,0.5,0.4577,1.3574069231796577,0,15
3_opaque_FA_VisionCrack3,1784092096,smooth15,0.55,0.5304,1.3574069231796577,0,15
3_opaque_FA_VisionCrack3,1784092096,smooth15,0.6,0.5462,1.3574069231796577,0,15
3_opaque_FA_VisionCrack3,1784092096,smooth15,0.65,0.6541,1.3574069231796577,0,15
3_opaque_FA_VisionCrack3,1784092096,smooth15,0.7,0.6598,1.3574069231796577,0,15
3_opaque_FA_VisionCrack3,1784092096,smooth15,0.75,0.7534,1.3574069231796577,0,15
3_opaque_FA_VisionCrack3,1784092096,smooth15,0.8,0.8388,1.3574069231796577,0,15
3_opaque_FA_VisionCrack3,1784092096,smooth15,0.85,0.8735,1.3574069231796577,0,15
3_opaque_FA_VisionCrack3,1784092096,smooth15,0.9,0.9607,1.3574069231796577,0,15
3_opaque_FA_VisionCrack3,1784092096,smooth15,0.95,0.9756,1.3574069231796577,0,15
3_opaque_FA_VisionCrack3,1784092096,smooth15,1.0,1.0305,1.3574069231796577,0,15
3_opaque_FA_VisionCrack3,1784092096,smooth15,1.5,1.8098,1.3574069231796577,0,15
3_opaque_FA_VisionCrack3,1784092096,smooth15,2.0,2.2705,1.3574069231796577,0,15
3_opaque_FA_VisionCrack3,1784092096,smooth15,2.5,2.5077,1.3574069231796577,0,15
3_opaque_FA_VisionCrack3,1784092096,smooth35,0.5,0.4565,1.3574069231796577,0,15
3_opaque_FA_VisionCrack3,1784092096,smooth35,0.55,0.5347,1.3574069231796577,0,15
3_opaque_FA_VisionCrack3,1784092096,smooth35,0.6,0.5351,1.3574069231796577,0,15
3_opaque_FA_VisionCrack3,1784092096,smooth35,0.65,0.6484,1.3574069231796577,0,15
3_opaque_FA_VisionCrack3,1784092096,smooth35,0.7,0.6512,1.3574069231796577,0,15
3_opaque_FA_VisionCrack3,1784092096,smooth35,0.75,0.7532,1.3574069231796577,0,15
3_opaque_FA_VisionCrack3,1784092096,smooth35,0.8,1.0511,1.3574069231796577,0,15
3_opaque_FA_VisionCrack3,1784092096,smooth35,0.85,0.8791,1.3574069231796577,0,15
3_opaque_FA_VisionCrack3,1784092096,smooth35,0.9,0.952,1.3574069231796577,0,15
3_opaque_FA_VisionCrack3,1784092096,smooth35,0.95,0.9704,1.3574069231796577,0,15
3_opaque_FA_VisionCrack3,1784092096,smooth35,1.0,1.0457,1.3574069231796577,0,15
3_opaque_FA_VisionCrack3,1784092096,smooth35,1.5,2.1082,1.3574069231796577,0,15
3_opaque_FA_VisionCrack3,1784092096,smooth35,2.0,2.2952,1.3574069231796577,0,15
3_opaque_FA_VisionCrack3,1784092096,smooth35,2.5,2.6823,1.3574069231796577,0,15
3_opaque_FA_VisionCrack3,1784092096,band0.60,0.5,0.4558,1.3574069231796577,0,15
3_opaque_FA_VisionCrack3,1784092096,band0.60,0.55,0.531,1.3574069231796577,0,15
3_opaque_FA_VisionCrack3,1784092096,band0.60,0.6,0.5394,1.3574069231796577,0,15
3_opaque_FA_VisionCrack3,1784092096,band0.60,0.65,0.6501,1.3574069231796577,0,15
3_opaque_FA_VisionCrack3,1784092096,band0.60,0.7,0.659,1.3574069231796577,0,15
3_opaque_FA_VisionCrack3,1784092096,band0.60,0.75,0.7511,1.3574069231796577,0,15
3_opaque_FA_VisionCrack3,1784092096,band0.60,0.8,0.8586,1.3574069231796577,0,15
3_opaque_FA_VisionCrack3,1784092096,band0.60,0.85,0.8761,1.3574069231796577,0,15
3_opaque_FA_VisionCrack3,1784092096,band0.60,0.9,0.961,1.3574069231796577,0,15
3_opaque_FA_VisionCrack3,1784092096,band0.60,0.95,0.9789,1.3574069231796577,0,15
3_opaque_FA_VisionCrack3,1784092096,band0.60,1.0,1.0384,1.3574069231796577,0,15
3_opaque_FA_VisionCrack3,1784092096,band0.60,1.5,1.9994,1.3574069231796577,0,15
3_opaque_FA_VisionCrack3,1784092096,band0.60,2.0,2.2947,1.3574069231796577,0,15
3_opaque_FA_VisionCrack3,1784092096,band0.60,2.5,2.5575,1.3574069231796577,0,15
3_opaque_FA_VisionCrack3,1784092096,win0.4,0.5,0.4558,1.3574069231796577,0,15
3_opaque_FA_VisionCrack3,1784092096,win0.4,0.55,0.5229,1.3574069231796577,0,15
3_opaque_FA_VisionCrack3,1784092096,win0.4,0.6,0.5519,1.3574069231796577,0,15
3_opaque_FA_VisionCrack3,1784092096,win0.4,0.65,0.6481,1.3574069231796577,0,15
3_opaque_FA_VisionCrack3,1784092096,win0.4,0.7,0.6606,1.3574069231796577,0,15
3_opaque_FA_VisionCrack3,1784092096,win0.4,0.75,0.7479,1.3574069231796577,0,15
3_opaque_FA_VisionCrack3,1784092096,win0.4,0.8,0.8421,1.3574069231796577,0,15
3_opaque_FA_VisionCrack3,1784092096,win0.4,0.85,0.8712,1.3574069231796577,0,15
3_opaque_FA_VisionCrack3,1784092096,win0.4,0.9,1.1003,1.3574069231796577,0,15
3_opaque_FA_VisionCrack3,1784092096,win0.4,0.95,0.9597,1.3574069231796577,0,15
3_opaque_FA_VisionCrack3,1784092096,win0.4,1.0,1.0281,1.3574069231796577,0,15
3_opaque_FA_VisionCrack3,1784092096,win0.4,1.5,1.77,1.3574069231796577,0,15
3_opaque_FA_VisionCrack3,1784092096,win0.4,2.0,2.0177,1.3574069231796577,0,15
3_opaque_FA_VisionCrack3,1784092096,win0.4,2.5,2.4887,1.3574069231796577,0,15
3_opaque_FA_VisionCrack3,1784092096,win0.8,0.5,0.4501,1.3574069231796577,0,15
3_opaque_FA_VisionCrack3,1784092096,win0.8,0.55,0.5258,1.3574069231796577,0,15
3_opaque_FA_VisionCrack3,1784092096,win0.8,0.6,0.5508,1.3574069231796577,0,15
3_opaque_FA_VisionCrack3,1784092096,win0.8,0.65,0.6445,1.3574069231796577,0,15
3_opaque_FA_VisionCrack3,1784092096,win0.8,0.7,0.6598,1.3574069231796577,0,15
3_opaque_FA_VisionCrack3,1784092096,win0.8,0.75,0.7458,1.3574069231796577,0,15
3_opaque_FA_VisionCrack3,1784092096,win0.8,0.8,0.8179,1.3574069231796577,0,15
3_opaque_FA_VisionCrack3,1784092096,win0.8,0.85,0.8817,1.3574069231796577,0,15
3_opaque_FA_VisionCrack3,1784092096,win0.8,0.9,1.1308,1.3574069231796577,0,15
3_opaque_FA_VisionCrack3,1784092096,win0.8,0.95,0.9784,1.3574069231796577,0,15
3_opaque_FA_VisionCrack3,1784092096,win0.8,1.0,1.0237,1.3574069231796577,0,15
3_opaque_FA_VisionCrack3,1784092096,win0.8,1.5,1.5993,1.3574069231796577,0,15
3_opaque_FA_VisionCrack3,1784092096,win0.8,2.0,2.3655,1.3574069231796577,0,15
3_opaque_FA_VisionCrack3,1784092096,win0.8,2.5,2.4905,1.3574069231796577,0,15
3_opaque_FA_VisionCrack3,1784092106,full,0.5,0.4513,1.376855107456676,1,17
3_opaque_FA_VisionCrack3,1784092106,full,0.55,0.5514,1.376855107456676,1,17
3_opaque_FA_VisionCrack3,1784092106,full,0.6,0.5468,1.376855107456676,1,17
3_opaque_FA_VisionCrack3,1784092106,full,0.65,0.6562,1.376855107456676,1,17
3_opaque_FA_VisionCrack3,1784092106,full,0.7,0.3448,1.376855107456676,1,17
3_opaque_FA_VisionCrack3,1784092106,full,0.75,0.7454,1.376855107456676,1,17
3_opaque_FA_VisionCrack3,1784092106,full,0.8,1.1819,1.376855107456676,1,17
3_opaque_FA_VisionCrack3,1784092106,full,0.85,0.8831,1.376855107456676,1,17
3_opaque_FA_VisionCrack3,1784092106,full,0.9,0.9863,1.376855107456676,1,17
3_opaque_FA_VisionCrack3,1784092106,full,0.95,0.9851,1.376855107456676,1,17
3_opaque_FA_VisionCrack3,1784092106,full,1.0,1.033,1.376855107456676,1,17
3_opaque_FA_VisionCrack3,1784092106,full,1.5,2.0785,1.376855107456676,1,17
3_opaque_FA_VisionCrack3,1784092106,full,2.0,1.9858,1.376855107456676,1,17
3_opaque_FA_VisionCrack3,1784092106,full,2.5,2.694,1.376855107456676,1,17
3_opaque_FA_VisionCrack3,1784092106,no_masked_bg,0.5,0.4546,1.376855107456676,1,17
3_opaque_FA_VisionCrack3,1784092106,no_masked_bg,0.55,0.5588,1.376855107456676,1,17
3_opaque_FA_VisionCrack3,1784092106,no_masked_bg,0.6,0.5599,1.376855107456676,1,17
3_opaque_FA_VisionCrack3,1784092106,no_masked_bg,0.65,0.659,1.376855107456676,1,17
3_opaque_FA_VisionCrack3,1784092106,no_masked_bg,0.7,0.3553,1.376855107456676,1,17
3_opaque_FA_VisionCrack3,1784092106,no_masked_bg,0.75,0.7532,1.376855107456676,1,17
3_opaque_FA_VisionCrack3,1784092106,no_masked_bg,0.8,1.2177,1.376855107456676,1,17
3_opaque_FA_VisionCrack3,1784092106,no_masked_bg,0.85,0.8892,1.376855107456676,1,17
3_opaque_FA_VisionCrack3,1784092106,no_masked_bg,0.9,1.1672,1.376855107456676,1,17
3_opaque_FA_VisionCrack3,1784092106,no_masked_bg,0.95,1.0304,1.376855107456676,1,17
3_opaque_FA_VisionCrack3,1784092106,no_masked_bg,1.0,1.0318,1.376855107456676,1,17
3_opaque_FA_VisionCrack3,1784092106,no_masked_bg,1.5,2.2869,1.376855107456676,1,17
3_opaque_FA_VisionCrack3,1784092106,no_masked_bg,2.0,2.2072,1.376855107456676,1,17
3_opaque_FA_VisionCrack3,1784092106,no_masked_bg,2.5,2.6168,1.376855107456676,1,17
3_opaque_FA_VisionCrack3,1784092106,lsf_sigma,0.5,0.4389,1.6253256238619374,1,17
3_opaque_FA_VisionCrack3,1784092106,lsf_sigma,0.55,0.5411,1.6253256238619374,1,17
3_opaque_FA_VisionCrack3,1784092106,lsf_sigma,0.6,0.5344,1.6253256238619374,1,17
3_opaque_FA_VisionCrack3,1784092106,lsf_sigma,0.65,0.6501,1.6253256238619374,1,17
3_opaque_FA_VisionCrack3,1784092106,lsf_sigma,0.7,0.3274,1.6253256238619374,1,17
3_opaque_FA_VisionCrack3,1784092106,lsf_sigma,0.75,0.7391,1.6253256238619374,1,17
3_opaque_FA_VisionCrack3,1784092106,lsf_sigma,0.8,1.1861,1.6253256238619374,1,17
3_opaque_FA_VisionCrack3,1784092106,lsf_sigma,0.85,0.8815,1.6253256238619374,1,17
3_opaque_FA_VisionCrack3,1784092106,lsf_sigma,0.9,1.0262,1.6253256238619374,1,17
3_opaque_FA_VisionCrack3,1784092106,lsf_sigma,0.95,0.9825,1.6253256238619374,1,17
3_opaque_FA_VisionCrack3,1784092106,lsf_sigma,1.0,1.0326,1.6253256238619374,1,17
3_opaque_FA_VisionCrack3,1784092106,lsf_sigma,1.5,2.1204,1.6253256238619374,1,17
3_opaque_FA_VisionCrack3,1784092106,lsf_sigma,2.0,1.9943,1.6253256238619374,1,17
3_opaque_FA_VisionCrack3,1784092106,lsf_sigma,2.5,2.6694,1.6253256238619374,1,17
3_opaque_FA_VisionCrack3,1784092106,no_deconv,0.5,0.4308,1.376855107456676,1,17
3_opaque_FA_VisionCrack3,1784092106,no_deconv,0.55,0.528,1.376855107456676,1,17
3_opaque_FA_VisionCrack3,1784092106,no_deconv,0.6,0.5235,1.376855107456676,1,17
3_opaque_FA_VisionCrack3,1784092106,no_deconv,0.65,0.6318,1.376855107456676,1,17
3_opaque_FA_VisionCrack3,1784092106,no_deconv,0.7,0.3306,1.376855107456676,1,17
3_opaque_FA_VisionCrack3,1784092106,no_deconv,0.75,0.7209,1.376855107456676,1,17
3_opaque_FA_VisionCrack3,1784092106,no_deconv,0.8,1.1635,1.376855107456676,1,17
3_opaque_FA_VisionCrack3,1784092106,no_deconv,0.85,0.8597,1.376855107456676,1,17
3_opaque_FA_VisionCrack3,1784092106,no_deconv,0.9,0.9643,1.376855107456676,1,17
3_opaque_FA_VisionCrack3,1784092106,no_deconv,0.95,0.9631,1.376855107456676,1,17
3_opaque_FA_VisionCrack3,1784092106,no_deconv,1.0,1.0118,1.376855107456676,1,17
3_opaque_FA_VisionCrack3,1784092106,no_deconv,1.5,2.0831,1.376855107456676,1,17
3_opaque_FA_VisionCrack3,1784092106,no_deconv,2.0,1.9878,1.376855107456676,1,17
3_opaque_FA_VisionCrack3,1784092106,no_deconv,2.5,2.7166,1.376855107456676,1,17
3_opaque_FA_VisionCrack3,1784092106,rev3_window,0.5,0.4625,1.376855107456676,0,14
3_opaque_FA_VisionCrack3,1784092106,rev3_window,0.55,0.5776,1.376855107456676,0,14
3_opaque_FA_VisionCrack3,1784092106,rev3_window,0.6,0.5508,1.376855107456676,0,14
3_opaque_FA_VisionCrack3,1784092106,rev3_window,0.65,0.6467,1.376855107456676,0,14
3_opaque_FA_VisionCrack3,1784092106,rev3_window,0.7,0.6654,1.376855107456676,0,14
3_opaque_FA_VisionCrack3,1784092106,rev3_window,0.75,0.7494,1.376855107456676,0,14
3_opaque_FA_VisionCrack3,1784092106,rev3_window,0.8,0.8501,1.376855107456676,0,14
3_opaque_FA_VisionCrack3,1784092106,rev3_window,0.85,0.8912,1.376855107456676,0,14
3_opaque_FA_VisionCrack3,1784092106,rev3_window,0.9,0.974,1.376855107456676,0,14
3_opaque_FA_VisionCrack3,1784092106,rev3_window,0.95,0.95,1.376855107456676,0,14
3_opaque_FA_VisionCrack3,1784092106,rev3_window,1.0,1.0115,1.376855107456676,0,14
3_opaque_FA_VisionCrack3,1784092106,rev3_window,1.5,1.5521,1.376855107456676,0,14
3_opaque_FA_VisionCrack3,1784092106,rev3_window,2.0,2.9285,1.376855107456676,0,14
3_opaque_FA_VisionCrack3,1784092106,rev3_window,2.5,2.7754,1.376855107456676,0,14
3_opaque_FA_VisionCrack3,1784092106,margin1.0,0.5,0.4518,1.376855107456676,1,17
3_opaque_FA_VisionCrack3,1784092106,margin1.0,0.55,0.5516,1.376855107456676,1,17
3_opaque_FA_VisionCrack3,1784092106,margin1.0,0.6,0.5516,1.376855107456676,1,17
3_opaque_FA_VisionCrack3,1784092106,margin1.0,0.65,0.6543,1.376855107456676,1,17
3_opaque_FA_VisionCrack3,1784092106,margin1.0,0.7,0.3409,1.376855107456676,1,17
3_opaque_FA_VisionCrack3,1784092106,margin1.0,0.75,0.7416,1.376855107456676,1,17
3_opaque_FA_VisionCrack3,1784092106,margin1.0,0.8,0.8601,1.376855107456676,1,17
3_opaque_FA_VisionCrack3,1784092106,margin1.0,0.85,0.8791,1.376855107456676,1,17
3_opaque_FA_VisionCrack3,1784092106,margin1.0,0.9,0.9494,1.376855107456676,1,17
3_opaque_FA_VisionCrack3,1784092106,margin1.0,0.95,0.9784,1.376855107456676,1,17
3_opaque_FA_VisionCrack3,1784092106,margin1.0,1.0,1.0249,1.376855107456676,1,17
3_opaque_FA_VisionCrack3,1784092106,margin1.0,1.5,2.0353,1.376855107456676,1,17
3_opaque_FA_VisionCrack3,1784092106,margin1.0,2.0,1.9724,1.376855107456676,1,17
3_opaque_FA_VisionCrack3,1784092106,margin1.0,2.5,2.7706,1.376855107456676,1,17
3_opaque_FA_VisionCrack3,1784092106,margin2.0,0.5,0.4518,1.376855107456676,1,17
3_opaque_FA_VisionCrack3,1784092106,margin2.0,0.55,0.5511,1.376855107456676,1,17
3_opaque_FA_VisionCrack3,1784092106,margin2.0,0.6,0.5446,1.376855107456676,1,17
3_opaque_FA_VisionCrack3,1784092106,margin2.0,0.65,0.6578,1.376855107456676,1,17
3_opaque_FA_VisionCrack3,1784092106,margin2.0,0.7,0.3452,1.376855107456676,1,17
3_opaque_FA_VisionCrack3,1784092106,margin2.0,0.75,0.7454,1.376855107456676,1,17
3_opaque_FA_VisionCrack3,1784092106,margin2.0,0.8,1.1879,1.376855107456676,1,17
3_opaque_FA_VisionCrack3,1784092106,margin2.0,0.85,0.8861,1.376855107456676,1,17
3_opaque_FA_VisionCrack3,1784092106,margin2.0,0.9,1.0293,1.376855107456676,1,17
3_opaque_FA_VisionCrack3,1784092106,margin2.0,0.95,0.986,1.376855107456676,1,17
3_opaque_FA_VisionCrack3,1784092106,margin2.0,1.0,1.0356,1.376855107456676,1,17
3_opaque_FA_VisionCrack3,1784092106,margin2.0,1.5,2.1171,1.376855107456676,1,17
3_opaque_FA_VisionCrack3,1784092106,margin2.0,2.0,1.9916,1.376855107456676,1,17
3_opaque_FA_VisionCrack3,1784092106,margin2.0,2.5,2.6639,1.376855107456676,1,17
3_opaque_FA_VisionCrack3,1784092106,smooth15,0.5,0.4531,1.376855107456676,1,17
3_opaque_FA_VisionCrack3,1784092106,smooth15,0.55,0.5507,1.376855107456676,1,17
3_opaque_FA_VisionCrack3,1784092106,smooth15,0.6,0.5597,1.376855107456676,1,17
3_opaque_FA_VisionCrack3,1784092106,smooth15,0.65,0.6604,1.376855107456676,1,17
3_opaque_FA_VisionCrack3,1784092106,smooth15,0.7,0.3411,1.376855107456676,1,17
3_opaque_FA_VisionCrack3,1784092106,smooth15,0.75,0.7523,1.376855107456676,1,17
3_opaque_FA_VisionCrack3,1784092106,smooth15,0.8,0.8812,1.376855107456676,1,17
3_opaque_FA_VisionCrack3,1784092106,smooth15,0.85,0.8784,1.376855107456676,1,17
3_opaque_FA_VisionCrack3,1784092106,smooth15,0.9,0.9906,1.376855107456676,1,17
3_opaque_FA_VisionCrack3,1784092106,smooth15,0.95,0.9825,1.376855107456676,1,17
3_opaque_FA_VisionCrack3,1784092106,smooth15,1.0,1.0237,1.376855107456676,1,17
3_opaque_FA_VisionCrack3,1784092106,smooth15,1.5,1.882,1.376855107456676,1,17
3_opaque_FA_VisionCrack3,1784092106,smooth15,2.0,1.9868,1.376855107456676,1,17
3_opaque_FA_VisionCrack3,1784092106,smooth15,2.5,2.6866,1.376855107456676,1,17
3_opaque_FA_VisionCrack3,1784092106,smooth35,0.5,0.4442,1.376855107456676,1,17
3_opaque_FA_VisionCrack3,1784092106,smooth35,0.55,0.5605,1.376855107456676,1,17
3_opaque_FA_VisionCrack3,1784092106,smooth35,0.6,0.5409,1.376855107456676,1,17
3_opaque_FA_VisionCrack3,1784092106,smooth35,0.65,0.6552,1.376855107456676,1,17
3_opaque_FA_VisionCrack3,1784092106,smooth35,0.7,0.353,1.376855107456676,1,17
3_opaque_FA_VisionCrack3,1784092106,smooth35,0.75,0.7469,1.376855107456676,1,17
3_opaque_FA_VisionCrack3,1784092106,smooth35,0.8,1.1909,1.376855107456676,1,17
3_opaque_FA_VisionCrack3,1784092106,smooth35,0.85,0.8828,1.376855107456676,1,17
3_opaque_FA_VisionCrack3,1784092106,smooth35,0.9,1.0453,1.376855107456676,1,17
3_opaque_FA_VisionCrack3,1784092106,smooth35,0.95,0.9828,1.376855107456676,1,17
3_opaque_FA_VisionCrack3,1784092106,smooth35,1.0,1.0337,1.376855107456676,1,17
3_opaque_FA_VisionCrack3,1784092106,smooth35,1.5,2.1692,1.376855107456676,1,17
3_opaque_FA_VisionCrack3,1784092106,smooth35,2.0,1.9896,1.376855107456676,1,17
3_opaque_FA_VisionCrack3,1784092106,smooth35,2.5,2.7171,1.376855107456676,1,17
3_opaque_FA_VisionCrack3,1784092106,band0.60,0.5,0.4513,1.376855107456676,1,17
3_opaque_FA_VisionCrack3,1784092106,band0.60,0.55,0.5514,1.376855107456676,1,17
3_opaque_FA_VisionCrack3,1784092106,band0.60,0.6,0.5468,1.376855107456676,1,17
3_opaque_FA_VisionCrack3,1784092106,band0.60,0.65,0.6562,1.376855107456676,1,17
3_opaque_FA_VisionCrack3,1784092106,band0.60,0.7,0.3448,1.376855107456676,1,17
3_opaque_FA_VisionCrack3,1784092106,band0.60,0.75,0.7454,1.376855107456676,1,17
3_opaque_FA_VisionCrack3,1784092106,band0.60,0.8,1.1819,1.376855107456676,1,17
3_opaque_FA_VisionCrack3,1784092106,band0.60,0.85,0.8831,1.376855107456676,1,17
3_opaque_FA_VisionCrack3,1784092106,band0.60,0.9,0.9863,1.376855107456676,1,17
3_opaque_FA_VisionCrack3,1784092106,band0.60,0.95,0.9851,1.376855107456676,1,17
3_opaque_FA_VisionCrack3,1784092106,band0.60,1.0,1.033,1.376855107456676,1,17
3_opaque_FA_VisionCrack3,1784092106,band0.60,1.5,2.0785,1.376855107456676,1,17
3_opaque_FA_VisionCrack3,1784092106,band0.60,2.0,1.9858,1.376855107456676,1,17
3_opaque_FA_VisionCrack3,1784092106,band0.60,2.5,2.694,1.376855107456676,1,17
3_opaque_FA_VisionCrack3,1784092106,win0.4,0.5,0.4513,1.376855107456676,1,17
3_opaque_FA_VisionCrack3,1784092106,win0.4,0.55,0.5453,1.376855107456676,1,17
3_opaque_FA_VisionCrack3,1784092106,win0.4,0.6,0.5468,1.376855107456676,1,17
3_opaque_FA_VisionCrack3,1784092106,win0.4,0.65,0.6542,1.376855107456676,1,17
3_opaque_FA_VisionCrack3,1784092106,win0.4,0.7,0.3448,1.376855107456676,1,17
3_opaque_FA_VisionCrack3,1784092106,win0.4,0.75,0.7433,1.376855107456676,1,17
3_opaque_FA_VisionCrack3,1784092106,win0.4,0.8,0.9111,1.376855107456676,1,17
3_opaque_FA_VisionCrack3,1784092106,win0.4,0.85,0.8813,1.376855107456676,1,17
3_opaque_FA_VisionCrack3,1784092106,win0.4,0.9,1.1523,1.376855107456676,1,17
3_opaque_FA_VisionCrack3,1784092106,win0.4,0.95,0.9675,1.376855107456676,1,17
3_opaque_FA_VisionCrack3,1784092106,win0.4,1.0,1.0192,1.376855107456676,1,17
3_opaque_FA_VisionCrack3,1784092106,win0.4,1.5,2.0123,1.376855107456676,1,17
3_opaque_FA_VisionCrack3,1784092106,win0.4,2.0,2.0136,1.376855107456676,1,17
3_opaque_FA_VisionCrack3,1784092106,win0.4,2.5,2.4833,1.376855107456676,1,17
3_opaque_FA_VisionCrack3,1784092106,win0.8,0.5,0.4452,1.376855107456676,1,17
3_opaque_FA_VisionCrack3,1784092106,win0.8,0.55,0.5442,1.376855107456676,1,17
3_opaque_FA_VisionCrack3,1784092106,win0.8,0.6,0.5398,1.376855107456676,1,17
3_opaque_FA_VisionCrack3,1784092106,win0.8,0.65,0.6536,1.376855107456676,1,17
3_opaque_FA_VisionCrack3,1784092106,win0.8,0.7,0.3448,1.376855107456676,1,17
3_opaque_FA_VisionCrack3,1784092106,win0.8,0.75,0.7371,1.376855107456676,1,17
3_opaque_FA_VisionCrack3,1784092106,win0.8,0.8,0.8296,1.376855107456676,1,17
3_opaque_FA_VisionCrack3,1784092106,win0.8,0.85,0.8912,1.376855107456676,1,17
3_opaque_FA_VisionCrack3,1784092106,win0.8,0.9,1.1832,1.376855107456676,1,17
3_opaque_FA_VisionCrack3,1784092106,win0.8,0.95,0.9558,1.376855107456676,1,17
3_opaque_FA_VisionCrack3,1784092106,win0.8,1.0,1.0226,1.376855107456676,1,17
3_opaque_FA_VisionCrack3,1784092106,win0.8,1.5,1.8618,1.376855107456676,1,17
3_opaque_FA_VisionCrack3,1784092106,win0.8,2.0,2.2605,1.376855107456676,1,17
3_opaque_FA_VisionCrack3,1784092106,win0.8,2.5,2.5567,1.376855107456676,1,17
3_opaque_FA_VisionCrack3,1784092116,full,0.5,0.4465,1.4172221827347085,1,16
3_opaque_FA_VisionCrack3,1784092116,full,0.55,0.526,1.4172221827347085,1,16
3_opaque_FA_VisionCrack3,1784092116,full,0.6,0.5654,1.4172221827347085,1,16
3_opaque_FA_VisionCrack3,1784092116,full,0.65,0.6511,1.4172221827347085,1,16
3_opaque_FA_VisionCrack3,1784092116,full,0.7,0.6596,1.4172221827347085,1,16
3_opaque_FA_VisionCrack3,1784092116,full,0.75,0.7558,1.4172221827347085,1,16
3_opaque_FA_VisionCrack3,1784092116,full,0.8,1.0235,1.4172221827347085,1,16
3_opaque_FA_VisionCrack3,1784092116,full,0.85,0.8833,1.4172221827347085,1,16
3_opaque_FA_VisionCrack3,1784092116,full,0.9,0.9726,1.4172221827347085,1,16
3_opaque_FA_VisionCrack3,1784092116,full,0.95,0.9737,1.4172221827347085,1,16
3_opaque_FA_VisionCrack3,1784092116,full,1.0,1.0408,1.4172221827347085,1,16
3_opaque_FA_VisionCrack3,1784092116,full,1.5,1.8098,1.4172221827347085,1,16
3_opaque_FA_VisionCrack3,1784092116,full,2.0,2.2944,1.4172221827347085,1,16
3_opaque_FA_VisionCrack3,1784092116,full,2.5,2.6616,1.4172221827347085,1,16
3_opaque_FA_VisionCrack3,1784092116,no_masked_bg,0.5,0.4485,1.4172221827347085,0,16
3_opaque_FA_VisionCrack3,1784092116,no_masked_bg,0.55,0.5445,1.4172221827347085,0,16
3_opaque_FA_VisionCrack3,1784092116,no_masked_bg,0.6,0.5687,1.4172221827347085,0,16
3_opaque_FA_VisionCrack3,1784092116,no_masked_bg,0.65,0.6546,1.4172221827347085,0,16
3_opaque_FA_VisionCrack3,1784092116,no_masked_bg,0.7,0.6575,1.4172221827347085,0,16
3_opaque_FA_VisionCrack3,1784092116,no_masked_bg,0.75,0.7618,1.4172221827347085,0,16
3_opaque_FA_VisionCrack3,1784092116,no_masked_bg,0.8,1.2032,1.4172221827347085,0,16
3_opaque_FA_VisionCrack3,1784092116,no_masked_bg,0.85,0.8892,1.4172221827347085,0,16
3_opaque_FA_VisionCrack3,1784092116,no_masked_bg,0.9,0.9765,1.4172221827347085,0,16
3_opaque_FA_VisionCrack3,1784092116,no_masked_bg,0.95,0.9772,1.4172221827347085,0,16
3_opaque_FA_VisionCrack3,1784092116,no_masked_bg,1.0,1.0547,1.4172221827347085,0,16
3_opaque_FA_VisionCrack3,1784092116,no_masked_bg,1.5,2.2699,1.4172221827347085,0,16
3_opaque_FA_VisionCrack3,1784092116,no_masked_bg,2.0,2.374,1.4172221827347085,0,16
3_opaque_FA_VisionCrack3,1784092116,no_masked_bg,2.5,2.6334,1.4172221827347085,0,16
3_opaque_FA_VisionCrack3,1784092116,lsf_sigma,0.5,0.4333,1.6266869085467028,1,16
3_opaque_FA_VisionCrack3,1784092116,lsf_sigma,0.55,0.5176,1.6266869085467028,1,16
3_opaque_FA_VisionCrack3,1784092116,lsf_sigma,0.6,0.5526,1.6266869085467028,1,16
3_opaque_FA_VisionCrack3,1784092116,lsf_sigma,0.65,0.6449,1.6266869085467028,1,16
3_opaque_FA_VisionCrack3,1784092116,lsf_sigma,0.7,0.6523,1.6266869085467028,1,16
3_opaque_FA_VisionCrack3,1784092116,lsf_sigma,0.75,0.7508,1.6266869085467028,1,16
3_opaque_FA_VisionCrack3,1784092116,lsf_sigma,0.8,1.0177,1.6266869085467028,1,16
3_opaque_FA_VisionCrack3,1784092116,lsf_sigma,0.85,0.8797,1.6266869085467028,1,16
3_opaque_FA_VisionCrack3,1784092116,lsf_sigma,0.9,0.9811,1.6266869085467028,1,16
3_opaque_FA_VisionCrack3,1784092116,lsf_sigma,0.95,0.9723,1.6266869085467028,1,16
3_opaque_FA_VisionCrack3,1784092116,lsf_sigma,1.0,1.0344,1.6266869085467028,1,16
3_opaque_FA_VisionCrack3,1784092116,lsf_sigma,1.5,1.7202,1.6266869085467028,1,16
3_opaque_FA_VisionCrack3,1784092116,lsf_sigma,2.0,2.2923,1.6266869085467028,1,16
3_opaque_FA_VisionCrack3,1784092116,lsf_sigma,2.5,2.6617,1.6266869085467028,1,16
3_opaque_FA_VisionCrack3,1784092116,no_deconv,0.5,0.428,1.4172221827347085,1,16
3_opaque_FA_VisionCrack3,1784092116,no_deconv,0.55,0.5045,1.4172221827347085,1,16
3_opaque_FA_VisionCrack3,1784092116,no_deconv,0.6,0.5429,1.4172221827347085,1,16
3_opaque_FA_VisionCrack3,1784092116,no_deconv,0.65,0.6273,1.4172221827347085,1,16
3_opaque_FA_VisionCrack3,1784092116,no_deconv,0.7,0.6357,1.4172221827347085,1,16
3_opaque_FA_VisionCrack3,1784092116,no_deconv,0.75,0.7316,1.4172221827347085,1,16
3_opaque_FA_VisionCrack3,1784092116,no_deconv,0.8,1.0012,1.4172221827347085,1,16
3_opaque_FA_VisionCrack3,1784092116,no_deconv,0.85,0.8596,1.4172221827347085,1,16
3_opaque_FA_VisionCrack3,1784092116,no_deconv,0.9,0.9497,1.4172221827347085,1,16
3_opaque_FA_VisionCrack3,1784092116,no_deconv,0.95,0.9508,1.4172221827347085,1,16
3_opaque_FA_VisionCrack3,1784092116,no_deconv,1.0,1.0188,1.4172221827347085,1,16
3_opaque_FA_VisionCrack3,1784092116,no_deconv,1.5,1.8034,1.4172221827347085,1,16
3_opaque_FA_VisionCrack3,1784092116,no_deconv,2.0,2.3003,1.4172221827347085,1,16
3_opaque_FA_VisionCrack3,1784092116,no_deconv,2.5,2.6772,1.4172221827347085,1,16
3_opaque_FA_VisionCrack3,1784092116,rev3_window,0.5,0.4514,1.4172221827347085,0,18
3_opaque_FA_VisionCrack3,1784092116,rev3_window,0.55,0.5593,1.4172221827347085,0,18
3_opaque_FA_VisionCrack3,1784092116,rev3_window,0.6,0.4056,1.4172221827347085,0,18
3_opaque_FA_VisionCrack3,1784092116,rev3_window,0.65,0.6333,1.4172221827347085,0,18
3_opaque_FA_VisionCrack3,1784092116,rev3_window,0.7,0.6484,1.4172221827347085,0,18
3_opaque_FA_VisionCrack3,1784092116,rev3_window,0.75,0.7519,1.4172221827347085,0,18
3_opaque_FA_VisionCrack3,1784092116,rev3_window,0.8,1.3306,1.4172221827347085,0,18
3_opaque_FA_VisionCrack3,1784092116,rev3_window,0.85,0.8909,1.4172221827347085,0,18
3_opaque_FA_VisionCrack3,1784092116,rev3_window,0.9,1.006,1.4172221827347085,0,18
3_opaque_FA_VisionCrack3,1784092116,rev3_window,0.95,0.9594,1.4172221827347085,0,18
3_opaque_FA_VisionCrack3,1784092116,rev3_window,1.0,1.0211,1.4172221827347085,0,18
3_opaque_FA_VisionCrack3,1784092116,rev3_window,1.5,1.7813,1.4172221827347085,0,18
3_opaque_FA_VisionCrack3,1784092116,rev3_window,2.0,2.9961,1.4172221827347085,0,18
3_opaque_FA_VisionCrack3,1784092116,rev3_window,2.5,2.8699,1.4172221827347085,0,18
3_opaque_FA_VisionCrack3,1784092116,margin1.0,0.5,0.4452,1.4172221827347085,1,16
3_opaque_FA_VisionCrack3,1784092116,margin1.0,0.55,0.5264,1.4172221827347085,1,16
3_opaque_FA_VisionCrack3,1784092116,margin1.0,0.6,0.5666,1.4172221827347085,1,16
3_opaque_FA_VisionCrack3,1784092116,margin1.0,0.65,0.6497,1.4172221827347085,1,16
3_opaque_FA_VisionCrack3,1784092116,margin1.0,0.7,0.6596,1.4172221827347085,1,16
3_opaque_FA_VisionCrack3,1784092116,margin1.0,0.75,0.7525,1.4172221827347085,1,16
3_opaque_FA_VisionCrack3,1784092116,margin1.0,0.8,0.8421,1.4172221827347085,1,16
3_opaque_FA_VisionCrack3,1784092116,margin1.0,0.85,0.8779,1.4172221827347085,1,16
3_opaque_FA_VisionCrack3,1784092116,margin1.0,0.9,0.9621,1.4172221827347085,1,16
3_opaque_FA_VisionCrack3,1784092116,margin1.0,0.95,0.9673,1.4172221827347085,1,16
3_opaque_FA_VisionCrack3,1784092116,margin1.0,1.0,1.0291,1.4172221827347085,1,16
3_opaque_FA_VisionCrack3,1784092116,margin1.0,1.5,1.694,1.4172221827347085,1,16
3_opaque_FA_VisionCrack3,1784092116,margin1.0,2.0,2.2913,1.4172221827347085,1,16
3_opaque_FA_VisionCrack3,1784092116,margin1.0,2.5,2.7168,1.4172221827347085,1,16
3_opaque_FA_VisionCrack3,1784092116,margin2.0,0.5,0.4439,1.4172221827347085,1,16
3_opaque_FA_VisionCrack3,1784092116,margin2.0,0.55,0.5268,1.4172221827347085,1,16
3_opaque_FA_VisionCrack3,1784092116,margin2.0,0.6,0.5649,1.4172221827347085,1,16
3_opaque_FA_VisionCrack3,1784092116,margin2.0,0.65,0.6524,1.4172221827347085,1,16
3_opaque_FA_VisionCrack3,1784092116,margin2.0,0.7,0.6592,1.4172221827347085,1,16
3_opaque_FA_VisionCrack3,1784092116,margin2.0,0.75,0.7564,1.4172221827347085,1,16
3_opaque_FA_VisionCrack3,1784092116,margin2.0,0.8,1.0867,1.4172221827347085,1,16
3_opaque_FA_VisionCrack3,1784092116,margin2.0,0.85,0.8848,1.4172221827347085,1,16
3_opaque_FA_VisionCrack3,1784092116,margin2.0,0.9,1.0215,1.4172221827347085,1,16
3_opaque_FA_VisionCrack3,1784092116,margin2.0,0.95,0.9754,1.4172221827347085,1,16
3_opaque_FA_VisionCrack3,1784092116,margin2.0,1.0,1.0403,1.4172221827347085,1,16
3_opaque_FA_VisionCrack3,1784092116,margin2.0,1.5,1.8448,1.4172221827347085,1,16
3_opaque_FA_VisionCrack3,1784092116,margin2.0,2.0,2.2914,1.4172221827347085,1,16
3_opaque_FA_VisionCrack3,1784092116,margin2.0,2.5,2.6746,1.4172221827347085,1,16
3_opaque_FA_VisionCrack3,1784092116,smooth15,0.5,0.4535,1.4172221827347085,1,16
3_opaque_FA_VisionCrack3,1784092116,smooth15,0.55,0.5258,1.4172221827347085,1,16
3_opaque_FA_VisionCrack3,1784092116,smooth15,0.6,0.5672,1.4172221827347085,1,16
3_opaque_FA_VisionCrack3,1784092116,smooth15,0.65,0.6532,1.4172221827347085,1,16
3_opaque_FA_VisionCrack3,1784092116,smooth15,0.7,0.6629,1.4172221827347085,1,16
3_opaque_FA_VisionCrack3,1784092116,smooth15,0.75,0.7591,1.4172221827347085,1,16
3_opaque_FA_VisionCrack3,1784092116,smooth15,0.8,0.8561,1.4172221827347085,1,16
3_opaque_FA_VisionCrack3,1784092116,smooth15,0.85,0.8814,1.4172221827347085,1,16
3_opaque_FA_VisionCrack3,1784092116,smooth15,0.9,0.9696,1.4172221827347085,1,16
3_opaque_FA_VisionCrack3,1784092116,smooth15,0.95,0.9706,1.4172221827347085,1,16
3_opaque_FA_VisionCrack3,1784092116,smooth15,1.0,1.0345,1.4172221827347085,1,16
3_opaque_FA_VisionCrack3,1784092116,smooth15,1.5,1.5806,1.4172221827347085,1,16
3_opaque_FA_VisionCrack3,1784092116,smooth15,2.0,2.2835,1.4172221827347085,1,16
3_opaque_FA_VisionCrack3,1784092116,smooth15,2.5,2.605,1.4172221827347085,1,16
3_opaque_FA_VisionCrack3,1784092116,smooth35,0.5,0.4426,1.4172221827347085,1,16
3_opaque_FA_VisionCrack3,1784092116,smooth35,0.55,0.5317,1.4172221827347085,1,16
3_opaque_FA_VisionCrack3,1784092116,smooth35,0.6,0.5635,1.4172221827347085,1,16
3_opaque_FA_VisionCrack3,1784092116,smooth35,0.65,0.646,1.4172221827347085,1,16
3_opaque_FA_VisionCrack3,1784092116,smooth35,0.7,0.6535,1.4172221827347085,1,16
3_opaque_FA_VisionCrack3,1784092116,smooth35,0.75,0.7574,1.4172221827347085,1,16
3_opaque_FA_VisionCrack3,1784092116,smooth35,0.8,1.0852,1.4172221827347085,1,16
3_opaque_FA_VisionCrack3,1784092116,smooth35,0.85,0.8839,1.4172221827347085,1,16
3_opaque_FA_VisionCrack3,1784092116,smooth35,0.9,0.9689,1.4172221827347085,1,16
3_opaque_FA_VisionCrack3,1784092116,smooth35,0.95,0.9667,1.4172221827347085,1,16
3_opaque_FA_VisionCrack3,1784092116,smooth35,1.0,1.0429,1.4172221827347085,1,16
3_opaque_FA_VisionCrack3,1784092116,smooth35,1.5,2.0002,1.4172221827347085,1,16
3_opaque_FA_VisionCrack3,1784092116,smooth35,2.0,2.3049,1.4172221827347085,1,16
3_opaque_FA_VisionCrack3,1784092116,smooth35,2.5,2.7283,1.4172221827347085,1,16
3_opaque_FA_VisionCrack3,1784092116,band0.60,0.5,0.4465,1.4172221827347085,1,16
3_opaque_FA_VisionCrack3,1784092116,band0.60,0.55,0.526,1.4172221827347085,1,16
3_opaque_FA_VisionCrack3,1784092116,band0.60,0.6,0.5654,1.4172221827347085,1,16
3_opaque_FA_VisionCrack3,1784092116,band0.60,0.65,0.6511,1.4172221827347085,1,16
3_opaque_FA_VisionCrack3,1784092116,band0.60,0.7,0.6596,1.4172221827347085,1,16
3_opaque_FA_VisionCrack3,1784092116,band0.60,0.75,0.7558,1.4172221827347085,1,16
3_opaque_FA_VisionCrack3,1784092116,band0.60,0.8,1.0235,1.4172221827347085,1,16
3_opaque_FA_VisionCrack3,1784092116,band0.60,0.85,0.8833,1.4172221827347085,1,16
3_opaque_FA_VisionCrack3,1784092116,band0.60,0.9,0.9726,1.4172221827347085,1,16
3_opaque_FA_VisionCrack3,1784092116,band0.60,0.95,0.9737,1.4172221827347085,1,16
3_opaque_FA_VisionCrack3,1784092116,band0.60,1.0,1.0408,1.4172221827347085,1,16
3_opaque_FA_VisionCrack3,1784092116,band0.60,1.5,1.8098,1.4172221827347085,1,16
3_opaque_FA_VisionCrack3,1784092116,band0.60,2.0,2.2944,1.4172221827347085,1,16
3_opaque_FA_VisionCrack3,1784092116,band0.60,2.5,2.6616,1.4172221827347085,1,16
3_opaque_FA_VisionCrack3,1784092116,win0.4,0.5,0.4465,1.4172221827347085,1,16
3_opaque_FA_VisionCrack3,1784092116,win0.4,0.55,0.5229,1.4172221827347085,1,16
3_opaque_FA_VisionCrack3,1784092116,win0.4,0.6,0.5654,1.4172221827347085,1,16
3_opaque_FA_VisionCrack3,1784092116,win0.4,0.65,0.6478,1.4172221827347085,1,16
3_opaque_FA_VisionCrack3,1784092116,win0.4,0.7,0.6605,1.4172221827347085,1,16
3_opaque_FA_VisionCrack3,1784092116,win0.4,0.75,0.7502,1.4172221827347085,1,16
3_opaque_FA_VisionCrack3,1784092116,win0.4,0.8,0.847,1.4172221827347085,1,16
3_opaque_FA_VisionCrack3,1784092116,win0.4,0.85,0.8778,1.4172221827347085,1,16
3_opaque_FA_VisionCrack3,1784092116,win0.4,0.9,0.992,1.4172221827347085,1,16
3_opaque_FA_VisionCrack3,1784092116,win0.4,0.95,0.9647,1.4172221827347085,1,16
3_opaque_FA_VisionCrack3,1784092116,win0.4,1.0,1.03,1.4172221827347085,1,16
3_opaque_FA_VisionCrack3,1784092116,win0.4,1.5,1.8526,1.4172221827347085,1,16
3_opaque_FA_VisionCrack3,1784092116,win0.4,2.0,2.0098,1.4172221827347085,1,16
3_opaque_FA_VisionCrack3,1784092116,win0.4,2.5,2.5026,1.4172221827347085,1,16
3_opaque_FA_VisionCrack3,1784092116,win0.8,0.5,0.4427,1.4172221827347085,1,16
3_opaque_FA_VisionCrack3,1784092116,win0.8,0.55,0.5241,1.4172221827347085,1,16
3_opaque_FA_VisionCrack3,1784092116,win0.8,0.6,0.5447,1.4172221827347085,1,16
3_opaque_FA_VisionCrack3,1784092116,win0.8,0.65,0.6482,1.4172221827347085,1,16
3_opaque_FA_VisionCrack3,1784092116,win0.8,0.7,0.6761,1.4172221827347085,1,16
3_opaque_FA_VisionCrack3,1784092116,win0.8,0.75,0.7511,1.4172221827347085,1,16
3_opaque_FA_VisionCrack3,1784092116,win0.8,0.8,0.8483,1.4172221827347085,1,16
3_opaque_FA_VisionCrack3,1784092116,win0.8,0.85,0.8858,1.4172221827347085,1,16
3_opaque_FA_VisionCrack3,1784092116,win0.8,0.9,0.9979,1.4172221827347085,1,16
3_opaque_FA_VisionCrack3,1784092116,win0.8,0.95,0.9742,1.4172221827347085,1,16
3_opaque_FA_VisionCrack3,1784092116,win0.8,1.0,1.0257,1.4172221827347085,1,16
3_opaque_FA_VisionCrack3,1784092116,win0.8,1.5,1.6094,1.4172221827347085,1,16
3_opaque_FA_VisionCrack3,1784092116,win0.8,2.0,2.3791,1.4172221827347085,1,16
3_opaque_FA_VisionCrack3,1784092116,win0.8,2.5,2.5545,1.4172221827347085,1,16
3_opaque_FA_VisionCrack3,1784092126,full,0.5,0.4364,1.4004382619486364,0,16
3_opaque_FA_VisionCrack3,1784092126,full,0.55,0.5288,1.4004382619486364,0,16
3_opaque_FA_VisionCrack3,1784092126,full,0.6,0.5292,1.4004382619486364,0,16
3_opaque_FA_VisionCrack3,1784092126,full,0.65,0.6438,1.4004382619486364,0,16
3_opaque_FA_VisionCrack3,1784092126,full,0.7,0.6698,1.4004382619486364,0,16
3_opaque_FA_VisionCrack3,1784092126,full,0.75,0.761,1.4004382619486364,0,16
3_opaque_FA_VisionCrack3,1784092126,full,0.8,0.8352,1.4004382619486364,0,16
3_opaque_FA_VisionCrack3,1784092126,full,0.85,0.881,1.4004382619486364,0,16
3_opaque_FA_VisionCrack3,1784092126,full,0.9,1.0034,1.4004382619486364,0,16
3_opaque_FA_VisionCrack3,1784092126,full,0.95,0.9938,1.4004382619486364,0,16
3_opaque_FA_VisionCrack3,1784092126,full,1.0,1.0552,1.4004382619486364,0,16
3_opaque_FA_VisionCrack3,1784092126,full,1.5,1.6006,1.4004382619486364,0,16
3_opaque_FA_VisionCrack3,1784092126,full,2.0,1.9989,1.4004382619486364,0,16
3_opaque_FA_VisionCrack3,1784092126,full,2.5,2.6651,1.4004382619486364,0,16
3_opaque_FA_VisionCrack3,1784092126,no_masked_bg,0.5,0.4489,1.4004382619486364,0,16
3_opaque_FA_VisionCrack3,1784092126,no_masked_bg,0.55,0.5425,1.4004382619486364,0,16
3_opaque_FA_VisionCrack3,1784092126,no_masked_bg,0.6,0.5465,1.4004382619486364,0,16
3_opaque_FA_VisionCrack3,1784092126,no_masked_bg,0.65,0.6503,1.4004382619486364,0,16
3_opaque_FA_VisionCrack3,1784092126,no_masked_bg,0.7,0.6705,1.4004382619486364,0,16
3_opaque_FA_VisionCrack3,1784092126,no_masked_bg,0.75,0.7656,1.4004382619486364,0,16
3_opaque_FA_VisionCrack3,1784092126,no_masked_bg,0.8,1.1148,1.4004382619486364,0,16
3_opaque_FA_VisionCrack3,1784092126,no_masked_bg,0.85,0.8924,1.4004382619486364,0,16
3_opaque_FA_VisionCrack3,1784092126,no_masked_bg,0.9,1.129,1.4004382619486364,0,16
3_opaque_FA_VisionCrack3,1784092126,no_masked_bg,0.95,0.9881,1.4004382619486364,0,16
3_opaque_FA_VisionCrack3,1784092126,no_masked_bg,1.0,1.0624,1.4004382619486364,0,16
3_opaque_FA_VisionCrack3,1784092126,no_masked_bg,1.5,2.1898,1.4004382619486364,0,16
3_opaque_FA_VisionCrack3,1784092126,no_masked_bg,2.0,2.2584,1.4004382619486364,0,16
3_opaque_FA_VisionCrack3,1784092126,no_masked_bg,2.5,2.6037,1.4004382619486364,0,16
3_opaque_FA_VisionCrack3,1784092126,lsf_sigma,0.5,0.4291,1.5410611064488169,0,16
3_opaque_FA_VisionCrack3,1784092126,lsf_sigma,0.55,0.523,1.5410611064488169,0,16
3_opaque_FA_VisionCrack3,1784092126,lsf_sigma,0.6,0.5234,1.5410611064488169,0,16
3_opaque_FA_VisionCrack3,1784092126,lsf_sigma,0.65,0.6393,1.5410611064488169,0,16
3_opaque_FA_VisionCrack3,1784092126,lsf_sigma,0.7,0.6655,1.5410611064488169,0,16
3_opaque_FA_VisionCrack3,1784092126,lsf_sigma,0.75,0.7575,1.5410611064488169,0,16
3_opaque_FA_VisionCrack3,1784092126,lsf_sigma,0.8,0.8321,1.5410611064488169,0,16
3_opaque_FA_VisionCrack3,1784092126,lsf_sigma,0.85,0.8782,1.5410611064488169,0,16
3_opaque_FA_VisionCrack3,1784092126,lsf_sigma,0.9,1.0013,1.5410611064488169,0,16
3_opaque_FA_VisionCrack3,1784092126,lsf_sigma,0.95,0.9917,1.5410611064488169,0,16
3_opaque_FA_VisionCrack3,1784092126,lsf_sigma,1.0,1.0533,1.5410611064488169,0,16
3_opaque_FA_VisionCrack3,1784092126,lsf_sigma,1.5,1.6005,1.5410611064488169,0,16
3_opaque_FA_VisionCrack3,1784092126,lsf_sigma,2.0,1.9998,1.5410611064488169,0,16
3_opaque_FA_VisionCrack3,1784092126,lsf_sigma,2.5,2.6673,1.5410611064488169,0,16
3_opaque_FA_VisionCrack3,1784092126,no_deconv,0.5,0.4127,1.4004382619486364,0,16
3_opaque_FA_VisionCrack3,1784092126,no_deconv,0.55,0.5023,1.4004382619486364,0,16
3_opaque_FA_VisionCrack3,1784092126,no_deconv,0.6,0.5027,1.4004382619486364,0,16
3_opaque_FA_VisionCrack3,1784092126,no_deconv,0.65,0.616,1.4004382619486364,0,16
3_opaque_FA_VisionCrack3,1784092126,no_deconv,0.7,0.6419,1.4004382619486364,0,16
3_opaque_FA_VisionCrack3,1784092126,no_deconv,0.75,0.7335,1.4004382619486364,0,16
3_opaque_FA_VisionCrack3,1784092126,no_deconv,0.8,0.8083,1.4004382619486364,0,16
3_opaque_FA_VisionCrack3,1784092126,no_deconv,0.85,0.8547,1.4004382619486364,0,16
3_opaque_FA_VisionCrack3,1784092126,no_deconv,0.9,0.9791,1.4004382619486364,0,16
3_opaque_FA_VisionCrack3,1784092126,no_deconv,0.95,0.9694,1.4004382619486364,0,16
3_opaque_FA_VisionCrack3,1784092126,no_deconv,1.0,1.0319,1.4004382619486364,0,16
3_opaque_FA_VisionCrack3,1784092126,no_deconv,1.5,1.591,1.4004382619486364,0,16
3_opaque_FA_VisionCrack3,1784092126,no_deconv,2.0,2.0012,1.4004382619486364,0,16
3_opaque_FA_VisionCrack3,1784092126,no_deconv,2.5,2.6885,1.4004382619486364,0,16
3_opaque_FA_VisionCrack3,1784092126,rev3_window,0.5,0.4536,1.4004382619486364,1,17
3_opaque_FA_VisionCrack3,1784092126,rev3_window,0.55,0.5557,1.4004382619486364,1,17
3_opaque_FA_VisionCrack3,1784092126,rev3_window,0.6,0.5338,1.4004382619486364,1,17
3_opaque_FA_VisionCrack3,1784092126,rev3_window,0.65,0.6408,1.4004382619486364,1,17
3_opaque_FA_VisionCrack3,1784092126,rev3_window,0.7,0.6686,1.4004382619486364,1,17
3_opaque_FA_VisionCrack3,1784092126,rev3_window,0.75,0.7649,1.4004382619486364,1,17
3_opaque_FA_VisionCrack3,1784092126,rev3_window,0.8,0.8118,1.4004382619486364,1,17
3_opaque_FA_VisionCrack3,1784092126,rev3_window,0.85,0.8791,1.4004382619486364,1,17
3_opaque_FA_VisionCrack3,1784092126,rev3_window,0.9,0.9598,1.4004382619486364,1,17
3_opaque_FA_VisionCrack3,1784092126,rev3_window,0.95,0.972,1.4004382619486364,1,17
3_opaque_FA_VisionCrack3,1784092126,rev3_window,1.0,1.0117,1.4004382619486364,1,17
3_opaque_FA_VisionCrack3,1784092126,rev3_window,1.5,1.5321,1.4004382619486364,1,17
3_opaque_FA_VisionCrack3,1784092126,rev3_window,2.0,2.952,1.4004382619486364,1,17
3_opaque_FA_VisionCrack3,1784092126,rev3_window,2.5,2.8136,1.4004382619486364,1,17
3_opaque_FA_VisionCrack3,1784092126,margin1.0,0.5,0.4359,1.4004382619486364,0,16
3_opaque_FA_VisionCrack3,1784092126,margin1.0,0.55,0.5362,1.4004382619486364,0,16
3_opaque_FA_VisionCrack3,1784092126,margin1.0,0.6,0.5317,1.4004382619486364,0,16
3_opaque_FA_VisionCrack3,1784092126,margin1.0,0.65,0.6437,1.4004382619486364,0,16
3_opaque_FA_VisionCrack3,1784092126,margin1.0,0.7,0.6715,1.4004382619486364,0,16
3_opaque_FA_VisionCrack3,1784092126,margin1.0,0.75,0.7552,1.4004382619486364,0,16
3_opaque_FA_VisionCrack3,1784092126,margin1.0,0.8,0.8327,1.4004382619486364,0,16
3_opaque_FA_VisionCrack3,1784092126,margin1.0,0.85,0.8788,1.4004382619486364,0,16
3_opaque_FA_VisionCrack3,1784092126,margin1.0,0.9,0.9509,1.4004382619486364,0,16
3_opaque_FA_VisionCrack3,1784092126,margin1.0,0.95,0.974,1.4004382619486364,0,16
3_opaque_FA_VisionCrack3,1784092126,margin1.0,1.0,1.0456,1.4004382619486364,0,16
3_opaque_FA_VisionCrack3,1784092126,margin1.0,1.5,1.594,1.4004382619486364,0,16
3_opaque_FA_VisionCrack3,1784092126,margin1.0,2.0,1.9876,1.4004382619486364,0,16
3_opaque_FA_VisionCrack3,1784092126,margin1.0,2.5,2.7423,1.4004382619486364,0,16
3_opaque_FA_VisionCrack3,1784092126,margin2.0,0.5,0.4391,1.4004382619486364,0,16
3_opaque_FA_VisionCrack3,1784092126,margin2.0,0.55,0.5299,1.4004382619486364,0,16
3_opaque_FA_VisionCrack3,1784092126,margin2.0,0.6,0.5277,1.4004382619486364,0,16
3_opaque_FA_VisionCrack3,1784092126,margin2.0,0.65,0.6461,1.4004382619486364,0,16
3_opaque_FA_VisionCrack3,1784092126,margin2.0,0.7,0.6692,1.4004382619486364,0,16
3_opaque_FA_VisionCrack3,1784092126,margin2.0,0.75,0.7619,1.4004382619486364,0,16
3_opaque_FA_VisionCrack3,1784092126,margin2.0,0.8,0.8344,1.4004382619486364,0,16
3_opaque_FA_VisionCrack3,1784092126,margin2.0,0.85,0.8841,1.4004382619486364,0,16
3_opaque_FA_VisionCrack3,1784092126,margin2.0,0.9,1.11,1.4004382619486364,0,16
3_opaque_FA_VisionCrack3,1784092126,margin2.0,0.95,0.9952,1.4004382619486364,0,16
3_opaque_FA_VisionCrack3,1784092126,margin2.0,1.0,1.0598,1.4004382619486364,0,16
3_opaque_FA_VisionCrack3,1784092126,margin2.0,1.5,1.7312,1.4004382619486364,0,16
3_opaque_FA_VisionCrack3,1784092126,margin2.0,2.0,2.022,1.4004382619486364,0,16
3_opaque_FA_VisionCrack3,1784092126,margin2.0,2.5,2.6501,1.4004382619486364,0,16
3_opaque_FA_VisionCrack3,1784092126,smooth15,0.5,0.4441,1.4004382619486364,0,16
3_opaque_FA_VisionCrack3,1784092126,smooth15,0.55,0.5387,1.4004382619486364,0,16
3_opaque_FA_VisionCrack3,1784092126,smooth15,0.6,0.5383,1.4004382619486364,0,16
3_opaque_FA_VisionCrack3,1784092126,smooth15,0.65,0.6479,1.4004382619486364,0,16
3_opaque_FA_VisionCrack3,1784092126,smooth15,0.7,0.672,1.4004382619486364,0,16
3_opaque_FA_VisionCrack3,1784092126,smooth15,0.75,0.7643,1.4004382619486364,0,16
3_opaque_FA_VisionCrack3,1784092126,smooth15,0.8,0.84,1.4004382619486364,0,16
3_opaque_FA_VisionCrack3,1784092126,smooth15,0.85,0.8802,1.4004382619486364,0,16
3_opaque_FA_VisionCrack3,1784092126,smooth15,0.9,0.992,1.4004382619486364,0,16
3_opaque_FA_VisionCrack3,1784092126,smooth15,0.95,1.0023,1.4004382619486364,0,16
3_opaque_FA_VisionCrack3,1784092126,smooth15,1.0,1.0408,1.4004382619486364,0,16
3_opaque_FA_VisionCrack3,1784092126,smooth15,1.5,1.5865,1.4004382619486364,0,16
3_opaque_FA_VisionCrack3,1784092126,smooth15,2.0,2.0086,1.4004382619486364,0,16
3_opaque_FA_VisionCrack3,1784092126,smooth15,2.5,2.6701,1.4004382619486364,0,16
3_opaque_FA_VisionCrack3,1784092126,smooth35,0.5,0.4387,1.4004382619486364,0,16
3_opaque_FA_VisionCrack3,1784092126,smooth35,0.55,0.5362,1.4004382619486364,0,16
3_opaque_FA_VisionCrack3,1784092126,smooth35,0.6,0.5315,1.4004382619486364,0,16
3_opaque_FA_VisionCrack3,1784092126,smooth35,0.65,0.6426,1.4004382619486364,0,16
3_opaque_FA_VisionCrack3,1784092126,smooth35,0.7,0.665,1.4004382619486364,0,16
3_opaque_FA_VisionCrack3,1784092126,smooth35,0.75,0.7616,1.4004382619486364,0,16
3_opaque_FA_VisionCrack3,1784092126,smooth35,0.8,0.8398,1.4004382619486364,0,16
3_opaque_FA_VisionCrack3,1784092126,smooth35,0.85,0.883,1.4004382619486364,0,16
3_opaque_FA_VisionCrack3,1784092126,smooth35,0.9,1.002,1.4004382619486364,0,16
3_opaque_FA_VisionCrack3,1784092126,smooth35,0.95,0.9779,1.4004382619486364,0,16
3_opaque_FA_VisionCrack3,1784092126,smooth35,1.0,1.0561,1.4004382619486364,0,16
3_opaque_FA_VisionCrack3,1784092126,smooth35,1.5,1.8217,1.4004382619486364,0,16
3_opaque_FA_VisionCrack3,1784092126,smooth35,2.0,1.9998,1.4004382619486364,0,16
3_opaque_FA_VisionCrack3,1784092126,smooth35,2.5,2.6977,1.4004382619486364,0,16
3_opaque_FA_VisionCrack3,1784092126,band0.60,0.5,0.4364,1.4004382619486364,0,16
3_opaque_FA_VisionCrack3,1784092126,band0.60,0.55,0.5288,1.4004382619486364,0,16
3_opaque_FA_VisionCrack3,1784092126,band0.60,0.6,0.5292,1.4004382619486364,0,16
3_opaque_FA_VisionCrack3,1784092126,band0.60,0.65,0.6438,1.4004382619486364,0,16
3_opaque_FA_VisionCrack3,1784092126,band0.60,0.7,0.6698,1.4004382619486364,0,16
3_opaque_FA_VisionCrack3,1784092126,band0.60,0.75,0.761,1.4004382619486364,0,16
3_opaque_FA_VisionCrack3,1784092126,band0.60,0.8,0.8352,1.4004382619486364,0,16
3_opaque_FA_VisionCrack3,1784092126,band0.60,0.85,0.881,1.4004382619486364,0,16
3_opaque_FA_VisionCrack3,1784092126,band0.60,0.9,1.0034,1.4004382619486364,0,16
3_opaque_FA_VisionCrack3,1784092126,band0.60,0.95,0.9938,1.4004382619486364,0,16
3_opaque_FA_VisionCrack3,1784092126,band0.60,1.0,1.0552,1.4004382619486364,0,16
3_opaque_FA_VisionCrack3,1784092126,band0.60,1.5,1.6006,1.4004382619486364,0,16
3_opaque_FA_VisionCrack3,1784092126,band0.60,2.0,1.9989,1.4004382619486364,0,16
3_opaque_FA_VisionCrack3,1784092126,band0.60,2.5,2.6651,1.4004382619486364,0,16
3_opaque_FA_VisionCrack3,1784092126,win0.4,0.5,0.4364,1.4004382619486364,0,16
3_opaque_FA_VisionCrack3,1784092126,win0.4,0.55,0.5356,1.4004382619486364,0,16
3_opaque_FA_VisionCrack3,1784092126,win0.4,0.6,0.5356,1.4004382619486364,0,16
3_opaque_FA_VisionCrack3,1784092126,win0.4,0.65,0.6427,1.4004382619486364,0,16
3_opaque_FA_VisionCrack3,1784092126,win0.4,0.7,0.6708,1.4004382619486364,0,16
3_opaque_FA_VisionCrack3,1784092126,win0.4,0.75,0.7565,1.4004382619486364,0,16
3_opaque_FA_VisionCrack3,1784092126,win0.4,0.8,0.8217,1.4004382619486364,0,16
3_opaque_FA_VisionCrack3,1784092126,win0.4,0.85,0.8779,1.4004382619486364,0,16
3_opaque_FA_VisionCrack3,1784092126,win0.4,0.9,0.9502,1.4004382619486364,0,16
3_opaque_FA_VisionCrack3,1784092126,win0.4,0.95,0.9778,1.4004382619486364,0,16
3_opaque_FA_VisionCrack3,1784092126,win0.4,1.0,1.0296,1.4004382619486364,0,16
3_opaque_FA_VisionCrack3,1784092126,win0.4,1.5,1.759,1.4004382619486364,0,16
3_opaque_FA_VisionCrack3,1784092126,win0.4,2.0,2.0146,1.4004382619486364,0,16
3_opaque_FA_VisionCrack3,1784092126,win0.4,2.5,2.5015,1.4004382619486364,0,16
3_opaque_FA_VisionCrack3,1784092126,win0.8,0.5,0.4501,1.4004382619486364,0,16
3_opaque_FA_VisionCrack3,1784092126,win0.8,0.55,0.5376,1.4004382619486364,0,16
3_opaque_FA_VisionCrack3,1784092126,win0.8,0.6,0.5415,1.4004382619486364,0,16
3_opaque_FA_VisionCrack3,1784092126,win0.8,0.65,0.6429,1.4004382619486364,0,16
3_opaque_FA_VisionCrack3,1784092126,win0.8,0.7,0.6658,1.4004382619486364,0,16
3_opaque_FA_VisionCrack3,1784092126,win0.8,0.75,0.7536,1.4004382619486364,0,16
3_opaque_FA_VisionCrack3,1784092126,win0.8,0.8,0.8089,1.4004382619486364,0,16
3_opaque_FA_VisionCrack3,1784092126,win0.8,0.85,0.8844,1.4004382619486364,0,16
3_opaque_FA_VisionCrack3,1784092126,win0.8,0.9,1.1431,1.4004382619486364,0,16
3_opaque_FA_VisionCrack3,1784092126,win0.8,0.95,0.9771,1.4004382619486364,0,16
3_opaque_FA_VisionCrack3,1784092126,win0.8,1.0,1.0206,1.4004382619486364,0,16
3_opaque_FA_VisionCrack3,1784092126,win0.8,1.5,1.611,1.4004382619486364,0,16
3_opaque_FA_VisionCrack3,1784092126,win0.8,2.0,2.3244,1.4004382619486364,0,16
3_opaque_FA_VisionCrack3,1784092126,win0.8,2.5,2.5731,1.4004382619486364,0,16
3_opaque_FA_VisionCrack3,1784092135,full,0.5,0.4566,1.3147920691761867,0,15
3_opaque_FA_VisionCrack3,1784092135,full,0.55,0.5826,1.3147920691761867,0,15
3_opaque_FA_VisionCrack3,1784092135,full,0.6,0.5604,1.3147920691761867,0,15
3_opaque_FA_VisionCrack3,1784092135,full,0.65,0.6612,1.3147920691761867,0,15
3_opaque_FA_VisionCrack3,1784092135,full,0.7,0.6554,1.3147920691761867,0,15
3_opaque_FA_VisionCrack3,1784092135,full,0.75,0.766,1.3147920691761867,0,15
3_opaque_FA_VisionCrack3,1784092135,full,0.8,0.7892,1.3147920691761867,0,15
3_opaque_FA_VisionCrack3,1784092135,full,0.85,0.8773,1.3147920691761867,0,15
3_opaque_FA_VisionCrack3,1784092135,full,0.9,1.1826,1.3147920691761867,0,15
3_opaque_FA_VisionCrack3,1784092135,full,0.95,0.9895,1.3147920691761867,0,15
3_opaque_FA_VisionCrack3,1784092135,full,1.0,1.0276,1.3147920691761867,0,15
3_opaque_FA_VisionCrack3,1784092135,full,1.5,2.0193,1.3147920691761867,0,15
3_opaque_FA_VisionCrack3,1784092135,full,2.0,1.9914,1.3147920691761867,0,15
3_opaque_FA_VisionCrack3,1784092135,full,2.5,2.546,1.3147920691761867,0,15
3_opaque_FA_VisionCrack3,1784092135,no_masked_bg,0.5,0.4497,1.3147920691761867,0,15
3_opaque_FA_VisionCrack3,1784092135,no_masked_bg,0.55,0.5964,1.3147920691761867,0,15
3_opaque_FA_VisionCrack3,1784092135,no_masked_bg,0.6,0.5639,1.3147920691761867,0,15
3_opaque_FA_VisionCrack3,1784092135,no_masked_bg,0.65,0.6653,1.3147920691761867,0,15
3_opaque_FA_VisionCrack3,1784092135,no_masked_bg,0.7,0.6642,1.3147920691761867,0,15
3_opaque_FA_VisionCrack3,1784092135,no_masked_bg,0.75,0.773,1.3147920691761867,0,15
3_opaque_FA_VisionCrack3,1784092135,no_masked_bg,0.8,0.7946,1.3147920691761867,0,15
3_opaque_FA_VisionCrack3,1784092135,no_masked_bg,0.85,0.8837,1.3147920691761867,0,15
3_opaque_FA_VisionCrack3,1784092135,no_masked_bg,0.9,1.2343,1.3147920691761867,0,15
3_opaque_FA_VisionCrack3,1784092135,no_masked_bg,0.95,0.9961,1.3147920691761867,0,15
3_opaque_FA_VisionCrack3,1784092135,no_masked_bg,1.0,1.0341,1.3147920691761867,0,15
3_opaque_FA_VisionCrack3,1784092135,no_masked_bg,1.5,2.2789,1.3147920691761867,0,15
3_opaque_FA_VisionCrack3,1784092135,no_masked_bg,2.0,2.2277,1.3147920691761867,0,15
3_opaque_FA_VisionCrack3,1784092135,no_masked_bg,2.5,2.6828,1.3147920691761867,0,15
3_opaque_FA_VisionCrack3,1784092135,lsf_sigma,0.5,0.4463,1.5653391048779777,0,15
3_opaque_FA_VisionCrack3,1784092135,lsf_sigma,0.55,0.5747,1.5653391048779777,0,15
3_opaque_FA_VisionCrack3,1784092135,lsf_sigma,0.6,0.5478,1.5653391048779777,0,15
3_opaque_FA_VisionCrack3,1784092135,lsf_sigma,0.65,0.6554,1.5653391048779777,0,15
3_opaque_FA_VisionCrack3,1784092135,lsf_sigma,0.7,0.6484,1.5653391048779777,0,15
3_opaque_FA_VisionCrack3,1784092135,lsf_sigma,0.75,0.7601,1.5653391048779777,0,15
3_opaque_FA_VisionCrack3,1784092135,lsf_sigma,0.8,0.7827,1.5653391048779777,0,15
3_opaque_FA_VisionCrack3,1784092135,lsf_sigma,0.85,0.874,1.5653391048779777,0,15
3_opaque_FA_VisionCrack3,1784092135,lsf_sigma,0.9,1.1863,1.5653391048779777,0,15
3_opaque_FA_VisionCrack3,1784092135,lsf_sigma,0.95,0.9882,1.5653391048779777,0,15
3_opaque_FA_VisionCrack3,1784092135,lsf_sigma,1.0,1.0253,1.5653391048779777,0,15
3_opaque_FA_VisionCrack3,1784092135,lsf_sigma,1.5,2.1419,1.5653391048779777,0,15
3_opaque_FA_VisionCrack3,1784092135,lsf_sigma,2.0,1.9995,1.5653391048779777,0,15
3_opaque_FA_VisionCrack3,1784092135,lsf_sigma,2.5,2.5523,1.5653391048779777,0,15
3_opaque_FA_VisionCrack3,1784092135,no_deconv,0.5,0.4317,1.3147920691761867,0,15
3_opaque_FA_VisionCrack3,1784092135,no_deconv,0.55,0.5551,1.3147920691761867,0,15
3_opaque_FA_VisionCrack3,1784092135,no_deconv,0.6,0.5331,1.3147920691761867,0,15
3_opaque_FA_VisionCrack3,1784092135,no_deconv,0.65,0.6333,1.3147920691761867,0,15
3_opaque_FA_VisionCrack3,1784092135,no_deconv,0.7,0.6275,1.3147920691761867,0,15
3_opaque_FA_VisionCrack3,1784092135,no_deconv,0.75,0.7385,1.3147920691761867,0,15
3_opaque_FA_VisionCrack3,1784092135,no_deconv,0.8,0.7619,1.3147920691761867,0,15
3_opaque_FA_VisionCrack3,1784092135,no_deconv,0.85,0.851,1.3147920691761867,0,15
3_opaque_FA_VisionCrack3,1784092135,no_deconv,0.9,1.1619,1.3147920691761867,0,15
3_opaque_FA_VisionCrack3,1784092135,no_deconv,0.95,0.9649,1.3147920691761867,0,15
3_opaque_FA_VisionCrack3,1784092135,no_deconv,1.0,1.0037,1.3147920691761867,0,15
3_opaque_FA_VisionCrack3,1784092135,no_deconv,1.5,2.0208,1.3147920691761867,0,15
3_opaque_FA_VisionCrack3,1784092135,no_deconv,2.0,1.9921,1.3147920691761867,0,15
3_opaque_FA_VisionCrack3,1784092135,no_deconv,2.5,2.5634,1.3147920691761867,0,15
3_opaque_FA_VisionCrack3,1784092135,rev3_window,0.5,0.449,1.3147920691761867,1,16
3_opaque_FA_VisionCrack3,1784092135,rev3_window,0.55,0.6275,1.3147920691761867,1,16
3_opaque_FA_VisionCrack3,1784092135,rev3_window,0.6,0.5311,1.3147920691761867,1,16
3_opaque_FA_VisionCrack3,1784092135,rev3_window,0.65,0.6461,1.3147920691761867,1,16
3_opaque_FA_VisionCrack3,1784092135,rev3_window,0.7,0.6511,1.3147920691761867,1,16
3_opaque_FA_VisionCrack3,1784092135,rev3_window,0.75,0.763,1.3147920691761867,1,16
3_opaque_FA_VisionCrack3,1784092135,rev3_window,0.8,0.8214,1.3147920691761867,1,16
3_opaque_FA_VisionCrack3,1784092135,rev3_window,0.85,0.8806,1.3147920691761867,1,16
3_opaque_FA_VisionCrack3,1784092135,rev3_window,0.9,1.2244,1.3147920691761867,1,16
3_opaque_FA_VisionCrack3,1784092135,rev3_window,0.95,0.9652,1.3147920691761867,1,16
3_opaque_FA_VisionCrack3,1784092135,rev3_window,1.0,1.0092,1.3147920691761867,1,16
3_opaque_FA_VisionCrack3,1784092135,rev3_window,1.5,1.897,1.3147920691761867,1,16
3_opaque_FA_VisionCrack3,1784092135,rev3_window,2.0,2.8732,1.3147920691761867,1,16
3_opaque_FA_VisionCrack3,1784092135,rev3_window,2.5,2.9865,1.3147920691761867,1,16
3_opaque_FA_VisionCrack3,1784092135,margin1.0,0.5,0.448,1.3147920691761867,0,15
3_opaque_FA_VisionCrack3,1784092135,margin1.0,0.55,0.5805,1.3147920691761867,0,15
3_opaque_FA_VisionCrack3,1784092135,margin1.0,0.6,0.5613,1.3147920691761867,0,15
3_opaque_FA_VisionCrack3,1784092135,margin1.0,0.65,0.661,1.3147920691761867,0,15
3_opaque_FA_VisionCrack3,1784092135,margin1.0,0.7,0.6583,1.3147920691761867,0,15
3_opaque_FA_VisionCrack3,1784092135,margin1.0,0.75,0.7649,1.3147920691761867,0,15
3_opaque_FA_VisionCrack3,1784092135,margin1.0,0.8,0.7947,1.3147920691761867,0,15
3_opaque_FA_VisionCrack3,1784092135,margin1.0,0.85,0.8758,1.3147920691761867,0,15
3_opaque_FA_VisionCrack3,1784092135,margin1.0,0.9,1.1076,1.3147920691761867,0,15
3_opaque_FA_VisionCrack3,1784092135,margin1.0,0.95,0.9847,1.3147920691761867,0,15
3_opaque_FA_VisionCrack3,1784092135,margin1.0,1.0,1.0147,1.3147920691761867,0,15
3_opaque_FA_VisionCrack3,1784092135,margin1.0,1.5,2.1103,1.3147920691761867,0,15
3_opaque_FA_VisionCrack3,1784092135,margin1.0,2.0,1.9591,1.3147920691761867,0,15
3_opaque_FA_VisionCrack3,1784092135,margin1.0,2.5,2.5537,1.3147920691761867,0,15
3_opaque_FA_VisionCrack3,1784092135,margin2.0,0.5,0.4589,1.3147920691761867,0,15
3_opaque_FA_VisionCrack3,1784092135,margin2.0,0.55,0.5839,1.3147920691761867,0,15
3_opaque_FA_VisionCrack3,1784092135,margin2.0,0.6,0.5577,1.3147920691761867,0,15
3_opaque_FA_VisionCrack3,1784092135,margin2.0,0.65,0.663,1.3147920691761867,0,15
3_opaque_FA_VisionCrack3,1784092135,margin2.0,0.7,0.6563,1.3147920691761867,0,15
3_opaque_FA_VisionCrack3,1784092135,margin2.0,0.75,0.7662,1.3147920691761867,0,15
3_opaque_FA_VisionCrack3,1784092135,margin2.0,0.8,0.7885,1.3147920691761867,0,15
3_opaque_FA_VisionCrack3,1784092135,margin2.0,0.85,0.8787,1.3147920691761867,0,15
3_opaque_FA_VisionCrack3,1784092135,margin2.0,0.9,1.1883,1.3147920691761867,0,15
3_opaque_FA_VisionCrack3,1784092135,margin2.0,0.95,0.9918,1.3147920691761867,0,15
3_opaque_FA_VisionCrack3,1784092135,margin2.0,1.0,1.0286,1.3147920691761867,0,15
3_opaque_FA_VisionCrack3,1784092135,margin2.0,1.5,2.1388,1.3147920691761867,0,15
3_opaque_FA_VisionCrack3,1784092135,margin2.0,2.0,1.9971,1.3147920691761867,0,15
3_opaque_FA_VisionCrack3,1784092135,margin2.0,2.5,2.5476,1.3147920691761867,0,15
3_opaque_FA_VisionCrack3,1784092135,smooth15,0.5,0.4571,1.3147920691761867,0,15
3_opaque_FA_VisionCrack3,1784092135,smooth15,0.55,0.5967,1.3147920691761867,0,15
3_opaque_FA_VisionCrack3,1784092135,smooth15,0.6,0.5673,1.3147920691761867,0,15
3_opaque_FA_VisionCrack3,1784092135,smooth15,0.65,0.6657,1.3147920691761867,0,15
3_opaque_FA_VisionCrack3,1784092135,smooth15,0.7,0.6556,1.3147920691761867,0,15
3_opaque_FA_VisionCrack3,1784092135,smooth15,0.75,0.7708,1.3147920691761867,0,15
3_opaque_FA_VisionCrack3,1784092135,smooth15,0.8,0.7907,1.3147920691761867,0,15
3_opaque_FA_VisionCrack3,1784092135,smooth15,0.85,0.8732,1.3147920691761867,0,15
3_opaque_FA_VisionCrack3,1784092135,smooth15,0.9,1.1055,1.3147920691761867,0,15
3_opaque_FA_VisionCrack3,1784092135,smooth15,0.95,0.9929,1.3147920691761867,0,15
3_opaque_FA_VisionCrack3,1784092135,smooth15,1.0,1.0188,1.3147920691761867,0,15
3_opaque_FA_VisionCrack3,1784092135,smooth15,1.5,1.8845,1.3147920691761867,0,15
3_opaque_FA_VisionCrack3,1784092135,smooth15,2.0,1.9932,1.3147920691761867,0,15
3_opaque_FA_VisionCrack3,1784092135,smooth15,2.5,2.4884,1.3147920691761867,0,15
3_opaque_FA_VisionCrack3,1784092135,smooth35,0.5,0.4578,1.3147920691761867,0,15
3_opaque_FA_VisionCrack3,1784092135,smooth35,0.55,0.5885,1.3147920691761867,0,15
3_opaque_FA_VisionCrack3,1784092135,smooth35,0.6,0.5614,1.3147920691761867,0,15
3_opaque_FA_VisionCrack3,1784092135,smooth35,0.65,0.6625,1.3147920691761867,0,15
3_opaque_FA_VisionCrack3,1784092135,smooth35,0.7,0.6526,1.3147920691761867,0,15
3_opaque_FA_VisionCrack3,1784092135,smooth35,0.75,0.7682,1.3147920691761867,0,15
3_opaque_FA_VisionCrack3,1784092135,smooth35,0.8,0.7869,1.3147920691761867,0,15
3_opaque_FA_VisionCrack3,1784092135,smooth35,0.85,0.8783,1.3147920691761867,0,15
3_opaque_FA_VisionCrack3,1784092135,smooth35,0.9,1.213,1.3147920691761867,0,15
3_opaque_FA_VisionCrack3,1784092135,smooth35,0.95,0.9882,1.3147920691761867,0,15
3_opaque_FA_VisionCrack3,1784092135,smooth35,1.0,1.029,1.3147920691761867,0,15
3_opaque_FA_VisionCrack3,1784092135,smooth35,1.5,2.1377,1.3147920691761867,0,15
3_opaque_FA_VisionCrack3,1784092135,smooth35,2.0,1.9959,1.3147920691761867,0,15
3_opaque_FA_VisionCrack3,1784092135,smooth35,2.5,2.6146,1.3147920691761867,0,15
3_opaque_FA_VisionCrack3,1784092135,band0.60,0.5,0.4566,1.3147920691761867,0,15
3_opaque_FA_VisionCrack3,1784092135,band0.60,0.55,0.5826,1.3147920691761867,0,15
3_opaque_FA_VisionCrack3,1784092135,band0.60,0.6,0.5604,1.3147920691761867,0,15
3_opaque_FA_VisionCrack3,1784092135,band0.60,0.65,0.6612,1.3147920691761867,0,15
3_opaque_FA_VisionCrack3,1784092135,band0.60,0.7,0.6554,1.3147920691761867,0,15
3_opaque_FA_VisionCrack3,1784092135,band0.60,0.75,0.766,1.3147920691761867,0,15
3_opaque_FA_VisionCrack3,1784092135,band0.60,0.8,0.7892,1.3147920691761867,0,15
3_opaque_FA_VisionCrack3,1784092135,band0.60,0.85,0.8773,1.3147920691761867,0,15
3_opaque_FA_VisionCrack3,1784092135,band0.60,0.9,1.1826,1.3147920691761867,0,15
3_opaque_FA_VisionCrack3,1784092135,band0.60,0.95,0.9895,1.3147920691761867,0,15
3_opaque_FA_VisionCrack3,1784092135,band0.60,1.0,1.0276,1.3147920691761867,0,15
3_opaque_FA_VisionCrack3,1784092135,band0.60,1.5,2.0193,1.3147920691761867,0,15
3_opaque_FA_VisionCrack3,1784092135,band0.60,2.0,1.9914,1.3147920691761867,0,15
3_opaque_FA_VisionCrack3,1784092135,band0.60,2.5,2.546,1.3147920691761867,0,15
3_opaque_FA_VisionCrack3,1784092135,win0.4,0.5,0.4566,1.3147920691761867,0,15
3_opaque_FA_VisionCrack3,1784092135,win0.4,0.55,0.5966,1.3147920691761867,0,15
3_opaque_FA_VisionCrack3,1784092135,win0.4,0.6,0.5604,1.3147920691761867,0,15
3_opaque_FA_VisionCrack3,1784092135,win0.4,0.65,0.6577,1.3147920691761867,0,15
3_opaque_FA_VisionCrack3,1784092135,win0.4,0.7,0.6592,1.3147920691761867,0,15
3_opaque_FA_VisionCrack3,1784092135,win0.4,0.75,0.7604,1.3147920691761867,0,15
3_opaque_FA_VisionCrack3,1784092135,win0.4,0.8,0.7886,1.3147920691761867,0,15
3_opaque_FA_VisionCrack3,1784092135,win0.4,0.85,0.868,1.3147920691761867,0,15
3_opaque_FA_VisionCrack3,1784092135,win0.4,0.9,1.1651,1.3147920691761867,0,15
3_opaque_FA_VisionCrack3,1784092135,win0.4,0.95,0.9724,1.3147920691761867,0,15
3_opaque_FA_VisionCrack3,1784092135,win0.4,1.0,1.003,1.3147920691761867,0,15
3_opaque_FA_VisionCrack3,1784092135,win0.4,1.5,1.7578,1.3147920691761867,0,15
3_opaque_FA_VisionCrack3,1784092135,win0.4,2.0,1.9978,1.3147920691761867,0,15
3_opaque_FA_VisionCrack3,1784092135,win0.4,2.5,2.4892,1.3147920691761867,0,15
3_opaque_FA_VisionCrack3,1784092135,win0.8,0.5,0.4635,1.3147920691761867,0,15
3_opaque_FA_VisionCrack3,1784092135,win0.8,0.55,0.6158,1.3147920691761867,0,15
3_opaque_FA_VisionCrack3,1784092135,win0.8,0.6,0.5436,1.3147920691761867,0,15
3_opaque_FA_VisionCrack3,1784092135,win0.8,0.65,0.6487,1.3147920691761867,0,15
3_opaque_FA_VisionCrack3,1784092135,win0.8,0.7,0.6671,1.3147920691761867,0,15
3_opaque_FA_VisionCrack3,1784092135,win0.8,0.75,0.7569,1.3147920691761867,0,15
3_opaque_FA_VisionCrack3,1784092135,win0.8,0.8,0.8104,1.3147920691761867,0,15
3_opaque_FA_VisionCrack3,1784092135,win0.8,0.85,0.8752,1.3147920691761867,0,15
3_opaque_FA_VisionCrack3,1784092135,win0.8,0.9,1.2512,1.3147920691761867,0,15
3_opaque_FA_VisionCrack3,1784092135,win0.8,0.95,0.9826,1.3147920691761867,0,15
3_opaque_FA_VisionCrack3,1784092135,win0.8,1.0,1.0124,1.3147920691761867,0,15
3_opaque_FA_VisionCrack3,1784092135,win0.8,1.5,1.5949,1.3147920691761867,0,15
3_opaque_FA_VisionCrack3,1784092135,win0.8,2.0,2.7089,1.3147920691761867,0,15
3_opaque_FA_VisionCrack3,1784092135,win0.8,2.5,2.4799,1.3147920691761867,0,15
3_opaque_FA_VisionCrack3,1784092146,full,0.5,0.4435,1.3632865230957991,0,16
3_opaque_FA_VisionCrack3,1784092146,full,0.55,0.5398,1.3632865230957991,0,16
3_opaque_FA_VisionCrack3,1784092146,full,0.6,0.5531,1.3632865230957991,0,16
3_opaque_FA_VisionCrack3,1784092146,full,0.65,0.6475,1.3632865230957991,0,16
3_opaque_FA_VisionCrack3,1784092146,full,0.7,0.6382,1.3632865230957991,0,16
3_opaque_FA_VisionCrack3,1784092146,full,0.75,0.752,1.3632865230957991,0,16
3_opaque_FA_VisionCrack3,1784092146,full,0.8,1.0228,1.3632865230957991,0,16
3_opaque_FA_VisionCrack3,1784092146,full,0.85,0.8852,1.3632865230957991,0,16
3_opaque_FA_VisionCrack3,1784092146,full,0.9,0.9445,1.3632865230957991,0,16
3_opaque_FA_VisionCrack3,1784092146,full,0.95,1.0069,1.3632865230957991,0,16
3_opaque_FA_VisionCrack3,1784092146,full,1.0,1.0382,1.3632865230957991,0,16
3_opaque_FA_VisionCrack3,1784092146,full,1.5,1.999,1.3632865230957991,0,16
3_opaque_FA_VisionCrack3,1784092146,full,2.0,2.024,1.3632865230957991,0,16
3_opaque_FA_VisionCrack3,1784092146,full,2.5,2.7216,1.3632865230957991,0,16
3_opaque_FA_VisionCrack3,1784092146,no_masked_bg,0.5,0.4416,1.3632865230957991,0,16
3_opaque_FA_VisionCrack3,1784092146,no_masked_bg,0.55,0.5483,1.3632865230957991,0,16
3_opaque_FA_VisionCrack3,1784092146,no_masked_bg,0.6,0.5586,1.3632865230957991,0,16
3_opaque_FA_VisionCrack3,1784092146,no_masked_bg,0.65,0.6522,1.3632865230957991,0,16
3_opaque_FA_VisionCrack3,1784092146,no_masked_bg,0.7,0.6474,1.3632865230957991,0,16
3_opaque_FA_VisionCrack3,1784092146,no_masked_bg,0.75,0.7602,1.3632865230957991,0,16
3_opaque_FA_VisionCrack3,1784092146,no_masked_bg,0.8,1.2232,1.3632865230957991,0,16
3_opaque_FA_VisionCrack3,1784092146,no_masked_bg,0.85,0.8904,1.3632865230957991,0,16
3_opaque_FA_VisionCrack3,1784092146,no_masked_bg,0.9,1.0845,1.3632865230957991,0,16
3_opaque_FA_VisionCrack3,1784092146,no_masked_bg,0.95,1.0021,1.3632865230957991,0,16
3_opaque_FA_VisionCrack3,1784092146,no_masked_bg,1.0,1.0503,1.3632865230957991,0,16
3_opaque_FA_VisionCrack3,1784092146,no_masked_bg,1.5,2.3205,1.3632865230957991,0,16
3_opaque_FA_VisionCrack3,1784092146,no_masked_bg,2.0,2.2681,1.3632865230957991,0,16
3_opaque_FA_VisionCrack3,1784092146,no_masked_bg,2.5,2.6047,1.3632865230957991,0,16
3_opaque_FA_VisionCrack3,1784092146,lsf_sigma,0.5,0.4339,1.5456809852139144,0,16
3_opaque_FA_VisionCrack3,1784092146,lsf_sigma,0.55,0.5322,1.5456809852139144,0,16
3_opaque_FA_VisionCrack3,1784092146,lsf_sigma,0.6,0.5457,1.5456809852139144,0,16
3_opaque_FA_VisionCrack3,1784092146,lsf_sigma,0.65,0.6416,1.5456809852139144,0,16
3_opaque_FA_VisionCrack3,1784092146,lsf_sigma,0.7,0.6322,1.5456809852139144,0,16
3_opaque_FA_VisionCrack3,1784092146,lsf_sigma,0.75,0.7472,1.5456809852139144,0,16
3_opaque_FA_VisionCrack3,1784092146,lsf_sigma,0.8,1.0203,1.5456809852139144,0,16
3_opaque_FA_VisionCrack3,1784092146,lsf_sigma,0.85,0.8816,1.5456809852139144,0,16
3_opaque_FA_VisionCrack3,1784092146,lsf_sigma,0.9,0.9414,1.5456809852139144,0,16
3_opaque_FA_VisionCrack3,1784092146,lsf_sigma,0.95,1.0042,1.5456809852139144,0,16
3_opaque_FA_VisionCrack3,1784092146,lsf_sigma,1.0,1.0358,1.5456809852139144,0,16
3_opaque_FA_VisionCrack3,1784092146,lsf_sigma,1.5,2.0005,1.5456809852139144,0,16
3_opaque_FA_VisionCrack3,1784092146,lsf_sigma,2.0,2.0256,1.5456809852139144,0,16
3_opaque_FA_VisionCrack3,1784092146,lsf_sigma,2.5,2.7251,1.5456809852139144,0,16
3_opaque_FA_VisionCrack3,1784092146,no_deconv,0.5,0.4255,1.3632865230957991,0,16
3_opaque_FA_VisionCrack3,1784092146,no_deconv,0.55,0.5183,1.3632865230957991,0,16
3_opaque_FA_VisionCrack3,1784092146,no_deconv,0.6,0.5312,1.3632865230957991,0,16
3_opaque_FA_VisionCrack3,1784092146,no_deconv,0.65,0.6241,1.3632865230957991,0,16
3_opaque_FA_VisionCrack3,1784092146,no_deconv,0.7,0.615,1.3632865230957991,0,16
3_opaque_FA_VisionCrack3,1784092146,no_deconv,0.75,0.7281,1.3632865230957991,0,16
3_opaque_FA_VisionCrack3,1784092146,no_deconv,0.8,1.0006,1.3632865230957991,0,16
3_opaque_FA_VisionCrack3,1784092146,no_deconv,0.85,0.8616,1.3632865230957991,0,16
3_opaque_FA_VisionCrack3,1784092146,no_deconv,0.9,0.9215,1.3632865230957991,0,16
3_opaque_FA_VisionCrack3,1784092146,no_deconv,0.95,0.9845,1.3632865230957991,0,16
3_opaque_FA_VisionCrack3,1784092146,no_deconv,1.0,1.0162,1.3632865230957991,0,16
3_opaque_FA_VisionCrack3,1784092146,no_deconv,1.5,1.9954,1.3632865230957991,0,16
3_opaque_FA_VisionCrack3,1784092146,no_deconv,2.0,2.0209,1.3632865230957991,0,16
3_opaque_FA_VisionCrack3,1784092146,no_deconv,2.5,2.7354,1.3632865230957991,0,16
3_opaque_FA_VisionCrack3,1784092146,rev3_window,0.5,0.4248,1.3632865230957991,0,16
3_opaque_FA_VisionCrack3,1784092146,rev3_window,0.55,0.5749,1.3632865230957991,0,16
3_opaque_FA_VisionCrack3,1784092146,rev3_window,0.6,0.5356,1.3632865230957991,0,16
3_opaque_FA_VisionCrack3,1784092146,rev3_window,0.65,0.6298,1.3632865230957991,0,16
3_opaque_FA_VisionCrack3,1784092146,rev3_window,0.7,0.6528,1.3632865230957991,0,16
3_opaque_FA_VisionCrack3,1784092146,rev3_window,0.75,0.7477,1.3632865230957991,0,16
3_opaque_FA_VisionCrack3,1784092146,rev3_window,0.8,0.8287,1.3632865230957991,0,16
3_opaque_FA_VisionCrack3,1784092146,rev3_window,0.85,0.8885,1.3632865230957991,0,16
3_opaque_FA_VisionCrack3,1784092146,rev3_window,0.9,0.9603,1.3632865230957991,0,16
3_opaque_FA_VisionCrack3,1784092146,rev3_window,0.95,0.9672,1.3632865230957991,0,16
3_opaque_FA_VisionCrack3,1784092146,rev3_window,1.0,1.0151,1.3632865230957991,0,16
3_opaque_FA_VisionCrack3,1784092146,rev3_window,1.5,1.5583,1.3632865230957991,0,16
3_opaque_FA_VisionCrack3,1784092146,rev3_window,2.0,2.3175,1.3632865230957991,0,16
3_opaque_FA_VisionCrack3,1784092146,rev3_window,2.5,2.7272,1.3632865230957991,0,16
3_opaque_FA_VisionCrack3,1784092146,margin1.0,0.5,0.4424,1.3632865230957991,0,16
3_opaque_FA_VisionCrack3,1784092146,margin1.0,0.55,0.5426,1.3632865230957991,0,16
3_opaque_FA_VisionCrack3,1784092146,margin1.0,0.6,0.5533,1.3632865230957991,0,16
3_opaque_FA_VisionCrack3,1784092146,margin1.0,0.65,0.647,1.3632865230957991,0,16
3_opaque_FA_VisionCrack3,1784092146,margin1.0,0.7,0.6409,1.3632865230957991,0,16
3_opaque_FA_VisionCrack3,1784092146,margin1.0,0.75,0.7499,1.3632865230957991,0,16
3_opaque_FA_VisionCrack3,1784092146,margin1.0,0.8,0.8428,1.3632865230957991,0,16
3_opaque_FA_VisionCrack3,1784092146,margin1.0,0.85,0.884,1.3632865230957991,0,16
3_opaque_FA_VisionCrack3,1784092146,margin1.0,0.9,0.9452,1.3632865230957991,0,16
3_opaque_FA_VisionCrack3,1784092146,margin1.0,0.95,0.9824,1.3632865230957991,0,16
3_opaque_FA_VisionCrack3,1784092146,margin1.0,1.0,1.0245,1.3632865230957991,0,16
3_opaque_FA_VisionCrack3,1784092146,margin1.0,1.5,2.024,1.3632865230957991,0,16
3_opaque_FA_VisionCrack3,1784092146,margin1.0,2.0,1.9741,1.3632865230957991,0,16
3_opaque_FA_VisionCrack3,1784092146,margin1.0,2.5,2.722,1.3632865230957991,0,16
3_opaque_FA_VisionCrack3,1784092146,margin2.0,0.5,0.4443,1.3632865230957991,0,16
3_opaque_FA_VisionCrack3,1784092146,margin2.0,0.55,0.5421,1.3632865230957991,0,16
3_opaque_FA_VisionCrack3,1784092146,margin2.0,0.6,0.5528,1.3632865230957991,0,16
3_opaque_FA_VisionCrack3,1784092146,margin2.0,0.65,0.648,1.3632865230957991,0,16
3_opaque_FA_VisionCrack3,1784092146,margin2.0,0.7,0.638,1.3632865230957991,0,16
3_opaque_FA_VisionCrack3,1784092146,margin2.0,0.75,0.7529,1.3632865230957991,0,16
3_opaque_FA_VisionCrack3,1784092146,margin2.0,0.8,1.1029,1.3632865230957991,0,16
3_opaque_FA_VisionCrack3,1784092146,margin2.0,0.85,0.8856,1.3632865230957991,0,16
3_opaque_FA_VisionCrack3,1784092146,margin2.0,0.9,0.9575,1.3632865230957991,0,16
3_opaque_FA_VisionCrack3,1784092146,margin2.0,0.95,1.0043,1.3632865230957991,0,16
3_opaque_FA_VisionCrack3,1784092146,margin2.0,1.0,1.0409,1.3632865230957991,0,16
3_opaque_FA_VisionCrack3,1784092146,margin2.0,1.5,2.0779,1.3632865230957991,0,16
3_opaque_FA_VisionCrack3,1784092146,margin2.0,2.0,2.0381,1.3632865230957991,0,16
3_opaque_FA_VisionCrack3,1784092146,margin2.0,2.5,2.7214,1.3632865230957991,0,16
3_opaque_FA_VisionCrack3,1784092146,smooth15,0.5,0.4427,1.3632865230957991,0,16
3_opaque_FA_VisionCrack3,1784092146,smooth15,0.55,0.5328,1.3632865230957991,0,16
3_opaque_FA_VisionCrack3,1784092146,smooth15,0.6,0.5542,1.3632865230957991,0,16
3_opaque_FA_VisionCrack3,1784092146,smooth15,0.65,0.6514,1.3632865230957991,0,16
3_opaque_FA_VisionCrack3,1784092146,smooth15,0.7,0.6411,1.3632865230957991,0,16
3_opaque_FA_VisionCrack3,1784092146,smooth15,0.75,0.7561,1.3632865230957991,0,16
3_opaque_FA_VisionCrack3,1784092146,smooth15,0.8,0.8586,1.3632865230957991,0,16
3_opaque_FA_VisionCrack3,1784092146,smooth15,0.85,0.8799,1.3632865230957991,0,16
3_opaque_FA_VisionCrack3,1784092146,smooth15,0.9,0.9475,1.3632865230957991,0,16
3_opaque_FA_VisionCrack3,1784092146,smooth15,0.95,1.0058,1.3632865230957991,0,16
3_opaque_FA_VisionCrack3,1784092146,smooth15,1.0,1.0356,1.3632865230957991,0,16
3_opaque_FA_VisionCrack3,1784092146,smooth15,1.5,1.8078,1.3632865230957991,0,16
3_opaque_FA_VisionCrack3,1784092146,smooth15,2.0,2.0226,1.3632865230957991,0,16
3_opaque_FA_VisionCrack3,1784092146,smooth15,2.5,2.4657,1.3632865230957991,0,16
3_opaque_FA_VisionCrack3,1784092146,smooth35,0.5,0.4413,1.3632865230957991,0,16
3_opaque_FA_VisionCrack3,1784092146,smooth35,0.55,0.5438,1.3632865230957991,0,16
3_opaque_FA_VisionCrack3,1784092146,smooth35,0.6,0.5534,1.3632865230957991,0,16
3_opaque_FA_VisionCrack3,1784092146,smooth35,0.65,0.6479,1.3632865230957991,0,16
3_opaque_FA_VisionCrack3,1784092146,smooth35,0.7,0.6359,1.3632865230957991,0,16
3_opaque_FA_VisionCrack3,1784092146,smooth35,0.75,0.7557,1.3632865230957991,0,16
3_opaque_FA_VisionCrack3,1784092146,smooth35,0.8,1.0982,1.3632865230957991,0,16
3_opaque_FA_VisionCrack3,1784092146,smooth35,0.85,0.8863,1.3632865230957991,0,16
3_opaque_FA_VisionCrack3,1784092146,smooth35,0.9,0.9613,1.3632865230957991,0,16
3_opaque_FA_VisionCrack3,1784092146,smooth35,0.95,0.9847,1.3632865230957991,0,16
3_opaque_FA_VisionCrack3,1784092146,smooth35,1.0,1.0438,1.3632865230957991,0,16
3_opaque_FA_VisionCrack3,1784092146,smooth35,1.5,2.1199,1.3632865230957991,0,16
3_opaque_FA_VisionCrack3,1784092146,smooth35,2.0,2.0181,1.3632865230957991,0,16
3_opaque_FA_VisionCrack3,1784092146,smooth35,2.5,2.8379,1.3632865230957991,0,16
3_opaque_FA_VisionCrack3,1784092146,band0.60,0.5,0.4435,1.3632865230957991,0,16
3_opaque_FA_VisionCrack3,1784092146,band0.60,0.55,0.5398,1.3632865230957991,0,16
3_opaque_FA_VisionCrack3,1784092146,band0.60,0.6,0.5531,1.3632865230957991,0,16
3_opaque_FA_VisionCrack3,1784092146,band0.60,0.65,0.6475,1.3632865230957991,0,16
3_opaque_FA_VisionCrack3,1784092146,band0.60,0.7,0.6382,1.3632865230957991,0,16
3_opaque_FA_VisionCrack3,1784092146,band0.60,0.75,0.752,1.3632865230957991,0,16
3_opaque_FA_VisionCrack3,1784092146,band0.60,0.8,1.0228,1.3632865230957991,0,16
3_opaque_FA_VisionCrack3,1784092146,band0.60,0.85,0.8852,1.3632865230957991,0,16
3_opaque_FA_VisionCrack3,1784092146,band0.60,0.9,0.9445,1.3632865230957991,0,16
3_opaque_FA_VisionCrack3,1784092146,band0.60,0.95,1.0069,1.3632865230957991,0,16
3_opaque_FA_VisionCrack3,1784092146,band0.60,1.0,1.0382,1.3632865230957991,0,16
3_opaque_FA_VisionCrack3,1784092146,band0.60,1.5,1.999,1.3632865230957991,0,16
3_opaque_FA_VisionCrack3,1784092146,band0.60,2.0,2.024,1.3632865230957991,0,16
3_opaque_FA_VisionCrack3,1784092146,band0.60,2.5,2.7216,1.3632865230957991,0,16
3_opaque_FA_VisionCrack3,1784092146,win0.4,0.5,0.4435,1.3632865230957991,0,16
3_opaque_FA_VisionCrack3,1784092146,win0.4,0.55,0.535,1.3632865230957991,0,16
3_opaque_FA_VisionCrack3,1784092146,win0.4,0.6,0.5489,1.3632865230957991,0,16
3_opaque_FA_VisionCrack3,1784092146,win0.4,0.65,0.6469,1.3632865230957991,0,16
3_opaque_FA_VisionCrack3,1784092146,win0.4,0.7,0.6476,1.3632865230957991,0,16
3_opaque_FA_VisionCrack3,1784092146,win0.4,0.75,0.7442,1.3632865230957991,0,16
3_opaque_FA_VisionCrack3,1784092146,win0.4,0.8,0.8577,1.3632865230957991,0,16
3_opaque_FA_VisionCrack3,1784092146,win0.4,0.85,0.8765,1.3632865230957991,0,16
3_opaque_FA_VisionCrack3,1784092146,win0.4,0.9,1.1126,1.3632865230957991,0,16
3_opaque_FA_VisionCrack3,1784092146,win0.4,0.95,0.9782,1.3632865230957991,0,16
3_opaque_FA_VisionCrack3,1784092146,win0.4,1.0,1.0311,1.3632865230957991,0,16
3_opaque_FA_VisionCrack3,1784092146,win0.4,1.5,2.0446,1.3632865230957991,0,16
3_opaque_FA_VisionCrack3,1784092146,win0.4,2.0,2.0253,1.3632865230957991,0,16
3_opaque_FA_VisionCrack3,1784092146,win0.4,2.5,2.4945,1.3632865230957991,0,16
3_opaque_FA_VisionCrack3,1784092146,win0.8,0.5,0.4461,1.3632865230957991,0,16
3_opaque_FA_VisionCrack3,1784092146,win0.8,0.55,0.5301,1.3632865230957991,0,16
3_opaque_FA_VisionCrack3,1784092146,win0.8,0.6,0.5644,1.3632865230957991,0,16
3_opaque_FA_VisionCrack3,1784092146,win0.8,0.65,0.6395,1.3632865230957991,0,16
3_opaque_FA_VisionCrack3,1784092146,win0.8,0.7,0.649,1.3632865230957991,0,16
3_opaque_FA_VisionCrack3,1784092146,win0.8,0.75,0.7402,1.3632865230957991,0,16
3_opaque_FA_VisionCrack3,1784092146,win0.8,0.8,0.828,1.3632865230957991,0,16
3_opaque_FA_VisionCrack3,1784092146,win0.8,0.85,0.8827,1.3632865230957991,0,16
3_opaque_FA_VisionCrack3,1784092146,win0.8,0.9,1.1476,1.3632865230957991,0,16
3_opaque_FA_VisionCrack3,1784092146,win0.8,0.95,0.977,1.3632865230957991,0,16
3_opaque_FA_VisionCrack3,1784092146,win0.8,1.0,1.0353,1.3632865230957991,0,16
3_opaque_FA_VisionCrack3,1784092146,win0.8,1.5,1.7346,1.3632865230957991,0,16
3_opaque_FA_VisionCrack3,1784092146,win0.8,2.0,2.6128,1.3632865230957991,0,16
3_opaque_FA_VisionCrack3,1784092146,win0.8,2.5,2.4984,1.3632865230957991,0,16
3_opaque_FA_VisionCrack3,1784092155,full,0.5,0.4423,1.4734826367598737,0,16
3_opaque_FA_VisionCrack3,1784092155,full,0.55,0.5273,1.4734826367598737,0,16
3_opaque_FA_VisionCrack3,1784092155,full,0.6,0.5299,1.4734826367598737,0,16
3_opaque_FA_VisionCrack3,1784092155,full,0.65,0.6489,1.4734826367598737,0,16
3_opaque_FA_VisionCrack3,1784092155,full,0.7,0.6476,1.4734826367598737,0,16
3_opaque_FA_VisionCrack3,1784092155,full,0.75,0.7504,1.4734826367598737,0,16
3_opaque_FA_VisionCrack3,1784092155,full,0.8,0.8212,1.4734826367598737,0,16
3_opaque_FA_VisionCrack3,1784092155,full,0.85,0.8804,1.4734826367598737,0,16
3_opaque_FA_VisionCrack3,1784092155,full,0.9,0.9749,1.4734826367598737,0,16
3_opaque_FA_VisionCrack3,1784092155,full,0.95,1.0182,1.4734826367598737,0,16
3_opaque_FA_VisionCrack3,1784092155,full,1.0,1.0413,1.4734826367598737,0,16
3_opaque_FA_VisionCrack3,1784092155,full,1.5,1.9043,1.4734826367598737,0,16
3_opaque_FA_VisionCrack3,1784092155,full,2.0,1.9958,1.4734826367598737,0,16
3_opaque_FA_VisionCrack3,1784092155,full,2.5,2.5353,1.4734826367598737,0,16
3_opaque_FA_VisionCrack3,1784092155,no_masked_bg,0.5,0.4475,1.4734826367598737,0,16
3_opaque_FA_VisionCrack3,1784092155,no_masked_bg,0.55,0.537,1.4734826367598737,0,16
3_opaque_FA_VisionCrack3,1784092155,no_masked_bg,0.6,0.5438,1.4734826367598737,0,16
3_opaque_FA_VisionCrack3,1784092155,no_masked_bg,0.65,0.654,1.4734826367598737,0,16
3_opaque_FA_VisionCrack3,1784092155,no_masked_bg,0.7,0.6498,1.4734826367598737,0,16
3_opaque_FA_VisionCrack3,1784092155,no_masked_bg,0.75,0.7561,1.4734826367598737,0,16
3_opaque_FA_VisionCrack3,1784092155,no_masked_bg,0.8,1.0965,1.4734826367598737,0,16
3_opaque_FA_VisionCrack3,1784092155,no_masked_bg,0.85,0.8914,1.4734826367598737,0,16
3_opaque_FA_VisionCrack3,1784092155,no_masked_bg,0.9,1.0547,1.4734826367598737,0,16
3_opaque_FA_VisionCrack3,1784092155,no_masked_bg,0.95,1.0298,1.4734826367598737,0,16
3_opaque_FA_VisionCrack3,1784092155,no_masked_bg,1.0,1.0658,1.4734826367598737,0,16
3_opaque_FA_VisionCrack3,1784092155,no_masked_bg,1.5,2.2476,1.4734826367598737,0,16
3_opaque_FA_VisionCrack3,1784092155,no_masked_bg,2.0,2.2144,1.4734826367598737,0,16
3_opaque_FA_VisionCrack3,1784092155,no_masked_bg,2.5,2.5644,1.4734826367598737,0,16
3_opaque_FA_VisionCrack3,1784092155,lsf_sigma,0.5,0.4332,1.6298332586456326,0,16
3_opaque_FA_VisionCrack3,1784092155,lsf_sigma,0.55,0.5244,1.6298332586456326,0,16
3_opaque_FA_VisionCrack3,1784092155,lsf_sigma,0.6,0.5239,1.6298332586456326,0,16
3_opaque_FA_VisionCrack3,1784092155,lsf_sigma,0.65,0.6445,1.6298332586456326,0,16
3_opaque_FA_VisionCrack3,1784092155,lsf_sigma,0.7,0.643,1.6298332586456326,0,16
3_opaque_FA_VisionCrack3,1784092155,lsf_sigma,0.75,0.7483,1.6298332586456326,0,16
3_opaque_FA_VisionCrack3,1784092155,lsf_sigma,0.8,0.8316,1.6298332586456326,0,16
3_opaque_FA_VisionCrack3,1784092155,lsf_sigma,0.85,0.8776,1.6298332586456326,0,16
3_opaque_FA_VisionCrack3,1784092155,lsf_sigma,0.9,1.0223,1.6298332586456326,0,16
3_opaque_FA_VisionCrack3,1784092155,lsf_sigma,0.95,1.0144,1.6298332586456326,0,16
3_opaque_FA_VisionCrack3,1784092155,lsf_sigma,1.0,1.0451,1.6298332586456326,0,16
3_opaque_FA_VisionCrack3,1784092155,lsf_sigma,1.5,2.0525,1.6298332586456326,0,16
3_opaque_FA_VisionCrack3,1784092155,lsf_sigma,2.0,2.0009,1.6298332586456326,0,16
3_opaque_FA_VisionCrack3,1784092155,lsf_sigma,2.5,2.5481,1.6298332586456326,0,16
3_opaque_FA_VisionCrack3,1784092155,no_deconv,0.5,0.4241,1.4734826367598737,0,16
3_opaque_FA_VisionCrack3,1784092155,no_deconv,0.55,0.5061,1.4734826367598737,0,16
3_opaque_FA_VisionCrack3,1784092155,no_deconv,0.6,0.5085,1.4734826367598737,0,16
3_opaque_FA_VisionCrack3,1784092155,no_deconv,0.65,0.6257,1.4734826367598737,0,16
3_opaque_FA_VisionCrack3,1784092155,no_deconv,0.7,0.6244,1.4734826367598737,0,16
3_opaque_FA_VisionCrack3,1784092155,no_deconv,0.75,0.727,1.4734826367598737,0,16
3_opaque_FA_VisionCrack3,1784092155,no_deconv,0.8,0.7983,1.4734826367598737,0,16
3_opaque_FA_VisionCrack3,1784092155,no_deconv,0.85,0.8579,1.4734826367598737,0,16
3_opaque_FA_VisionCrack3,1784092155,no_deconv,0.9,0.9538,1.4734826367598737,0,16
3_opaque_FA_VisionCrack3,1784092155,no_deconv,0.95,0.9978,1.4734826367598737,0,16
3_opaque_FA_VisionCrack3,1784092155,no_deconv,1.0,1.0213,1.4734826367598737,0,16
3_opaque_FA_VisionCrack3,1784092155,no_deconv,1.5,1.9061,1.4734826367598737,0,16
3_opaque_FA_VisionCrack3,1784092155,no_deconv,2.0,2.0002,1.4734826367598737,0,16
3_opaque_FA_VisionCrack3,1784092155,no_deconv,2.5,2.5564,1.4734826367598737,0,16
3_opaque_FA_VisionCrack3,1784092155,rev3_window,0.5,0.443,1.4734826367598737,1,16
3_opaque_FA_VisionCrack3,1784092155,rev3_window,0.55,0.5369,1.4734826367598737,1,16
3_opaque_FA_VisionCrack3,1784092155,rev3_window,0.6,0.5569,1.4734826367598737,1,16
3_opaque_FA_VisionCrack3,1784092155,rev3_window,0.65,0.6298,1.4734826367598737,1,16
3_opaque_FA_VisionCrack3,1784092155,rev3_window,0.7,0.6577,1.4734826367598737,1,16
3_opaque_FA_VisionCrack3,1784092155,rev3_window,0.75,0.7405,1.4734826367598737,1,16
3_opaque_FA_VisionCrack3,1784092155,rev3_window,0.8,0.8051,1.4734826367598737,1,16
3_opaque_FA_VisionCrack3,1784092155,rev3_window,0.85,0.8825,1.4734826367598737,1,16
3_opaque_FA_VisionCrack3,1784092155,rev3_window,0.9,1.0057,1.4734826367598737,1,16
3_opaque_FA_VisionCrack3,1784092155,rev3_window,0.95,0.9711,1.4734826367598737,1,16
3_opaque_FA_VisionCrack3,1784092155,rev3_window,1.0,1.0004,1.4734826367598737,1,16
3_opaque_FA_VisionCrack3,1784092155,rev3_window,1.5,1.7193,1.4734826367598737,1,16
3_opaque_FA_VisionCrack3,1784092155,rev3_window,2.0,2.2548,1.4734826367598737,1,16
3_opaque_FA_VisionCrack3,1784092155,rev3_window,2.5,2.4838,1.4734826367598737,1,16
3_opaque_FA_VisionCrack3,1784092155,margin1.0,0.5,0.4416,1.4734826367598737,0,16
3_opaque_FA_VisionCrack3,1784092155,margin1.0,0.55,0.5263,1.4734826367598737,0,16
3_opaque_FA_VisionCrack3,1784092155,margin1.0,0.6,0.5365,1.4734826367598737,0,16
3_opaque_FA_VisionCrack3,1784092155,margin1.0,0.65,0.6478,1.4734826367598737,0,16
3_opaque_FA_VisionCrack3,1784092155,margin1.0,0.7,0.648,1.4734826367598737,0,16
3_opaque_FA_VisionCrack3,1784092155,margin1.0,0.75,0.7487,1.4734826367598737,0,16
3_opaque_FA_VisionCrack3,1784092155,margin1.0,0.8,0.8151,1.4734826367598737,0,16
3_opaque_FA_VisionCrack3,1784092155,margin1.0,0.85,0.8794,1.4734826367598737,0,16
3_opaque_FA_VisionCrack3,1784092155,margin1.0,0.9,0.9339,1.4734826367598737,0,16
3_opaque_FA_VisionCrack3,1784092155,margin1.0,0.95,0.9994,1.4734826367598737,0,16
3_opaque_FA_VisionCrack3,1784092155,margin1.0,1.0,1.0311,1.4734826367598737,0,16
3_opaque_FA_VisionCrack3,1784092155,margin1.0,1.5,1.9517,1.4734826367598737,0,16
3_opaque_FA_VisionCrack3,1784092155,margin1.0,2.0,1.9667,1.4734826367598737,0,16
3_opaque_FA_VisionCrack3,1784092155,margin1.0,2.5,2.5631,1.4734826367598737,0,16
3_opaque_FA_VisionCrack3,1784092155,margin2.0,0.5,0.4418,1.4734826367598737,0,16
3_opaque_FA_VisionCrack3,1784092155,margin2.0,0.55,0.5272,1.4734826367598737,0,16
3_opaque_FA_VisionCrack3,1784092155,margin2.0,0.6,0.5307,1.4734826367598737,0,16
3_opaque_FA_VisionCrack3,1784092155,margin2.0,0.65,0.6498,1.4734826367598737,0,16
3_opaque_FA_VisionCrack3,1784092155,margin2.0,0.7,0.6493,1.4734826367598737,0,16
3_opaque_FA_VisionCrack3,1784092155,margin2.0,0.75,0.7526,1.4734826367598737,0,16
3_opaque_FA_VisionCrack3,1784092155,margin2.0,0.8,0.8375,1.4734826367598737,0,16
3_opaque_FA_VisionCrack3,1784092155,margin2.0,0.85,0.8826,1.4734826367598737,0,16
3_opaque_FA_VisionCrack3,1784092155,margin2.0,0.9,1.0213,1.4734826367598737,0,16
3_opaque_FA_VisionCrack3,1784092155,margin2.0,0.95,1.0187,1.4734826367598737,0,16
3_opaque_FA_VisionCrack3,1784092155,margin2.0,1.0,1.051,1.4734826367598737,0,16
3_opaque_FA_VisionCrack3,1784092155,margin2.0,1.5,2.0967,1.4734826367598737,0,16
3_opaque_FA_VisionCrack3,1784092155,margin2.0,2.0,2.0139,1.4734826367598737,0,16
3_opaque_FA_VisionCrack3,1784092155,margin2.0,2.5,2.5503,1.4734826367598737,0,16
3_opaque_FA_VisionCrack3,1784092155,smooth15,0.5,0.4433,1.4734826367598737,0,16
3_opaque_FA_VisionCrack3,1784092155,smooth15,0.55,0.5312,1.4734826367598737,0,16
3_opaque_FA_VisionCrack3,1784092155,smooth15,0.6,0.5412,1.4734826367598737,0,16
3_opaque_FA_VisionCrack3,1784092155,smooth15,0.65,0.652,1.4734826367598737,0,16
3_opaque_FA_VisionCrack3,1784092155,smooth15,0.7,0.6482,1.4734826367598737,0,16
3_opaque_FA_VisionCrack3,1784092155,smooth15,0.75,0.7574,1.4734826367598737,0,16
3_opaque_FA_VisionCrack3,1784092155,smooth15,0.8,0.8246,1.4734826367598737,0,16
3_opaque_FA_VisionCrack3,1784092155,smooth15,0.85,0.8796,1.4734826367598737,0,16
3_opaque_FA_VisionCrack3,1784092155,smooth15,0.9,0.9603,1.4734826367598737,0,16
3_opaque_FA_VisionCrack3,1784092155,smooth15,0.95,1.0242,1.4734826367598737,0,16
3_opaque_FA_VisionCrack3,1784092155,smooth15,1.0,1.0324,1.4734826367598737,0,16
3_opaque_FA_VisionCrack3,1784092155,smooth15,1.5,1.7848,1.4734826367598737,0,16
3_opaque_FA_VisionCrack3,1784092155,smooth15,2.0,1.9852,1.4734826367598737,0,16
3_opaque_FA_VisionCrack3,1784092155,smooth15,2.5,2.3769,1.4734826367598737,0,16
3_opaque_FA_VisionCrack3,1784092155,smooth35,0.5,0.4396,1.4734826367598737,0,16
3_opaque_FA_VisionCrack3,1784092155,smooth35,0.55,0.5273,1.4734826367598737,0,16
3_opaque_FA_VisionCrack3,1784092155,smooth35,0.6,0.5263,1.4734826367598737,0,16
3_opaque_FA_VisionCrack3,1784092155,smooth35,0.65,0.6475,1.4734826367598737,0,16
3_opaque_FA_VisionCrack3,1784092155,smooth35,0.7,0.6393,1.4734826367598737,0,16
3_opaque_FA_VisionCrack3,1784092155,smooth35,0.75,0.7531,1.4734826367598737,0,16
3_opaque_FA_VisionCrack3,1784092155,smooth35,0.8,0.8332,1.4734826367598737,0,16
3_opaque_FA_VisionCrack3,1784092155,smooth35,0.85,0.881,1.4734826367598737,0,16
3_opaque_FA_VisionCrack3,1784092155,smooth35,0.9,1.0192,1.4734826367598737,0,16
3_opaque_FA_VisionCrack3,1784092155,smooth35,0.95,1.0044,1.4734826367598737,0,16
3_opaque_FA_VisionCrack3,1784092155,smooth35,1.0,1.0482,1.4734826367598737,0,16
3_opaque_FA_VisionCrack3,1784092155,smooth35,1.5,2.1144,1.4734826367598737,0,16
3_opaque_FA_VisionCrack3,1784092155,smooth35,2.0,2.0001,1.4734826367598737,0,16
3_opaque_FA_VisionCrack3,1784092155,smooth35,2.5,2.6539,1.4734826367598737,0,16
3_opaque_FA_VisionCrack3,1784092155,band0.60,0.5,0.4423,1.4734826367598737,0,16
3_opaque_FA_VisionCrack3,1784092155,band0.60,0.55,0.5273,1.4734826367598737,0,16
3_opaque_FA_VisionCrack3,1784092155,band0.60,0.6,0.5299,1.4734826367598737,0,16
3_opaque_FA_VisionCrack3,1784092155,band0.60,0.65,0.6489,1.4734826367598737,0,16
3_opaque_FA_VisionCrack3,1784092155,band0.60,0.7,0.6476,1.4734826367598737,0,16
3_opaque_FA_VisionCrack3,1784092155,band0.60,0.75,0.7504,1.4734826367598737,0,16
3_opaque_FA_VisionCrack3,1784092155,band0.60,0.8,0.8212,1.4734826367598737,0,16
3_opaque_FA_VisionCrack3,1784092155,band0.60,0.85,0.8804,1.4734826367598737,0,16
3_opaque_FA_VisionCrack3,1784092155,band0.60,0.9,0.9749,1.4734826367598737,0,16
3_opaque_FA_VisionCrack3,1784092155,band0.60,0.95,1.0182,1.4734826367598737,0,16
3_opaque_FA_VisionCrack3,1784092155,band0.60,1.0,1.0413,1.4734826367598737,0,16
3_opaque_FA_VisionCrack3,1784092155,band0.60,1.5,1.9043,1.4734826367598737,0,16
3_opaque_FA_VisionCrack3,1784092155,band0.60,2.0,1.9958,1.4734826367598737,0,16
3_opaque_FA_VisionCrack3,1784092155,band0.60,2.5,2.5353,1.4734826367598737,0,16
3_opaque_FA_VisionCrack3,1784092155,win0.4,0.5,0.4423,1.4734826367598737,0,16
3_opaque_FA_VisionCrack3,1784092155,win0.4,0.55,0.5215,1.4734826367598737,0,16
3_opaque_FA_VisionCrack3,1784092155,win0.4,0.6,0.5267,1.4734826367598737,0,16
3_opaque_FA_VisionCrack3,1784092155,win0.4,0.65,0.6441,1.4734826367598737,0,16
3_opaque_FA_VisionCrack3,1784092155,win0.4,0.7,0.6518,1.4734826367598737,0,16
3_opaque_FA_VisionCrack3,1784092155,win0.4,0.75,0.7469,1.4734826367598737,0,16
3_opaque_FA_VisionCrack3,1784092155,win0.4,0.8,0.8458,1.4734826367598737,0,16
3_opaque_FA_VisionCrack3,1784092155,win0.4,0.85,0.8798,1.4734826367598737,0,16
3_opaque_FA_VisionCrack3,1784092155,win0.4,0.9,1.1496,1.4734826367598737,0,16
3_opaque_FA_VisionCrack3,1784092155,win0.4,0.95,0.971,1.4734826367598737,0,16
3_opaque_FA_VisionCrack3,1784092155,win0.4,1.0,1.0316,1.4734826367598737,0,16
3_opaque_FA_VisionCrack3,1784092155,win0.4,1.5,1.9214,1.4734826367598737,0,16
3_opaque_FA_VisionCrack3,1784092155,win0.4,2.0,2.0223,1.4734826367598737,0,16
3_opaque_FA_VisionCrack3,1784092155,win0.4,2.5,2.5173,1.4734826367598737,0,16
3_opaque_FA_VisionCrack3,1784092155,win0.8,0.5,0.441,1.4734826367598737,0,16
3_opaque_FA_VisionCrack3,1784092155,win0.8,0.55,0.523,1.4734826367598737,0,16
3_opaque_FA_VisionCrack3,1784092155,win0.8,0.6,0.5389,1.4734826367598737,0,16
3_opaque_FA_VisionCrack3,1784092155,win0.8,0.65,0.6412,1.4734826367598737,0,16
3_opaque_FA_VisionCrack3,1784092155,win0.8,0.7,0.6524,1.4734826367598737,0,16
3_opaque_FA_VisionCrack3,1784092155,win0.8,0.75,0.7457,1.4734826367598737,0,16
3_opaque_FA_VisionCrack3,1784092155,win0.8,0.8,0.851,1.4734826367598737,0,16
3_opaque_FA_VisionCrack3,1784092155,win0.8,0.85,0.8815,1.4734826367598737,0,16
3_opaque_FA_VisionCrack3,1784092155,win0.8,0.9,1.1755,1.4734826367598737,0,16
3_opaque_FA_VisionCrack3,1784092155,win0.8,0.95,0.9675,1.4734826367598737,0,16
3_opaque_FA_VisionCrack3,1784092155,win0.8,1.0,1.0398,1.4734826367598737,0,16
3_opaque_FA_VisionCrack3,1784092155,win0.8,1.5,1.7989,1.4734826367598737,0,16
3_opaque_FA_VisionCrack3,1784092155,win0.8,2.0,2.2748,1.4734826367598737,0,16
3_opaque_FA_VisionCrack3,1784092155,win0.8,2.5,2.4772,1.4734826367598737,0,16
3_opaque_FA_VisionCrack3,1784092168,full,0.5,0.4418,1.3621244736398435,0,18
3_opaque_FA_VisionCrack3,1784092168,full,0.55,0.5161,1.3621244736398435,0,18
3_opaque_FA_VisionCrack3,1784092168,full,0.6,0.5462,1.3621244736398435,0,18
3_opaque_FA_VisionCrack3,1784092168,full,0.65,0.6487,1.3621244736398435,0,18
3_opaque_FA_VisionCrack3,1784092168,full,0.7,0.6581,1.3621244736398435,0,18
3_opaque_FA_VisionCrack3,1784092168,full,0.75,0.7472,1.3621244736398435,0,18
3_opaque_FA_VisionCrack3,1784092168,full,0.8,0.7755,1.3621244736398435,0,18
3_opaque_FA_VisionCrack3,1784092168,full,0.85,0.8864,1.3621244736398435,0,18
3_opaque_FA_VisionCrack3,1784092168,full,0.9,0.9951,1.3621244736398435,0,18
3_opaque_FA_VisionCrack3,1784092168,full,0.95,0.9962,1.3621244736398435,0,18
3_opaque_FA_VisionCrack3,1784092168,full,1.0,1.0308,1.3621244736398435,0,18
3_opaque_FA_VisionCrack3,1784092168,full,1.5,1.5638,1.3621244736398435,0,18
3_opaque_FA_VisionCrack3,1784092168,full,2.0,2.0086,1.3621244736398435,0,18
3_opaque_FA_VisionCrack3,1784092168,full,2.5,2.5647,1.3621244736398435,0,18
3_opaque_FA_VisionCrack3,1784092168,no_masked_bg,0.5,0.4472,1.3621244736398435,0,18
3_opaque_FA_VisionCrack3,1784092168,no_masked_bg,0.55,0.519,1.3621244736398435,0,18
3_opaque_FA_VisionCrack3,1784092168,no_masked_bg,0.6,0.5505,1.3621244736398435,0,18
3_opaque_FA_VisionCrack3,1784092168,no_masked_bg,0.65,0.6546,1.3621244736398435,0,18
3_opaque_FA_VisionCrack3,1784092168,no_masked_bg,0.7,0.6602,1.3621244736398435,0,18
3_opaque_FA_VisionCrack3,1784092168,no_masked_bg,0.75,0.7572,1.3621244736398435,0,18
3_opaque_FA_VisionCrack3,1784092168,no_masked_bg,0.8,0.777,1.3621244736398435,0,18
3_opaque_FA_VisionCrack3,1784092168,no_masked_bg,0.85,0.8929,1.3621244736398435,0,18
3_opaque_FA_VisionCrack3,1784092168,no_masked_bg,0.9,1.1798,1.3621244736398435,0,18
3_opaque_FA_VisionCrack3,1784092168,no_masked_bg,0.95,1.0033,1.3621244736398435,0,18
3_opaque_FA_VisionCrack3,1784092168,no_masked_bg,1.0,1.0539,1.3621244736398435,0,18
3_opaque_FA_VisionCrack3,1784092168,no_masked_bg,1.5,1.5981,1.3621244736398435,0,18
3_opaque_FA_VisionCrack3,1784092168,no_masked_bg,2.0,2.1307,1.3621244736398435,0,18
3_opaque_FA_VisionCrack3,1784092168,no_masked_bg,2.5,2.7179,1.3621244736398435,0,18
3_opaque_FA_VisionCrack3,1784092168,lsf_sigma,0.5,0.4326,1.5423328964698393,1,18
3_opaque_FA_VisionCrack3,1784092168,lsf_sigma,0.55,0.5085,1.5423328964698393,1,18
3_opaque_FA_VisionCrack3,1784092168,lsf_sigma,0.6,0.539,1.5423328964698393,1,18
3_opaque_FA_VisionCrack3,1784092168,lsf_sigma,0.65,0.643,1.5423328964698393,1,18
3_opaque_FA_VisionCrack3,1784092168,lsf_sigma,0.7,0.6525,1.5423328964698393,1,18
3_opaque_FA_VisionCrack3,1784092168,lsf_sigma,0.75,0.7425,1.5423328964698393,1,18
3_opaque_FA_VisionCrack3,1784092168,lsf_sigma,0.8,0.7711,1.5423328964698393,1,18
3_opaque_FA_VisionCrack3,1784092168,lsf_sigma,0.85,0.8828,1.5423328964698393,1,18
3_opaque_FA_VisionCrack3,1784092168,lsf_sigma,0.9,0.9922,1.5423328964698393,1,18
3_opaque_FA_VisionCrack3,1784092168,lsf_sigma,0.95,0.9933,1.5423328964698393,1,18
3_opaque_FA_VisionCrack3,1784092168,lsf_sigma,1.0,1.0282,1.5423328964698393,1,18
3_opaque_FA_VisionCrack3,1784092168,lsf_sigma,1.5,1.5634,1.5423328964698393,1,18
3_opaque_FA_VisionCrack3,1784092168,lsf_sigma,2.0,2.0095,1.5423328964698393,1,18
3_opaque_FA_VisionCrack3,1784092168,lsf_sigma,2.5,2.5669,1.5423328964698393,1,18
3_opaque_FA_VisionCrack3,1784092168,no_deconv,0.5,0.4141,1.3621244736398435,0,18
3_opaque_FA_VisionCrack3,1784092168,no_deconv,0.55,0.4867,1.3621244736398435,0,18
3_opaque_FA_VisionCrack3,1784092168,no_deconv,0.6,0.5163,1.3621244736398435,0,18
3_opaque_FA_VisionCrack3,1784092168,no_deconv,0.65,0.6186,1.3621244736398435,0,18
3_opaque_FA_VisionCrack3,1784092168,no_deconv,0.7,0.6279,1.3621244736398435,0,18
3_opaque_FA_VisionCrack3,1784092168,no_deconv,0.75,0.7178,1.3621244736398435,0,18
3_opaque_FA_VisionCrack3,1784092168,no_deconv,0.8,0.7465,1.3621244736398435,0,18
3_opaque_FA_VisionCrack3,1784092168,no_deconv,0.85,0.8592,1.3621244736398435,0,18
3_opaque_FA_VisionCrack3,1784092168,no_deconv,0.9,0.9703,1.3621244736398435,0,18
3_opaque_FA_VisionCrack3,1784092168,no_deconv,0.95,0.9714,1.3621244736398435,0,18
3_opaque_FA_VisionCrack3,1784092168,no_deconv,1.0,1.0069,1.3621244736398435,0,18
3_opaque_FA_VisionCrack3,1784092168,no_deconv,1.5,1.5557,1.3621244736398435,0,18
3_opaque_FA_VisionCrack3,1784092168,no_deconv,2.0,2.0158,1.3621244736398435,0,18
3_opaque_FA_VisionCrack3,1784092168,no_deconv,2.5,2.592,1.3621244736398435,0,18
3_opaque_FA_VisionCrack3,1784092168,rev3_window,0.5,0.4301,1.3621244736398435,0,19
3_opaque_FA_VisionCrack3,1784092168,rev3_window,0.55,0.5406,1.3621244736398435,0,19
3_opaque_FA_VisionCrack3,1784092168,rev3_window,0.6,0.5428,1.3621244736398435,0,19
3_opaque_FA_VisionCrack3,1784092168,rev3_window,0.65,0.6263,1.3621244736398435,0,19
3_opaque_FA_VisionCrack3,1784092168,rev3_window,0.7,0.6677,1.3621244736398435,0,19
3_opaque_FA_VisionCrack3,1784092168,rev3_window,0.75,0.7698,1.3621244736398435,0,19
3_opaque_FA_VisionCrack3,1784092168,rev3_window,0.8,0.2951,1.3621244736398435,0,19
3_opaque_FA_VisionCrack3,1784092168,rev3_window,0.85,0.8749,1.3621244736398435,0,19
3_opaque_FA_VisionCrack3,1784092168,rev3_window,0.9,0.9661,1.3621244736398435,0,19
3_opaque_FA_VisionCrack3,1784092168,rev3_window,0.95,0.9781,1.3621244736398435,0,19
3_opaque_FA_VisionCrack3,1784092168,rev3_window,1.0,0.991,1.3621244736398435,0,19
3_opaque_FA_VisionCrack3,1784092168,rev3_window,1.5,1.5579,1.3621244736398435,0,19
3_opaque_FA_VisionCrack3,1784092168,rev3_window,2.0,2.2897,1.3621244736398435,0,19
3_opaque_FA_VisionCrack3,1784092168,rev3_window,2.5,2.734,1.3621244736398435,0,19
3_opaque_FA_VisionCrack3,1784092168,margin1.0,0.5,0.4411,1.3621244736398435,0,18
3_opaque_FA_VisionCrack3,1784092168,margin1.0,0.55,0.5171,1.3621244736398435,0,18
3_opaque_FA_VisionCrack3,1784092168,margin1.0,0.6,0.5478,1.3621244736398435,0,18
3_opaque_FA_VisionCrack3,1784092168,margin1.0,0.65,0.6494,1.3621244736398435,0,18
3_opaque_FA_VisionCrack3,1784092168,margin1.0,0.7,0.6567,1.3621244736398435,0,18
3_opaque_FA_VisionCrack3,1784092168,margin1.0,0.75,0.7444,1.3621244736398435,0,18
3_opaque_FA_VisionCrack3,1784092168,margin1.0,0.8,0.7785,1.3621244736398435,0,18
3_opaque_FA_VisionCrack3,1784092168,margin1.0,0.85,0.8849,1.3621244736398435,0,18
3_opaque_FA_VisionCrack3,1784092168,margin1.0,0.9,0.964,1.3621244736398435,0,18
3_opaque_FA_VisionCrack3,1784092168,margin1.0,0.95,0.9895,1.3621244736398435,0,18
3_opaque_FA_VisionCrack3,1784092168,margin1.0,1.0,1.0237,1.3621244736398435,0,18
3_opaque_FA_VisionCrack3,1784092168,margin1.0,1.5,1.5492,1.3621244736398435,0,18
3_opaque_FA_VisionCrack3,1784092168,margin1.0,2.0,1.9886,1.3621244736398435,0,18
3_opaque_FA_VisionCrack3,1784092168,margin1.0,2.5,2.5957,1.3621244736398435,0,18
3_opaque_FA_VisionCrack3,1784092168,margin2.0,0.5,0.443,1.3621244736398435,0,18
3_opaque_FA_VisionCrack3,1784092168,margin2.0,0.55,0.5146,1.3621244736398435,0,18
3_opaque_FA_VisionCrack3,1784092168,margin2.0,0.6,0.5438,1.3621244736398435,0,18
3_opaque_FA_VisionCrack3,1784092168,margin2.0,0.65,0.6502,1.3621244736398435,0,18
3_opaque_FA_VisionCrack3,1784092168,margin2.0,0.7,0.6561,1.3621244736398435,0,18
3_opaque_FA_VisionCrack3,1784092168,margin2.0,0.75,0.7486,1.3621244736398435,0,18
3_opaque_FA_VisionCrack3,1784092168,margin2.0,0.8,0.7725,1.3621244736398435,0,18
3_opaque_FA_VisionCrack3,1784092168,margin2.0,0.85,0.8885,1.3621244736398435,0,18
3_opaque_FA_VisionCrack3,1784092168,margin2.0,0.9,1.0066,1.3621244736398435,0,18
3_opaque_FA_VisionCrack3,1784092168,margin2.0,0.95,0.9986,1.3621244736398435,0,18
3_opaque_FA_VisionCrack3,1784092168,margin2.0,1.0,1.0363,1.3621244736398435,0,18
3_opaque_FA_VisionCrack3,1784092168,margin2.0,1.5,1.5689,1.3621244736398435,0,18
3_opaque_FA_VisionCrack3,1784092168,margin2.0,2.0,2.0229,1.3621244736398435,0,18
3_opaque_FA_VisionCrack3,1784092168,margin2.0,2.5,2.5598,1.3621244736398435,0,18
3_opaque_FA_VisionCrack3,1784092168,smooth15,0.5,0.4433,1.3621244736398435,0,18
3_opaque_FA_VisionCrack3,1784092168,smooth15,0.55,0.5202,1.3621244736398435,0,18
3_opaque_FA_VisionCrack3,1784092168,smooth15,0.6,0.5495,1.3621244736398435,0,18
3_opaque_FA_VisionCrack3,1784092168,smooth15,0.65,0.6512,1.3621244736398435,0,18
3_opaque_FA_VisionCrack3,1784092168,smooth15,0.7,0.665,1.3621244736398435,0,18
3_opaque_FA_VisionCrack3,1784092168,smooth15,0.75,0.7495,1.3621244736398435,0,18
3_opaque_FA_VisionCrack3,1784092168,smooth15,0.8,0.782,1.3621244736398435,0,18
3_opaque_FA_VisionCrack3,1784092168,smooth15,0.85,0.8811,1.3621244736398435,0,18
3_opaque_FA_VisionCrack3,1784092168,smooth15,0.9,0.9752,1.3621244736398435,0,18
3_opaque_FA_VisionCrack3,1784092168,smooth15,0.95,0.9911,1.3621244736398435,0,18
3_opaque_FA_VisionCrack3,1784092168,smooth15,1.0,1.0184,1.3621244736398435,0,18
3_opaque_FA_VisionCrack3,1784092168,smooth15,1.5,1.5553,1.3621244736398435,0,18
3_opaque_FA_VisionCrack3,1784092168,smooth15,2.0,2.0205,1.3621244736398435,0,18
3_opaque_FA_VisionCrack3,1784092168,smooth15,2.5,2.5112,1.3621244736398435,0,18
3_opaque_FA_VisionCrack3,1784092168,smooth35,0.5,0.4394,1.3621244736398435,0,18
3_opaque_FA_VisionCrack3,1784092168,smooth35,0.55,0.5182,1.3621244736398435,0,18
3_opaque_FA_VisionCrack3,1784092168,smooth35,0.6,0.5447,1.3621244736398435,0,18
3_opaque_FA_VisionCrack3,1784092168,smooth35,0.65,0.6469,1.3621244736398435,0,18
3_opaque_FA_VisionCrack3,1784092168,smooth35,0.7,0.654,1.3621244736398435,0,18
3_opaque_FA_VisionCrack3,1784092168,smooth35,0.75,0.7499,1.3621244736398435,0,18
3_opaque_FA_VisionCrack3,1784092168,smooth35,0.8,0.7714,1.3621244736398435,0,18
3_opaque_FA_VisionCrack3,1784092168,smooth35,0.85,0.8838,1.3621244736398435,0,18
3_opaque_FA_VisionCrack3,1784092168,smooth35,0.9,0.9969,1.3621244736398435,0,18
3_opaque_FA_VisionCrack3,1784092168,smooth35,0.95,0.9927,1.3621244736398435,0,18
3_opaque_FA_VisionCrack3,1784092168,smooth35,1.0,1.047,1.3621244736398435,0,18
3_opaque_FA_VisionCrack3,1784092168,smooth35,1.5,1.5712,1.3621244736398435,0,18
3_opaque_FA_VisionCrack3,1784092168,smooth35,2.0,2.0023,1.3621244736398435,0,18
3_opaque_FA_VisionCrack3,1784092168,smooth35,2.5,2.6238,1.3621244736398435,0,18
3_opaque_FA_VisionCrack3,1784092168,band0.60,0.5,0.4418,1.3621244736398435,0,18
3_opaque_FA_VisionCrack3,1784092168,band0.60,0.55,0.5161,1.3621244736398435,0,18
3_opaque_FA_VisionCrack3,1784092168,band0.60,0.6,0.5462,1.3621244736398435,0,18
3_opaque_FA_VisionCrack3,1784092168,band0.60,0.65,0.6487,1.3621244736398435,0,18
3_opaque_FA_VisionCrack3,1784092168,band0.60,0.7,0.6581,1.3621244736398435,0,18
3_opaque_FA_VisionCrack3,1784092168,band0.60,0.75,0.7472,1.3621244736398435,0,18
3_opaque_FA_VisionCrack3,1784092168,band0.60,0.8,0.7755,1.3621244736398435,0,18
3_opaque_FA_VisionCrack3,1784092168,band0.60,0.85,0.8864,1.3621244736398435,0,18
3_opaque_FA_VisionCrack3,1784092168,band0.60,0.9,0.9951,1.3621244736398435,0,18
3_opaque_FA_VisionCrack3,1784092168,band0.60,0.95,0.9962,1.3621244736398435,0,18
3_opaque_FA_VisionCrack3,1784092168,band0.60,1.0,1.0308,1.3621244736398435,0,18
3_opaque_FA_VisionCrack3,1784092168,band0.60,1.5,1.5638,1.3621244736398435,0,18
3_opaque_FA_VisionCrack3,1784092168,band0.60,2.0,2.0086,1.3621244736398435,0,18
3_opaque_FA_VisionCrack3,1784092168,band0.60,2.5,2.5647,1.3621244736398435,0,18
3_opaque_FA_VisionCrack3,1784092168,win0.4,0.5,0.4418,1.3621244736398435,0,18
3_opaque_FA_VisionCrack3,1784092168,win0.4,0.55,0.5144,1.3621244736398435,0,18
3_opaque_FA_VisionCrack3,1784092168,win0.4,0.6,0.5462,1.3621244736398435,0,18
3_opaque_FA_VisionCrack3,1784092168,win0.4,0.65,0.6444,1.3621244736398435,0,18
3_opaque_FA_VisionCrack3,1784092168,win0.4,0.7,0.6648,1.3621244736398435,0,18
3_opaque_FA_VisionCrack3,1784092168,win0.4,0.75,0.7455,1.3621244736398435,0,18
3_opaque_FA_VisionCrack3,1784092168,win0.4,0.8,0.7807,1.3621244736398435,0,18
3_opaque_FA_VisionCrack3,1784092168,win0.4,0.85,0.8766,1.3621244736398435,0,18
3_opaque_FA_VisionCrack3,1784092168,win0.4,0.9,0.9892,1.3621244736398435,0,18
3_opaque_FA_VisionCrack3,1784092168,win0.4,0.95,0.9746,1.3621244736398435,0,18
3_opaque_FA_VisionCrack3,1784092168,win0.4,1.0,1.0085,1.3621244736398435,0,18
3_opaque_FA_VisionCrack3,1784092168,win0.4,1.5,1.5866,1.3621244736398435,0,18
3_opaque_FA_VisionCrack3,1784092168,win0.4,2.0,2.032,1.3621244736398435,0,18
3_opaque_FA_VisionCrack3,1784092168,win0.4,2.5,2.4895,1.3621244736398435,0,18
3_opaque_FA_VisionCrack3,1784092168,win0.8,0.5,0.4546,1.3621244736398435,0,18
3_opaque_FA_VisionCrack3,1784092168,win0.8,0.55,0.5159,1.3621244736398435,0,18
3_opaque_FA_VisionCrack3,1784092168,win0.8,0.6,0.5312,1.3621244736398435,0,18
3_opaque_FA_VisionCrack3,1784092168,win0.8,0.65,0.6452,1.3621244736398435,0,18
3_opaque_FA_VisionCrack3,1784092168,win0.8,0.7,0.6671,1.3621244736398435,0,18
3_opaque_FA_VisionCrack3,1784092168,win0.8,0.75,0.743,1.3621244736398435,0,18
3_opaque_FA_VisionCrack3,1784092168,win0.8,0.8,0.7841,1.3621244736398435,0,18
3_opaque_FA_VisionCrack3,1784092168,win0.8,0.85,0.8922,1.3621244736398435,0,18
3_opaque_FA_VisionCrack3,1784092168,win0.8,0.9,1.0191,1.3621244736398435,0,18
3_opaque_FA_VisionCrack3,1784092168,win0.8,0.95,0.9781,1.3621244736398435,0,18
3_opaque_FA_VisionCrack3,1784092168,win0.8,1.0,1.0206,1.3621244736398435,0,18
3_opaque_FA_VisionCrack3,1784092168,win0.8,1.5,1.8915,1.3621244736398435,0,18
3_opaque_FA_VisionCrack3,1784092168,win0.8,2.0,2.3042,1.3621244736398435,0,18
3_opaque_FA_VisionCrack3,1784092168,win0.8,2.5,2.4924,1.3621244736398435,0,18
