folder,tag,variant,truth,est,sigma,subres,n
7_transparent_FA_VisionCrack3,FA1,full,0.5,0.4769,1.684094984536069,0,15
7_transparent_FA_VisionCrack3,FA1,full,0.55,0.54,1.684094984536069,0,15
7_transparent_FA_VisionCrack3,FA1,full,0.6,0.6204,1.684094984536069,0,15
7_transparent_FA_VisionCrack3,FA1,full,0.65,0.7086,1.684094984536069,0,15
7_transparent_FA_VisionCrack3,FA1,full,0.7,0.6698,1.684094984536069,0,15
7_transparent_FA_VisionCrack3,FA1,full,0.75,0.813,1.684094984536069,0,15
7_transparent_FA_VisionCrack3,FA1,full,0.8,0.792,1.684094984536069,0,15
7_transparent_FA_VisionCrack3,FA1,full,0.85,0.8909,1.684094984536069,0,15
7_transparent_FA_VisionCrack3,FA1,full,0.9,0.9008,1.684094984536069,0,15
7_transparent_FA_VisionCrack3,FA1,full,0.95,1.0633,1.684094984536069,0,15
7_transparent_FA_VisionCrack3,FA1,full,1.0,1.0319,1.684094984536069,0,15
7_transparent_FA_VisionCrack3,FA1,full,1.5,1.5749,1.684094984536069,0,15
7_transparent_FA_VisionCrack3,FA1,full,2.0,2.1484,1.684094984536069,0,15
7_transparent_FA_VisionCrack3,FA1,full,2.5,2.5866,1.684094984536069,0,15
7_transparent_FA_VisionCrack3,FA1,no_masked_bg,0.5,0.4886,1.684094984536069,0,15
7_transparent_FA_VisionCrack3,FA1,no_masked_bg,0.55,0.5519,1.684094984536069,0,15
7_transparent_FA_VisionCrack3,FA1,no_masked_bg,0.6,0.6381,1.684094984536069,0,15
7_transparent_FA_VisionCrack3,FA1,no_masked_bg,0.65,0.7291,1.684094984536069,0,15
7_transparent_FA_VisionCrack3,FA1,no_masked_bg,0.7,0.6831,1.684094984536069,0,15
7_transparent_FA_VisionCrack3,FA1,no_masked_bg,0.75,0.8403,1.684094984536069,0,15
7_transparent_FA_VisionCrack3,FA1,no_masked_bg,0.8,0.7987,1.684094984536069,0,15
7_transparent_FA_VisionCrack3,FA1,no_masked_bg,0.85,0.896,1.684094984536069,0,15
7_transparent_FA_VisionCrack3,FA1,no_masked_bg,0.9,0.918,1.684094984536069,0,15
7_transparent_FA_VisionCrack3,FA1,no_masked_bg,0.95,1.0665,1.684094984536069,0,15
7_transparent_FA_VisionCrack3,FA1,no_masked_bg,1.0,1.118,1.684094984536069,0,15
7_transparent_FA_VisionCrack3,FA1,no_masked_bg,1.5,1.6141,1.684094984536069,0,15
7_transparent_FA_VisionCrack3,FA1,no_masked_bg,2.0,2.3455,1.684094984536069,0,15
7_transparent_FA_VisionCrack3,FA1,no_masked_bg,2.5,2.6328,1.684094984536069,0,15
7_transparent_FA_VisionCrack3,FA1,lsf_sigma,0.5,0.4792,1.6485485729694318,0,15
7_transparent_FA_VisionCrack3,FA1,lsf_sigma,0.55,0.542,1.6485485729694318,0,15
7_transparent_FA_VisionCrack3,FA1,lsf_sigma,0.6,0.6221,1.6485485729694318,0,15
7_transparent_FA_VisionCrack3,FA1,lsf_sigma,0.65,0.71,1.6485485729694318,0,15
7_transparent_FA_VisionCrack3,FA1,lsf_sigma,0.7,0.6713,1.6485485729694318,0,15
7_transparent_FA_VisionCrack3,FA1,lsf_sigma,0.75,0.8142,1.6485485729694318,0,15
7_transparent_FA_VisionCrack3,FA1,lsf_sigma,0.8,0.7932,1.6485485729694318,0,15
7_transparent_FA_VisionCrack3,FA1,lsf_sigma,0.85,0.892,1.6485485729694318,0,15
7_transparent_FA_VisionCrack3,FA1,lsf_sigma,0.9,0.9018,1.6485485729694318,0,15
7_transparent_FA_VisionCrack3,FA1,lsf_sigma,0.95,1.064,1.6485485729694318,0,15
7_transparent_FA_VisionCrack3,FA1,lsf_sigma,1.0,1.0327,1.6485485729694318,0,15
7_transparent_FA_VisionCrack3,FA1,lsf_sigma,1.5,1.5752,1.6485485729694318,0,15
7_transparent_FA_VisionCrack3,FA1,lsf_sigma,2.0,2.1483,1.6485485729694318,0,15
7_transparent_FA_VisionCrack3,FA1,lsf_sigma,2.5,2.5863,1.6485485729694318,0,15
7_transparent_FA_VisionCrack3,FA1,no_deconv,0.5,0.5073,1.684094984536069,0,15
7_transparent_FA_VisionCrack3,FA1,no_deconv,0.55,0.5649,1.684094984536069,0,15
7_transparent_FA_VisionCrack3,FA1,no_deconv,0.6,0.6399,1.684094984536069,0,15
7_transparent_FA_VisionCrack3,FA1,no_deconv,0.65,0.7235,1.684094984536069,0,15
7_transparent_FA_VisionCrack3,FA1,no_deconv,0.7,0.6866,1.684094984536069,0,15
7_transparent_FA_VisionCrack3,FA1,no_deconv,0.75,0.8239,1.684094984536069,0,15
7_transparent_FA_VisionCrack3,FA1,no_deconv,0.8,0.8036,1.684094984536069,0,15
7_transparent_FA_VisionCrack3,FA1,no_deconv,0.85,0.8995,1.684094984536069,0,15
7_transparent_FA_VisionCrack3,FA1,no_deconv,0.9,0.9091,1.684094984536069,0,15
7_transparent_FA_VisionCrack3,FA1,no_deconv,0.95,1.068,1.684094984536069,0,15
7_transparent_FA_VisionCrack3,FA1,no_deconv,1.0,1.0372,1.684094984536069,0,15
7_transparent_FA_VisionCrack3,FA1,no_deconv,1.5,1.5743,1.684094984536069,0,15
7_transparent_FA_VisionCrack3,FA1,no_deconv,2.0,2.1463,1.684094984536069,0,15
7_transparent_FA_VisionCrack3,FA1,no_deconv,2.5,2.5848,1.684094984536069,0,15
7_transparent_FA_VisionCrack3,FA1,rev3_window,0.5,0.5006,1.684094984536069,1,16
7_transparent_FA_VisionCrack3,FA1,rev3_window,0.55,0.5622,1.684094984536069,1,16
7_transparent_FA_VisionCrack3,FA1,rev3_window,0.6,0.661,1.684094984536069,1,16
7_transparent_FA_VisionCrack3,FA1,rev3_window,0.65,0.7034,1.684094984536069,1,16
7_transparent_FA_VisionCrack3,FA1,rev3_window,0.7,0.6821,1.684094984536069,1,16
7_transparent_FA_VisionCrack3,FA1,rev3_window,0.75,0.8426,1.684094984536069,1,16
7_transparent_FA_VisionCrack3,FA1,rev3_window,0.8,0.8006,1.684094984536069,1,16
7_transparent_FA_VisionCrack3,FA1,rev3_window,0.85,0.9067,1.684094984536069,1,16
7_transparent_FA_VisionCrack3,FA1,rev3_window,0.9,1.202,1.684094984536069,1,16
7_transparent_FA_VisionCrack3,FA1,rev3_window,0.95,1.0282,1.684094984536069,1,16
7_transparent_FA_VisionCrack3,FA1,rev3_window,1.0,1.4364,1.684094984536069,1,16
7_transparent_FA_VisionCrack3,FA1,rev3_window,1.5,1.6515,1.684094984536069,1,16
7_transparent_FA_VisionCrack3,FA1,rev3_window,2.0,2.155,1.684094984536069,1,16
7_transparent_FA_VisionCrack3,FA1,rev3_window,2.5,2.6095,1.684094984536069,1,16
7_transparent_FA_VisionCrack3,FA1,margin1.0,0.5,0.4749,1.684094984536069,0,15
7_transparent_FA_VisionCrack3,FA1,margin1.0,0.55,0.5435,1.684094984536069,0,15
7_transparent_FA_VisionCrack3,FA1,margin1.0,0.6,0.6181,1.684094984536069,0,15
7_transparent_FA_VisionCrack3,FA1,margin1.0,0.65,0.7005,1.684094984536069,0,15
7_transparent_FA_VisionCrack3,FA1,margin1.0,0.7,0.6689,1.684094984536069,0,15
7_transparent_FA_VisionCrack3,FA1,margin1.0,0.75,0.8066,1.684094984536069,0,15
7_transparent_FA_VisionCrack3,FA1,margin1.0,0.8,0.7924,1.684094984536069,0,15
7_transparent_FA_VisionCrack3,FA1,margin1.0,0.85,0.8888,1.684094984536069,0,15
7_transparent_FA_VisionCrack3,FA1,margin1.0,0.9,0.8961,1.684094984536069,0,15
7_transparent_FA_VisionCrack3,FA1,margin1.0,0.95,1.062,1.684094984536069,0,15
7_transparent_FA_VisionCrack3,FA1,margin1.0,1.0,1.027,1.684094984536069,0,15
7_transparent_FA_VisionCrack3,FA1,margin1.0,1.5,1.5856,1.684094984536069,0,15
7_transparent_FA_VisionCrack3,FA1,margin1.0,2.0,2.175,1.684094984536069,0,15
7_transparent_FA_VisionCrack3,FA1,margin1.0,2.5,2.5705,1.684094984536069,0,15
7_transparent_FA_VisionCrack3,FA1,margin2.0,0.5,0.4822,1.684094984536069,0,15
7_transparent_FA_VisionCrack3,FA1,margin2.0,0.55,0.5389,1.684094984536069,0,15
7_transparent_FA_VisionCrack3,FA1,margin2.0,0.6,0.6264,1.684094984536069,0,15
7_transparent_FA_VisionCrack3,FA1,margin2.0,0.65,0.7116,1.684094984536069,0,15
7_transparent_FA_VisionCrack3,FA1,margin2.0,0.7,0.6727,1.684094984536069,0,15
7_transparent_FA_VisionCrack3,FA1,margin2.0,0.75,0.8369,1.684094984536069,0,15
7_transparent_FA_VisionCrack3,FA1,margin2.0,0.8,0.7929,1.684094984536069,0,15
7_transparent_FA_VisionCrack3,FA1,margin2.0,0.85,0.8939,1.684094984536069,0,15
7_transparent_FA_VisionCrack3,FA1,margin2.0,0.9,0.9026,1.684094984536069,0,15
7_transparent_FA_VisionCrack3,FA1,margin2.0,0.95,1.0669,1.684094984536069,0,15
7_transparent_FA_VisionCrack3,FA1,margin2.0,1.0,1.0234,1.684094984536069,0,15
7_transparent_FA_VisionCrack3,FA1,margin2.0,1.5,1.5672,1.684094984536069,0,15
7_transparent_FA_VisionCrack3,FA1,margin2.0,2.0,2.1861,1.684094984536069,0,15
7_transparent_FA_VisionCrack3,FA1,margin2.0,2.5,2.6235,1.684094984536069,0,15
7_transparent_FA_VisionCrack3,FA1,smooth15,0.5,0.4752,1.684094984536069,0,15
7_transparent_FA_VisionCrack3,FA1,smooth15,0.55,0.5378,1.684094984536069,0,15
7_transparent_FA_VisionCrack3,FA1,smooth15,0.6,0.6135,1.684094984536069,0,15
7_transparent_FA_VisionCrack3,FA1,smooth15,0.65,0.6973,1.684094984536069,0,15
7_transparent_FA_VisionCrack3,FA1,smooth15,0.7,0.6714,1.684094984536069,0,15
7_transparent_FA_VisionCrack3,FA1,smooth15,0.75,0.7984,1.684094984536069,0,15
7_transparent_FA_VisionCrack3,FA1,smooth15,0.8,0.7955,1.684094984536069,0,15
7_transparent_FA_VisionCrack3,FA1,smooth15,0.85,0.887,1.684094984536069,0,15
7_transparent_FA_VisionCrack3,FA1,smooth15,0.9,0.8985,1.684094984536069,0,15
7_transparent_FA_VisionCrack3,FA1,smooth15,0.95,1.0595,1.684094984536069,0,15
7_transparent_FA_VisionCrack3,FA1,smooth15,1.0,1.0608,1.684094984536069,0,15
7_transparent_FA_VisionCrack3,FA1,smooth15,1.5,1.5837,1.684094984536069,0,15
7_transparent_FA_VisionCrack3,FA1,smooth15,2.0,2.1144,1.684094984536069,0,15
7_transparent_FA_VisionCrack3,FA1,smooth15,2.5,2.5642,1.684094984536069,0,15
7_transparent_FA_VisionCrack3,FA1,smooth35,0.5,0.4823,1.684094984536069,0,15
7_transparent_FA_VisionCrack3,FA1,smooth35,0.55,0.544,1.684094984536069,0,15
7_transparent_FA_VisionCrack3,FA1,smooth35,0.6,0.626,1.684094984536069,0,15
7_transparent_FA_VisionCrack3,FA1,smooth35,0.65,0.7102,1.684094984536069,0,15
7_transparent_FA_VisionCrack3,FA1,smooth35,0.7,0.6735,1.684094984536069,0,15
7_transparent_FA_VisionCrack3,FA1,smooth35,0.75,0.8316,1.684094984536069,0,15
7_transparent_FA_VisionCrack3,FA1,smooth35,0.8,0.7914,1.684094984536069,0,15
7_transparent_FA_VisionCrack3,FA1,smooth35,0.85,0.8957,1.684094984536069,0,15
7_transparent_FA_VisionCrack3,FA1,smooth35,0.9,0.907,1.684094984536069,0,15
7_transparent_FA_VisionCrack3,FA1,smooth35,0.95,1.0633,1.684094984536069,0,15
7_transparent_FA_VisionCrack3,FA1,smooth35,1.0,1.0337,1.684094984536069,0,15
7_transparent_FA_VisionCrack3,FA1,smooth35,1.5,1.5877,1.684094984536069,0,15
7_transparent_FA_VisionCrack3,FA1,smooth35,2.0,2.1959,1.684094984536069,0,15
7_transparent_FA_VisionCrack3,FA1,smooth35,2.5,2.6272,1.684094984536069,0,15
7_transparent_FA_VisionCrack3,FA1,band0.60,0.5,0.4769,1.684094984536069,0,15
7_transparent_FA_VisionCrack3,FA1,band0.60,0.55,0.54,1.684094984536069,0,15
7_transparent_FA_VisionCrack3,FA1,band0.60,0.6,0.6204,1.684094984536069,0,15
7_transparent_FA_VisionCrack3,FA1,band0.60,0.65,0.7086,1.684094984536069,0,15
7_transparent_FA_VisionCrack3,FA1,band0.60,0.7,0.6698,1.684094984536069,0,15
7_transparent_FA_VisionCrack3,FA1,band0.60,0.75,0.813,1.684094984536069,0,15
7_transparent_FA_VisionCrack3,FA1,band0.60,0.8,0.792,1.684094984536069,0,15
7_transparent_FA_VisionCrack3,FA1,band0.60,0.85,0.8909,1.684094984536069,0,15
7_transparent_FA_VisionCrack3,FA1,band0.60,0.9,0.9008,1.684094984536069,0,15
7_transparent_FA_VisionCrack3,FA1,band0.60,0.95,1.0633,1.684094984536069,0,15
7_transparent_FA_VisionCrack3,FA1,band0.60,1.0,1.0319,1.684094984536069,0,15
7_transparent_FA_VisionCrack3,FA1,band0.60,1.5,1.5749,1.684094984536069,0,15
7_transparent_FA_VisionCrack3,FA1,band0.60,2.0,2.1484,1.684094984536069,0,15
7_transparent_FA_VisionCrack3,FA1,band0.60,2.5,2.5866,1.684094984536069,0,15
7_transparent_FA_VisionCrack3,FA1,win0.4,0.5,0.4769,1.684094984536069,0,15
7_transparent_FA_VisionCrack3,FA1,win0.4,0.55,0.5352,1.684094984536069,0,15
7_transparent_FA_VisionCrack3,FA1,win0.4,0.6,0.6033,1.684094984536069,0,15
7_transparent_FA_VisionCrack3,FA1,win0.4,0.65,0.676,1.684094984536069,0,15
7_transparent_FA_VisionCrack3,FA1,win0.4,0.7,0.6612,1.684094984536069,0,15
7_transparent_FA_VisionCrack3,FA1,win0.4,0.75,0.7589,1.684094984536069,0,15
7_transparent_FA_VisionCrack3,FA1,win0.4,0.8,0.7843,1.684094984536069,0,15
7_transparent_FA_VisionCrack3,FA1,win0.4,0.85,0.8755,1.684094984536069,0,15
7_transparent_FA_VisionCrack3,FA1,win0.4,0.9,0.889,1.684094984536069,0,15
7_transparent_FA_VisionCrack3,FA1,win0.4,0.95,1.0488,1.684094984536069,0,15
7_transparent_FA_VisionCrack3,FA1,win0.4,1.0,1.0871,1.684094984536069,0,15
7_transparent_FA_VisionCrack3,FA1,win0.4,1.5,1.5691,1.684094984536069,0,15
7_transparent_FA_VisionCrack3,FA1,win0.4,2.0,2.0441,1.684094984536069,0,15
7_transparent_FA_VisionCrack3,FA1,win0.4,2.5,2.5638,1.684094984536069,0,15
7_transparent_FA_VisionCrack3,FA1,win0.8,0.5,0.489,1.684094984536069,0,15
7_transparent_FA_VisionCrack3,FA1,win0.8,0.55,0.5466,1.684094984536069,0,15
7_transparent_FA_VisionCrack3,FA1,win0.8,0.6,0.6601,1.684094984536069,0,15
7_transparent_FA_VisionCrack3,FA1,win0.8,0.65,0.8671,1.684094984536069,0,15
7_transparent_FA_VisionCrack3,FA1,win0.8,0.7,0.6792,1.684094984536069,0,15
7_transparent_FA_VisionCrack3,FA1,win0.8,0.75,0.849,1.684094984536069,0,15
7_transparent_FA_VisionCrack3,FA1,win0.8,0.8,0.7909,1.684094984536069,0,15
7_transparent_FA_VisionCrack3,FA1,win0.8,0.85,0.8946,1.684094984536069,0,15
7_transparent_FA_VisionCrack3,FA1,win0.8,0.9,0.9696,1.684094984536069,0,15
7_transparent_FA_VisionCrack3,FA1,win0.8,0.95,1.0373,1.684094984536069,0,15
7_transparent_FA_VisionCrack3,FA1,win0.8,1.0,1.1728,1.684094984536069,0,15
7_transparent_FA_VisionCrack3,FA1,win0.8,1.5,1.6665,1.684094984536069,0,15
7_transparent_FA_VisionCrack3,FA1,win0.8,2.0,2.1535,1.684094984536069,0,15
7_transparent_FA_VisionCrack3,FA1,win0.8,2.5,2.9327,1.684094984536069,0,15
7_transparent_FA_VisionCrack3,FA10,full,0.5,0.5214,1.4686656897894335,0,14
7_transparent_FA_VisionCrack3,FA10,full,0.55,0.5516,1.4686656897894335,0,14
7_transparent_FA_VisionCrack3,FA10,full,0.6,0.6518,1.4686656897894335,0,14
7_transparent_FA_VisionCrack3,FA10,full,0.65,0.6969,1.4686656897894335,0,14
7_transparent_FA_VisionCrack3,FA10,full,0.7,0.6658,1.4686656897894335,0,14
7_transparent_FA_VisionCrack3,FA10,full,0.75,0.8103,1.4686656897894335,0,14
7_transparent_FA_VisionCrack3,FA10,full,0.8,0.8009,1.4686656897894335,0,14
7_transparent_FA_VisionCrack3,FA10,full,0.85,0.8917,1.4686656897894335,0,14
7_transparent_FA_VisionCrack3,FA10,full,0.9,0.983,1.4686656897894335,0,14
7_transparent_FA_VisionCrack3,FA10,full,0.95,1.0914,1.4686656897894335,0,14
7_transparent_FA_VisionCrack3,FA10,full,1.0,1.2506,1.4686656897894335,0,14
7_transparent_FA_VisionCrack3,FA10,full,1.5,1.5716,1.4686656897894335,0,14
7_transparent_FA_VisionCrack3,FA10,full,2.0,2.1037,1.4686656897894335,0,14
7_transparent_FA_VisionCrack3,FA10,full,2.5,2.5288,1.4686656897894335,0,14
7_transparent_FA_VisionCrack3,FA10,no_masked_bg,0.5,0.5365,1.4686656897894335,0,14
7_transparent_FA_VisionCrack3,FA10,no_masked_bg,0.55,0.5521,1.4686656897894335,0,14
7_transparent_FA_VisionCrack3,FA10,no_masked_bg,0.6,0.7677,1.4686656897894335,0,14
7_transparent_FA_VisionCrack3,FA10,no_masked_bg,0.65,0.7028,1.4686656897894335,0,14
7_transparent_FA_VisionCrack3,FA10,no_masked_bg,0.7,0.6862,1.4686656897894335,0,14
7_transparent_FA_VisionCrack3,FA10,no_masked_bg,0.75,0.8185,1.4686656897894335,0,14
7_transparent_FA_VisionCrack3,FA10,no_masked_bg,0.8,0.8096,1.4686656897894335,0,14
7_transparent_FA_VisionCrack3,FA10,no_masked_bg,0.85,0.904,1.4686656897894335,0,14
7_transparent_FA_VisionCrack3,FA10,no_masked_bg,0.9,1.1073,1.4686656897894335,0,14
7_transparent_FA_VisionCrack3,FA10,no_masked_bg,0.95,1.0971,1.4686656897894335,0,14
7_transparent_FA_VisionCrack3,FA10,no_masked_bg,1.0,1.2837,1.4686656897894335,0,14
7_transparent_FA_VisionCrack3,FA10,no_masked_bg,1.5,1.6008,1.4686656897894335,0,14
7_transparent_FA_VisionCrack3,FA10,no_masked_bg,2.0,2.3927,1.4686656897894335,0,14
7_transparent_FA_VisionCrack3,FA10,no_masked_bg,2.5,2.7074,1.4686656897894335,0,14
7_transparent_FA_VisionCrack3,FA10,lsf_sigma,0.5,0.5164,1.6326645968576634,0,14
7_transparent_FA_VisionCrack3,FA10,lsf_sigma,0.55,0.5451,1.6326645968576634,0,14
7_transparent_FA_VisionCrack3,FA10,lsf_sigma,0.6,0.6486,1.6326645968576634,0,14
7_transparent_FA_VisionCrack3,FA10,lsf_sigma,0.65,0.6942,1.6326645968576634,0,14
7_transparent_FA_VisionCrack3,FA10,lsf_sigma,0.7,0.661,1.6326645968576634,0,14
7_transparent_FA_VisionCrack3,FA10,lsf_sigma,0.75,0.8076,1.6326645968576634,0,14
7_transparent_FA_VisionCrack3,FA10,lsf_sigma,0.8,0.7979,1.6326645968576634,0,14
7_transparent_FA_VisionCrack3,FA10,lsf_sigma,0.85,0.8913,1.6326645968576634,0,14
7_transparent_FA_VisionCrack3,FA10,lsf_sigma,0.9,0.9773,1.6326645968576634,0,14
7_transparent_FA_VisionCrack3,FA10,lsf_sigma,0.95,1.0918,1.6326645968576634,0,14
7_transparent_FA_VisionCrack3,FA10,lsf_sigma,1.0,1.2608,1.6326645968576634,0,14
7_transparent_FA_VisionCrack3,FA10,lsf_sigma,1.5,1.5762,1.6326645968576634,0,14
7_transparent_FA_VisionCrack3,FA10,lsf_sigma,2.0,2.1167,1.6326645968576634,0,14
7_transparent_FA_VisionCrack3,FA10,lsf_sigma,2.5,2.5454,1.6326645968576634,0,14
7_transparent_FA_VisionCrack3,FA10,no_deconv,0.5,0.5356,1.4686656897894335,0,14
7_transparent_FA_VisionCrack3,FA10,no_deconv,0.55,0.564,1.4686656897894335,0,14
7_transparent_FA_VisionCrack3,FA10,no_deconv,0.6,0.6603,1.4686656897894335,0,14
7_transparent_FA_VisionCrack3,FA10,no_deconv,0.65,0.7041,1.4686656897894335,0,14
7_transparent_FA_VisionCrack3,FA10,no_deconv,0.7,0.6739,1.4686656897894335,0,14
7_transparent_FA_VisionCrack3,FA10,no_deconv,0.75,0.8153,1.4686656897894335,0,14
7_transparent_FA_VisionCrack3,FA10,no_deconv,0.8,0.8059,1.4686656897894335,0,14
7_transparent_FA_VisionCrack3,FA10,no_deconv,0.85,0.8954,1.4686656897894335,0,14
7_transparent_FA_VisionCrack3,FA10,no_deconv,0.9,0.9857,1.4686656897894335,0,14
7_transparent_FA_VisionCrack3,FA10,no_deconv,0.95,1.0934,1.4686656897894335,0,14
7_transparent_FA_VisionCrack3,FA10,no_deconv,1.0,1.2522,1.4686656897894335,0,14
7_transparent_FA_VisionCrack3,FA10,no_deconv,1.5,1.5739,1.4686656897894335,0,14
7_transparent_FA_VisionCrack3,FA10,no_deconv,2.0,2.1091,1.4686656897894335,0,14
7_transparent_FA_VisionCrack3,FA10,no_deconv,2.5,2.5377,1.4686656897894335,0,14
7_transparent_FA_VisionCrack3,FA10,rev3_window,0.5,0.5769,1.4686656897894335,0,18
7_transparent_FA_VisionCrack3,FA10,rev3_window,0.55,0.5928,1.4686656897894335,0,18
7_transparent_FA_VisionCrack3,FA10,rev3_window,0.6,0.6258,1.4686656897894335,0,18
7_transparent_FA_VisionCrack3,FA10,rev3_window,0.65,0.745,1.4686656897894335,0,18
7_transparent_FA_VisionCrack3,FA10,rev3_window,0.7,0.7114,1.4686656897894335,0,18
7_transparent_FA_VisionCrack3,FA10,rev3_window,0.75,0.8273,1.4686656897894335,0,18
7_transparent_FA_VisionCrack3,FA10,rev3_window,0.8,0.8089,1.4686656897894335,0,18
7_transparent_FA_VisionCrack3,FA10,rev3_window,0.85,0.8917,1.4686656897894335,0,18
7_transparent_FA_VisionCrack3,FA10,rev3_window,0.9,1.427,1.4686656897894335,0,18
7_transparent_FA_VisionCrack3,FA10,rev3_window,0.95,1.0621,1.4686656897894335,0,18
7_transparent_FA_VisionCrack3,FA10,rev3_window,1.0,1.4156,1.4686656897894335,0,18
7_transparent_FA_VisionCrack3,FA10,rev3_window,1.5,1.658,1.4686656897894335,0,18
7_transparent_FA_VisionCrack3,FA10,rev3_window,2.0,2.3634,1.4686656897894335,0,18
7_transparent_FA_VisionCrack3,FA10,rev3_window,2.5,2.642,1.4686656897894335,0,18
7_transparent_FA_VisionCrack3,FA10,margin1.0,0.5,0.5207,1.4686656897894335,0,14
7_transparent_FA_VisionCrack3,FA10,margin1.0,0.55,0.5522,1.4686656897894335,0,14
7_transparent_FA_VisionCrack3,FA10,margin1.0,0.6,0.6366,1.4686656897894335,0,14
7_transparent_FA_VisionCrack3,FA10,margin1.0,0.65,0.6889,1.4686656897894335,0,14
7_transparent_FA_VisionCrack3,FA10,margin1.0,0.7,0.6706,1.4686656897894335,0,14
7_transparent_FA_VisionCrack3,FA10,margin1.0,0.75,0.8086,1.4686656897894335,0,14
7_transparent_FA_VisionCrack3,FA10,margin1.0,0.8,0.8056,1.4686656897894335,0,14
7_transparent_FA_VisionCrack3,FA10,margin1.0,0.85,0.8923,1.4686656897894335,0,14
7_transparent_FA_VisionCrack3,FA10,margin1.0,0.9,0.9785,1.4686656897894335,0,14
7_transparent_FA_VisionCrack3,FA10,margin1.0,0.95,1.0892,1.4686656897894335,0,14
7_transparent_FA_VisionCrack3,FA10,margin1.0,1.0,1.2458,1.4686656897894335,0,14
7_transparent_FA_VisionCrack3,FA10,margin1.0,1.5,1.5816,1.4686656897894335,0,14
7_transparent_FA_VisionCrack3,FA10,margin1.0,2.0,2.084,1.4686656897894335,0,14
7_transparent_FA_VisionCrack3,FA10,margin1.0,2.5,2.5252,1.4686656897894335,0,14
7_transparent_FA_VisionCrack3,FA10,margin2.0,0.5,0.5291,1.4686656897894335,0,14
7_transparent_FA_VisionCrack3,FA10,margin2.0,0.55,0.5528,1.4686656897894335,0,14
7_transparent_FA_VisionCrack3,FA10,margin2.0,0.6,0.662,1.4686656897894335,0,14
7_transparent_FA_VisionCrack3,FA10,margin2.0,0.65,0.7017,1.4686656897894335,0,14
7_transparent_FA_VisionCrack3,FA10,margin2.0,0.7,0.6715,1.4686656897894335,0,14
7_transparent_FA_VisionCrack3,FA10,margin2.0,0.75,0.8116,1.4686656897894335,0,14
7_transparent_FA_VisionCrack3,FA10,margin2.0,0.8,0.8024,1.4686656897894335,0,14
7_transparent_FA_VisionCrack3,FA10,margin2.0,0.85,0.8948,1.4686656897894335,0,14
7_transparent_FA_VisionCrack3,FA10,margin2.0,0.9,0.9774,1.4686656897894335,0,14
7_transparent_FA_VisionCrack3,FA10,margin2.0,0.95,1.0937,1.4686656897894335,0,14
7_transparent_FA_VisionCrack3,FA10,margin2.0,1.0,1.2523,1.4686656897894335,0,14
7_transparent_FA_VisionCrack3,FA10,margin2.0,1.5,1.5755,1.4686656897894335,0,14
7_transparent_FA_VisionCrack3,FA10,margin2.0,2.0,2.1368,1.4686656897894335,0,14
7_transparent_FA_VisionCrack3,FA10,margin2.0,2.5,2.5448,1.4686656897894335,0,14
7_transparent_FA_VisionCrack3,FA10,smooth15,0.5,0.5164,1.4686656897894335,0,14
7_transparent_FA_VisionCrack3,FA10,smooth15,0.55,0.5449,1.4686656897894335,0,14
7_transparent_FA_VisionCrack3,FA10,smooth15,0.6,0.6352,1.4686656897894335,0,14
7_transparent_FA_VisionCrack3,FA10,smooth15,0.65,0.6748,1.4686656897894335,0,14
7_transparent_FA_VisionCrack3,FA10,smooth15,0.7,0.6708,1.4686656897894335,0,14
7_transparent_FA_VisionCrack3,FA10,smooth15,0.75,0.8003,1.4686656897894335,0,14
7_transparent_FA_VisionCrack3,FA10,smooth15,0.8,0.8043,1.4686656897894335,0,14
7_transparent_FA_VisionCrack3,FA10,smooth15,0.85,0.8858,1.4686656897894335,0,14
7_transparent_FA_VisionCrack3,FA10,smooth15,0.9,0.9751,1.4686656897894335,0,14
7_transparent_FA_VisionCrack3,FA10,smooth15,0.95,1.0839,1.4686656897894335,0,14
7_transparent_FA_VisionCrack3,FA10,smooth15,1.0,1.2574,1.4686656897894335,0,14
7_transparent_FA_VisionCrack3,FA10,smooth15,1.5,1.5723,1.4686656897894335,0,14
7_transparent_FA_VisionCrack3,FA10,smooth15,2.0,2.0637,1.4686656897894335,0,14
7_transparent_FA_VisionCrack3,FA10,smooth15,2.5,2.5081,1.4686656897894335,0,14
7_transparent_FA_VisionCrack3,FA10,smooth35,0.5,0.5264,1.4686656897894335,0,14
7_transparent_FA_VisionCrack3,FA10,smooth35,0.55,0.5495,1.4686656897894335,0,14
7_transparent_FA_VisionCrack3,FA10,smooth35,0.6,0.655,1.4686656897894335,0,14
7_transparent_FA_VisionCrack3,FA10,smooth35,0.65,0.6991,1.4686656897894335,0,14
7_transparent_FA_VisionCrack3,FA10,smooth35,0.7,0.6709,1.4686656897894335,0,14
7_transparent_FA_VisionCrack3,FA10,smooth35,0.75,0.816,1.4686656897894335,0,14
7_transparent_FA_VisionCrack3,FA10,smooth35,0.8,0.7993,1.4686656897894335,0,14
7_transparent_FA_VisionCrack3,FA10,smooth35,0.85,0.8979,1.4686656897894335,0,14
7_transparent_FA_VisionCrack3,FA10,smooth35,0.9,0.9796,1.4686656897894335,0,14
7_transparent_FA_VisionCrack3,FA10,smooth35,0.95,1.0938,1.4686656897894335,0,14
7_transparent_FA_VisionCrack3,FA10,smooth35,1.0,1.2494,1.4686656897894335,0,14
7_transparent_FA_VisionCrack3,FA10,smooth35,1.5,1.5806,1.4686656897894335,0,14
7_transparent_FA_VisionCrack3,FA10,smooth35,2.0,2.1547,1.4686656897894335,0,14
7_transparent_FA_VisionCrack3,FA10,smooth35,2.5,2.556,1.4686656897894335,0,14
7_transparent_FA_VisionCrack3,FA10,band0.60,0.5,0.5214,1.4686656897894335,0,14
7_transparent_FA_VisionCrack3,FA10,band0.60,0.55,0.5516,1.4686656897894335,0,14
7_transparent_FA_VisionCrack3,FA10,band0.60,0.6,0.6518,1.4686656897894335,0,14
7_transparent_FA_VisionCrack3,FA10,band0.60,0.65,0.6969,1.4686656897894335,0,14
7_transparent_FA_VisionCrack3,FA10,band0.60,0.7,0.6658,1.4686656897894335,0,14
7_transparent_FA_VisionCrack3,FA10,band0.60,0.75,0.8103,1.4686656897894335,0,14
7_transparent_FA_VisionCrack3,FA10,band0.60,0.8,0.8009,1.4686656897894335,0,14
7_transparent_FA_VisionCrack3,FA10,band0.60,0.85,0.8917,1.4686656897894335,0,14
7_transparent_FA_VisionCrack3,FA10,band0.60,0.9,0.983,1.4686656897894335,0,14
7_transparent_FA_VisionCrack3,FA10,band0.60,0.95,1.0914,1.4686656897894335,0,14
7_transparent_FA_VisionCrack3,FA10,band0.60,1.0,1.2506,1.4686656897894335,0,14
7_transparent_FA_VisionCrack3,FA10,band0.60,1.5,1.5716,1.4686656897894335,0,14
7_transparent_FA_VisionCrack3,FA10,band0.60,2.0,2.1037,1.4686656897894335,0,14
7_transparent_FA_VisionCrack3,FA10,band0.60,2.5,2.5288,1.4686656897894335,0,14
7_transparent_FA_VisionCrack3,FA10,win0.4,0.5,0.5013,1.4686656897894335,0,14
7_transparent_FA_VisionCrack3,FA10,win0.4,0.55,0.551,1.4686656897894335,0,14
7_transparent_FA_VisionCrack3,FA10,win0.4,0.6,0.6102,1.4686656897894335,0,14
7_transparent_FA_VisionCrack3,FA10,win0.4,0.65,0.6707,1.4686656897894335,0,14
7_transparent_FA_VisionCrack3,FA10,win0.4,0.7,0.6571,1.4686656897894335,0,14
7_transparent_FA_VisionCrack3,FA10,win0.4,0.75,0.7656,1.4686656897894335,0,14
7_transparent_FA_VisionCrack3,FA10,win0.4,0.8,0.8023,1.4686656897894335,0,14
7_transparent_FA_VisionCrack3,FA10,win0.4,0.85,0.8751,1.4686656897894335,0,14
7_transparent_FA_VisionCrack3,FA10,win0.4,0.9,0.9254,1.4686656897894335,0,14
7_transparent_FA_VisionCrack3,FA10,win0.4,0.95,1.0886,1.4686656897894335,0,14
7_transparent_FA_VisionCrack3,FA10,win0.4,1.0,1.2454,1.4686656897894335,0,14
7_transparent_FA_VisionCrack3,FA10,win0.4,1.5,1.5541,1.4686656897894335,0,14
7_transparent_FA_VisionCrack3,FA10,win0.4,2.0,2.0198,1.4686656897894335,0,14
7_transparent_FA_VisionCrack3,FA10,win0.4,2.5,2.5147,1.4686656897894335,0,14
7_transparent_FA_VisionCrack3,FA10,win0.8,0.5,0.556,1.4686656897894335,0,14
7_transparent_FA_VisionCrack3,FA10,win0.8,0.55,0.5808,1.4686656897894335,0,14
7_transparent_FA_VisionCrack3,FA10,win0.8,0.6,0.7047,1.4686656897894335,0,14
7_transparent_FA_VisionCrack3,FA10,win0.8,0.65,0.7605,1.4686656897894335,0,14
7_transparent_FA_VisionCrack3,FA10,win0.8,0.7,0.6796,1.4686656897894335,0,14
7_transparent_FA_VisionCrack3,FA10,win0.8,0.75,0.8514,1.4686656897894335,0,14
7_transparent_FA_VisionCrack3,FA10,win0.8,0.8,0.8052,1.4686656897894335,0,14
7_transparent_FA_VisionCrack3,FA10,win0.8,0.85,0.898,1.4686656897894335,0,14
7_transparent_FA_VisionCrack3,FA10,win0.8,0.9,1.0974,1.4686656897894335,0,14
7_transparent_FA_VisionCrack3,FA10,win0.8,0.95,1.0736,1.4686656897894335,0,14
7_transparent_FA_VisionCrack3,FA10,win0.8,1.0,1.1983,1.4686656897894335,0,14
7_transparent_FA_VisionCrack3,FA10,win0.8,1.5,1.6946,1.4686656897894335,0,14
7_transparent_FA_VisionCrack3,FA10,win0.8,2.0,2.1717,1.4686656897894335,0,14
7_transparent_FA_VisionCrack3,FA10,win0.8,2.5,2.5272,1.4686656897894335,0,14
7_transparent_FA_VisionCrack3,FA2,full,0.5,0.5061,1.6615461300600463,0,15
7_transparent_FA_VisionCrack3,FA2,full,0.55,0.5832,1.6615461300600463,0,15
7_transparent_FA_VisionCrack3,FA2,full,0.6,0.65,1.6615461300600463,0,15
7_transparent_FA_VisionCrack3,FA2,full,0.65,0.7281,1.6615461300600463,0,15
7_transparent_FA_VisionCrack3,FA2,full,0.7,0.6913,1.6615461300600463,0,15
7_transparent_FA_VisionCrack3,FA2,full,0.75,0.848,1.6615461300600463,0,15
7_transparent_FA_VisionCrack3,FA2,full,0.8,0.7996,1.6615461300600463,0,15
7_transparent_FA_VisionCrack3,FA2,full,0.85,0.8893,1.6615461300600463,0,15
7_transparent_FA_VisionCrack3,FA2,full,0.9,0.9456,1.6615461300600463,0,15
7_transparent_FA_VisionCrack3,FA2,full,0.95,1.0741,1.6615461300600463,0,15
7_transparent_FA_VisionCrack3,FA2,full,1.0,1.128,1.6615461300600463,0,15
7_transparent_FA_VisionCrack3,FA2,full,1.5,1.601,1.6615461300600463,0,15
7_transparent_FA_VisionCrack3,FA2,full,2.0,2.1425,1.6615461300600463,0,15
7_transparent_FA_VisionCrack3,FA2,full,2.5,2.5728,1.6615461300600463,0,15
7_transparent_FA_VisionCrack3,FA2,no_masked_bg,0.5,0.5236,1.6615461300600463,0,15
7_transparent_FA_VisionCrack3,FA2,no_masked_bg,0.55,0.5974,1.6615461300600463,0,15
7_transparent_FA_VisionCrack3,FA2,no_masked_bg,0.6,0.6999,1.6615461300600463,0,15
7_transparent_FA_VisionCrack3,FA2,no_masked_bg,0.65,0.7679,1.6615461300600463,0,15
7_transparent_FA_VisionCrack3,FA2,no_masked_bg,0.7,0.7077,1.6615461300600463,0,15
7_transparent_FA_VisionCrack3,FA2,no_masked_bg,0.75,0.8583,1.6615461300600463,0,15
7_transparent_FA_VisionCrack3,FA2,no_masked_bg,0.8,0.8079,1.6615461300600463,0,15
7_transparent_FA_VisionCrack3,FA2,no_masked_bg,0.85,0.892,1.6615461300600463,0,15
7_transparent_FA_VisionCrack3,FA2,no_masked_bg,0.9,0.9652,1.6615461300600463,0,15
7_transparent_FA_VisionCrack3,FA2,no_masked_bg,0.95,1.0746,1.6615461300600463,0,15
7_transparent_FA_VisionCrack3,FA2,no_masked_bg,1.0,1.2826,1.6615461300600463,0,15
7_transparent_FA_VisionCrack3,FA2,no_masked_bg,1.5,1.6236,1.6615461300600463,0,15
7_transparent_FA_VisionCrack3,FA2,no_masked_bg,2.0,2.3655,1.6615461300600463,0,15
7_transparent_FA_VisionCrack3,FA2,no_masked_bg,2.5,2.7,1.6615461300600463,0,15
7_transparent_FA_VisionCrack3,FA2,lsf_sigma,0.5,0.4964,1.9359493137490202,0,15
7_transparent_FA_VisionCrack3,FA2,lsf_sigma,0.55,0.573,1.9359493137490202,0,15
7_transparent_FA_VisionCrack3,FA2,lsf_sigma,0.6,0.642,1.9359493137490202,0,15
7_transparent_FA_VisionCrack3,FA2,lsf_sigma,0.65,0.7213,1.9359493137490202,0,15
7_transparent_FA_VisionCrack3,FA2,lsf_sigma,0.7,0.684,1.9359493137490202,0,15
7_transparent_FA_VisionCrack3,FA2,lsf_sigma,0.75,0.8395,1.9359493137490202,0,15
7_transparent_FA_VisionCrack3,FA2,lsf_sigma,0.8,0.7942,1.9359493137490202,0,15
7_transparent_FA_VisionCrack3,FA2,lsf_sigma,0.85,0.8852,1.9359493137490202,0,15
7_transparent_FA_VisionCrack3,FA2,lsf_sigma,0.9,0.936,1.9359493137490202,0,15
7_transparent_FA_VisionCrack3,FA2,lsf_sigma,0.95,1.0729,1.9359493137490202,0,15
7_transparent_FA_VisionCrack3,FA2,lsf_sigma,1.0,1.1262,1.9359493137490202,0,15
7_transparent_FA_VisionCrack3,FA2,lsf_sigma,1.5,1.5977,1.9359493137490202,0,15
7_transparent_FA_VisionCrack3,FA2,lsf_sigma,2.0,2.153,1.9359493137490202,0,15
7_transparent_FA_VisionCrack3,FA2,lsf_sigma,2.5,2.5907,1.9359493137490202,0,15
7_transparent_FA_VisionCrack3,FA2,no_deconv,0.5,0.5214,1.6615461300600463,0,15
7_transparent_FA_VisionCrack3,FA2,no_deconv,0.55,0.5936,1.6615461300600463,0,15
7_transparent_FA_VisionCrack3,FA2,no_deconv,0.6,0.6572,1.6615461300600463,0,15
7_transparent_FA_VisionCrack3,FA2,no_deconv,0.65,0.7323,1.6615461300600463,0,15
7_transparent_FA_VisionCrack3,FA2,no_deconv,0.7,0.6968,1.6615461300600463,0,15
7_transparent_FA_VisionCrack3,FA2,no_deconv,0.75,0.8489,1.6615461300600463,0,15
7_transparent_FA_VisionCrack3,FA2,no_deconv,0.8,0.8017,1.6615461300600463,0,15
7_transparent_FA_VisionCrack3,FA2,no_deconv,0.85,0.8893,1.6615461300600463,0,15
7_transparent_FA_VisionCrack3,FA2,no_deconv,0.9,0.9446,1.6615461300600463,0,15
7_transparent_FA_VisionCrack3,FA2,no_deconv,0.95,1.0713,1.6615461300600463,0,15
7_transparent_FA_VisionCrack3,FA2,no_deconv,1.0,1.1247,1.6615461300600463,0,15
7_transparent_FA_VisionCrack3,FA2,no_deconv,1.5,1.5958,1.6615461300600463,0,15
7_transparent_FA_VisionCrack3,FA2,no_deconv,2.0,2.1384,1.6615461300600463,0,15
7_transparent_FA_VisionCrack3,FA2,no_deconv,2.5,2.5706,1.6615461300600463,0,15
7_transparent_FA_VisionCrack3,FA2,rev3_window,0.5,0.5431,1.6615461300600463,0,14
7_transparent_FA_VisionCrack3,FA2,rev3_window,0.55,0.6033,1.6615461300600463,0,14
7_transparent_FA_VisionCrack3,FA2,rev3_window,0.6,0.7035,1.6615461300600463,0,14
7_transparent_FA_VisionCrack3,FA2,rev3_window,0.65,0.7658,1.6615461300600463,0,14
7_transparent_FA_VisionCrack3,FA2,rev3_window,0.7,0.7717,1.6615461300600463,0,14
7_transparent_FA_VisionCrack3,FA2,rev3_window,0.75,0.8631,1.6615461300600463,0,14
7_transparent_FA_VisionCrack3,FA2,rev3_window,0.8,0.8073,1.6615461300600463,0,14
7_transparent_FA_VisionCrack3,FA2,rev3_window,0.85,0.9266,1.6615461300600463,0,14
7_transparent_FA_VisionCrack3,FA2,rev3_window,0.9,1.3304,1.6615461300600463,0,14
7_transparent_FA_VisionCrack3,FA2,rev3_window,0.95,1.0734,1.6615461300600463,0,14
7_transparent_FA_VisionCrack3,FA2,rev3_window,1.0,1.4744,1.6615461300600463,0,14
7_transparent_FA_VisionCrack3,FA2,rev3_window,1.5,1.6351,1.6615461300600463,0,14
7_transparent_FA_VisionCrack3,FA2,rev3_window,2.0,2.2155,1.6615461300600463,0,14
7_transparent_FA_VisionCrack3,FA2,rev3_window,2.5,2.5105,1.6615461300600463,0,14
7_transparent_FA_VisionCrack3,FA2,margin1.0,0.5,0.5046,1.6615461300600463,0,15
7_transparent_FA_VisionCrack3,FA2,margin1.0,0.55,0.5812,1.6615461300600463,0,15
7_transparent_FA_VisionCrack3,FA2,margin1.0,0.6,0.6485,1.6615461300600463,0,15
7_transparent_FA_VisionCrack3,FA2,margin1.0,0.65,0.7261,1.6615461300600463,0,15
7_transparent_FA_VisionCrack3,FA2,margin1.0,0.7,0.6897,1.6615461300600463,0,15
7_transparent_FA_VisionCrack3,FA2,margin1.0,0.75,0.8442,1.6615461300600463,0,15
7_transparent_FA_VisionCrack3,FA2,margin1.0,0.8,0.8002,1.6615461300600463,0,15
7_transparent_FA_VisionCrack3,FA2,margin1.0,0.85,0.886,1.6615461300600463,0,15
7_transparent_FA_VisionCrack3,FA2,margin1.0,0.9,0.9461,1.6615461300600463,0,15
7_transparent_FA_VisionCrack3,FA2,margin1.0,0.95,1.0718,1.6615461300600463,0,15
7_transparent_FA_VisionCrack3,FA2,margin1.0,1.0,1.1203,1.6615461300600463,0,15
7_transparent_FA_VisionCrack3,FA2,margin1.0,1.5,1.6022,1.6615461300600463,0,15
7_transparent_FA_VisionCrack3,FA2,margin1.0,2.0,2.1189,1.6615461300600463,0,15
7_transparent_FA_VisionCrack3,FA2,margin1.0,2.5,2.5506,1.6615461300600463,0,15
7_transparent_FA_VisionCrack3,FA2,margin2.0,0.5,0.5127,1.6615461300600463,0,15
7_transparent_FA_VisionCrack3,FA2,margin2.0,0.55,0.5837,1.6615461300600463,0,15
7_transparent_FA_VisionCrack3,FA2,margin2.0,0.6,0.6634,1.6615461300600463,0,15
7_transparent_FA_VisionCrack3,FA2,margin2.0,0.65,0.7424,1.6615461300600463,0,15
7_transparent_FA_VisionCrack3,FA2,margin2.0,0.7,0.6954,1.6615461300600463,0,15
7_transparent_FA_VisionCrack3,FA2,margin2.0,0.75,0.8527,1.6615461300600463,0,15
7_transparent_FA_VisionCrack3,FA2,margin2.0,0.8,0.8023,1.6615461300600463,0,15
7_transparent_FA_VisionCrack3,FA2,margin2.0,0.85,0.8901,1.6615461300600463,0,15
7_transparent_FA_VisionCrack3,FA2,margin2.0,0.9,0.9439,1.6615461300600463,0,15
7_transparent_FA_VisionCrack3,FA2,margin2.0,0.95,1.0785,1.6615461300600463,0,15
7_transparent_FA_VisionCrack3,FA2,margin2.0,1.0,1.1171,1.6615461300600463,0,15
7_transparent_FA_VisionCrack3,FA2,margin2.0,1.5,1.593,1.6615461300600463,0,15
7_transparent_FA_VisionCrack3,FA2,margin2.0,2.0,2.1407,1.6615461300600463,0,15
7_transparent_FA_VisionCrack3,FA2,margin2.0,2.5,2.6073,1.6615461300600463,0,15
7_transparent_FA_VisionCrack3,FA2,smooth15,0.5,0.5051,1.6615461300600463,0,15
7_transparent_FA_VisionCrack3,FA2,smooth15,0.55,0.587,1.6615461300600463,0,15
7_transparent_FA_VisionCrack3,FA2,smooth15,0.6,0.6419,1.6615461300600463,0,15
7_transparent_FA_VisionCrack3,FA2,smooth15,0.65,0.7042,1.6615461300600463,0,15
7_transparent_FA_VisionCrack3,FA2,smooth15,0.7,0.6929,1.6615461300600463,0,15
7_transparent_FA_VisionCrack3,FA2,smooth15,0.75,0.8264,1.6615461300600463,0,15
7_transparent_FA_VisionCrack3,FA2,smooth15,0.8,0.8038,1.6615461300600463,0,15
7_transparent_FA_VisionCrack3,FA2,smooth15,0.85,0.8842,1.6615461300600463,0,15
7_transparent_FA_VisionCrack3,FA2,smooth15,0.9,0.9445,1.6615461300600463,0,15
7_transparent_FA_VisionCrack3,FA2,smooth15,0.95,1.0708,1.6615461300600463,0,15
7_transparent_FA_VisionCrack3,FA2,smooth15,1.0,1.1432,1.6615461300600463,0,15
7_transparent_FA_VisionCrack3,FA2,smooth15,1.5,1.6045,1.6615461300600463,0,15
7_transparent_FA_VisionCrack3,FA2,smooth15,2.0,2.1181,1.6615461300600463,0,15
7_transparent_FA_VisionCrack3,FA2,smooth15,2.5,2.5358,1.6615461300600463,0,15
7_transparent_FA_VisionCrack3,FA2,smooth35,0.5,0.5113,1.6615461300600463,0,15
7_transparent_FA_VisionCrack3,FA2,smooth35,0.55,0.5861,1.6615461300600463,0,15
7_transparent_FA_VisionCrack3,FA2,smooth35,0.6,0.6598,1.6615461300600463,0,15
7_transparent_FA_VisionCrack3,FA2,smooth35,0.65,0.7474,1.6615461300600463,0,15
7_transparent_FA_VisionCrack3,FA2,smooth35,0.7,0.6958,1.6615461300600463,0,15
7_transparent_FA_VisionCrack3,FA2,smooth35,0.75,0.8541,1.6615461300600463,0,15
7_transparent_FA_VisionCrack3,FA2,smooth35,0.8,0.7998,1.6615461300600463,0,15
7_transparent_FA_VisionCrack3,FA2,smooth35,0.85,0.8969,1.6615461300600463,0,15
7_transparent_FA_VisionCrack3,FA2,smooth35,0.9,0.9476,1.6615461300600463,0,15
7_transparent_FA_VisionCrack3,FA2,smooth35,0.95,1.0753,1.6615461300600463,0,15
7_transparent_FA_VisionCrack3,FA2,smooth35,1.0,1.1614,1.6615461300600463,0,15
7_transparent_FA_VisionCrack3,FA2,smooth35,1.5,1.6024,1.6615461300600463,0,15
7_transparent_FA_VisionCrack3,FA2,smooth35,2.0,2.1394,1.6615461300600463,0,15
7_transparent_FA_VisionCrack3,FA2,smooth35,2.5,2.6112,1.6615461300600463,0,15
7_transparent_FA_VisionCrack3,FA2,band0.60,0.5,0.5061,1.6615461300600463,0,15
7_transparent_FA_VisionCrack3,FA2,band0.60,0.55,0.5832,1.6615461300600463,0,15
7_transparent_FA_VisionCrack3,FA2,band0.60,0.6,0.65,1.6615461300600463,0,15
7_transparent_FA_VisionCrack3,FA2,band0.60,0.65,0.7281,1.6615461300600463,0,15
7_transparent_FA_VisionCrack3,FA2,band0.60,0.7,0.6913,1.6615461300600463,0,15
7_transparent_FA_VisionCrack3,FA2,band0.60,0.75,0.848,1.6615461300600463,0,15
7_transparent_FA_VisionCrack3,FA2,band0.60,0.8,0.7996,1.6615461300600463,0,15
7_transparent_FA_VisionCrack3,FA2,band0.60,0.85,0.8893,1.6615461300600463,0,15
7_transparent_FA_VisionCrack3,FA2,band0.60,0.9,0.9456,1.6615461300600463,0,15
7_transparent_FA_VisionCrack3,FA2,band0.60,0.95,1.0741,1.6615461300600463,0,15
7_transparent_FA_VisionCrack3,FA2,band0.60,1.0,1.128,1.6615461300600463,0,15
7_transparent_FA_VisionCrack3,FA2,band0.60,1.5,1.601,1.6615461300600463,0,15
7_transparent_FA_VisionCrack3,FA2,band0.60,2.0,2.1425,1.6615461300600463,0,15
7_transparent_FA_VisionCrack3,FA2,band0.60,2.5,2.5728,1.6615461300600463,0,15
7_transparent_FA_VisionCrack3,FA2,win0.4,0.5,0.5019,1.6615461300600463,0,15
7_transparent_FA_VisionCrack3,FA2,win0.4,0.55,0.5705,1.6615461300600463,0,15
7_transparent_FA_VisionCrack3,FA2,win0.4,0.6,0.6164,1.6615461300600463,0,15
7_transparent_FA_VisionCrack3,FA2,win0.4,0.65,0.6925,1.6615461300600463,0,15
7_transparent_FA_VisionCrack3,FA2,win0.4,0.7,0.6754,1.6615461300600463,0,15
7_transparent_FA_VisionCrack3,FA2,win0.4,0.75,0.7761,1.6615461300600463,0,15
7_transparent_FA_VisionCrack3,FA2,win0.4,0.8,0.7989,1.6615461300600463,0,15
7_transparent_FA_VisionCrack3,FA2,win0.4,0.85,0.8786,1.6615461300600463,0,15
7_transparent_FA_VisionCrack3,FA2,win0.4,0.9,0.9052,1.6615461300600463,0,15
7_transparent_FA_VisionCrack3,FA2,win0.4,0.95,1.0709,1.6615461300600463,0,15
7_transparent_FA_VisionCrack3,FA2,win0.4,1.0,1.135,1.6615461300600463,0,15
7_transparent_FA_VisionCrack3,FA2,win0.4,1.5,1.5719,1.6615461300600463,0,15
7_transparent_FA_VisionCrack3,FA2,win0.4,2.0,2.0421,1.6615461300600463,0,15
7_transparent_FA_VisionCrack3,FA2,win0.4,2.5,2.5665,1.6615461300600463,0,15
7_transparent_FA_VisionCrack3,FA2,win0.8,0.5,0.5324,1.6615461300600463,0,15
7_transparent_FA_VisionCrack3,FA2,win0.8,0.55,0.5875,1.6615461300600463,0,15
7_transparent_FA_VisionCrack3,FA2,win0.8,0.6,0.6875,1.6615461300600463,0,15
7_transparent_FA_VisionCrack3,FA2,win0.8,0.65,0.8229,1.6615461300600463,0,15
7_transparent_FA_VisionCrack3,FA2,win0.8,0.7,0.6984,1.6615461300600463,0,15
7_transparent_FA_VisionCrack3,FA2,win0.8,0.75,0.8613,1.6615461300600463,0,15
7_transparent_FA_VisionCrack3,FA2,win0.8,0.8,0.7975,1.6615461300600463,0,15
7_transparent_FA_VisionCrack3,FA2,win0.8,0.85,0.9088,1.6615461300600463,0,15
7_transparent_FA_VisionCrack3,FA2,win0.8,0.9,1.0417,1.6615461300600463,0,15
7_transparent_FA_VisionCrack3,FA2,win0.8,0.95,1.0881,1.6615461300600463,0,15
7_transparent_FA_VisionCrack3,FA2,win0.8,1.0,1.2197,1.6615461300600463,0,15
7_transparent_FA_VisionCrack3,FA2,win0.8,1.5,1.6537,1.6615461300600463,0,15
7_transparent_FA_VisionCrack3,FA2,win0.8,2.0,2.1361,1.6615461300600463,0,15
7_transparent_FA_VisionCrack3,FA2,win0.8,2.5,2.5721,1.6615461300600463,0,15
7_transparent_FA_VisionCrack3,FA3,full,0.5,0.4803,1.5422809306568022,0,15
7_transparent_FA_VisionCrack3,FA3,full,0.55,0.5631,1.5422809306568022,0,15
7_transparent_FA_VisionCrack3,FA3,full,0.6,0.6018,1.5422809306568022,0,15
7_transparent_FA_VisionCrack3,FA3,full,0.65,0.7161,1.5422809306568022,0,15
7_transparent_FA_VisionCrack3,FA3,full,0.7,0.6821,1.5422809306568022,0,15
7_transparent_FA_VisionCrack3,FA3,full,0.75,0.7892,1.5422809306568022,0,15
7_transparent_FA_VisionCrack3,FA3,full,0.8,0.7954,1.5422809306568022,0,15
7_transparent_FA_VisionCrack3,FA3,full,0.85,0.8758,1.5422809306568022,0,15
7_transparent_FA_VisionCrack3,FA3,full,0.9,1.185,1.5422809306568022,0,15
7_transparent_FA_VisionCrack3,FA3,full,0.95,1.0653,1.5422809306568022,0,15
7_transparent_FA_VisionCrack3,FA3,full,1.0,1.0899,1.5422809306568022,0,15
7_transparent_FA_VisionCrack3,FA3,full,1.5,1.5853,1.5422809306568022,0,15
7_transparent_FA_VisionCrack3,FA3,full,2.0,2.149,1.5422809306568022,0,15
7_transparent_FA_VisionCrack3,FA3,full,2.5,2.5388,1.5422809306568022,0,15
7_transparent_FA_VisionCrack3,FA3,no_masked_bg,0.5,0.4893,1.5422809306568022,0,15
7_transparent_FA_VisionCrack3,FA3,no_masked_bg,0.55,0.5758,1.5422809306568022,0,15
7_transparent_FA_VisionCrack3,FA3,no_masked_bg,0.6,0.6186,1.5422809306568022,0,15
7_transparent_FA_VisionCrack3,FA3,no_masked_bg,0.65,0.7356,1.5422809306568022,0,15
7_transparent_FA_VisionCrack3,FA3,no_masked_bg,0.7,0.7062,1.5422809306568022,0,15
7_transparent_FA_VisionCrack3,FA3,no_masked_bg,0.75,0.8106,1.5422809306568022,0,15
7_transparent_FA_VisionCrack3,FA3,no_masked_bg,0.8,0.8006,1.5422809306568022,0,15
7_transparent_FA_VisionCrack3,FA3,no_masked_bg,0.85,0.8824,1.5422809306568022,0,15
7_transparent_FA_VisionCrack3,FA3,no_masked_bg,0.9,1.3159,1.5422809306568022,0,15
7_transparent_FA_VisionCrack3,FA3,no_masked_bg,0.95,1.0637,1.5422809306568022,0,15
7_transparent_FA_VisionCrack3,FA3,no_masked_bg,1.0,1.1322,1.5422809306568022,0,15
7_transparent_FA_VisionCrack3,FA3,no_masked_bg,1.5,1.608,1.5422809306568022,0,15
7_transparent_FA_VisionCrack3,FA3,no_masked_bg,2.0,2.43,1.5422809306568022,0,15
7_transparent_FA_VisionCrack3,FA3,no_masked_bg,2.5,2.6325,1.5422809306568022,0,15
7_transparent_FA_VisionCrack3,FA3,lsf_sigma,0.5,0.4743,1.6483956234732666,1,15
7_transparent_FA_VisionCrack3,FA3,lsf_sigma,0.55,0.5576,1.6483956234732666,1,15
7_transparent_FA_VisionCrack3,FA3,lsf_sigma,0.6,0.6028,1.6483956234732666,1,15
7_transparent_FA_VisionCrack3,FA3,lsf_sigma,0.65,0.7142,1.6483956234732666,1,15
7_transparent_FA_VisionCrack3,FA3,lsf_sigma,0.7,0.6793,1.6483956234732666,1,15
7_transparent_FA_VisionCrack3,FA3,lsf_sigma,0.75,0.7888,1.6483956234732666,1,15
7_transparent_FA_VisionCrack3,FA3,lsf_sigma,0.8,0.7899,1.6483956234732666,1,15
7_transparent_FA_VisionCrack3,FA3,lsf_sigma,0.85,0.8772,1.6483956234732666,1,15
7_transparent_FA_VisionCrack3,FA3,lsf_sigma,0.9,1.224,1.6483956234732666,1,15
7_transparent_FA_VisionCrack3,FA3,lsf_sigma,0.95,1.0696,1.6483956234732666,1,15
7_transparent_FA_VisionCrack3,FA3,lsf_sigma,1.0,1.0891,1.6483956234732666,1,15
7_transparent_FA_VisionCrack3,FA3,lsf_sigma,1.5,1.576,1.6483956234732666,1,15
7_transparent_FA_VisionCrack3,FA3,lsf_sigma,2.0,2.1588,1.6483956234732666,1,15
7_transparent_FA_VisionCrack3,FA3,lsf_sigma,2.5,2.5599,1.6483956234732666,1,15
7_transparent_FA_VisionCrack3,FA3,no_deconv,0.5,0.5042,1.5422809306568022,0,15
7_transparent_FA_VisionCrack3,FA3,no_deconv,0.55,0.5821,1.5422809306568022,0,15
7_transparent_FA_VisionCrack3,FA3,no_deconv,0.6,0.619,1.5422809306568022,0,15
7_transparent_FA_VisionCrack3,FA3,no_deconv,0.65,0.7294,1.5422809306568022,0,15
7_transparent_FA_VisionCrack3,FA3,no_deconv,0.7,0.6963,1.5422809306568022,0,15
7_transparent_FA_VisionCrack3,FA3,no_deconv,0.75,0.8007,1.5422809306568022,0,15
7_transparent_FA_VisionCrack3,FA3,no_deconv,0.8,0.8068,1.5422809306568022,0,15
7_transparent_FA_VisionCrack3,FA3,no_deconv,0.85,0.8858,1.5422809306568022,0,15
7_transparent_FA_VisionCrack3,FA3,no_deconv,0.9,1.1925,1.5422809306568022,0,15
7_transparent_FA_VisionCrack3,FA3,no_deconv,0.95,1.0733,1.5422809306568022,0,15
7_transparent_FA_VisionCrack3,FA3,no_deconv,1.0,1.0978,1.5422809306568022,0,15
7_transparent_FA_VisionCrack3,FA3,no_deconv,1.5,1.5932,1.5422809306568022,0,15
7_transparent_FA_VisionCrack3,FA3,no_deconv,2.0,2.1601,1.5422809306568022,0,15
7_transparent_FA_VisionCrack3,FA3,no_deconv,2.5,2.5531,1.5422809306568022,0,15
7_transparent_FA_VisionCrack3,FA3,rev3_window,0.5,0.4928,1.5422809306568022,0,14
7_transparent_FA_VisionCrack3,FA3,rev3_window,0.55,0.5623,1.5422809306568022,0,14
7_transparent_FA_VisionCrack3,FA3,rev3_window,0.6,0.6417,1.5422809306568022,0,14
7_transparent_FA_VisionCrack3,FA3,rev3_window,0.65,0.712,1.5422809306568022,0,14
7_transparent_FA_VisionCrack3,FA3,rev3_window,0.7,0.6922,1.5422809306568022,0,14
7_transparent_FA_VisionCrack3,FA3,rev3_window,0.75,0.7957,1.5422809306568022,0,14
7_transparent_FA_VisionCrack3,FA3,rev3_window,0.8,0.8098,1.5422809306568022,0,14
7_transparent_FA_VisionCrack3,FA3,rev3_window,0.85,0.8893,1.5422809306568022,0,14
7_transparent_FA_VisionCrack3,FA3,rev3_window,0.9,1.2321,1.5422809306568022,0,14
7_transparent_FA_VisionCrack3,FA3,rev3_window,0.95,1.0494,1.5422809306568022,0,14
7_transparent_FA_VisionCrack3,FA3,rev3_window,1.0,1.3621,1.5422809306568022,0,14
7_transparent_FA_VisionCrack3,FA3,rev3_window,1.5,1.6187,1.5422809306568022,0,14
7_transparent_FA_VisionCrack3,FA3,rev3_window,2.0,2.4751,1.5422809306568022,0,14
7_transparent_FA_VisionCrack3,FA3,rev3_window,2.5,2.4921,1.5422809306568022,0,14
7_transparent_FA_VisionCrack3,FA3,margin1.0,0.5,0.4799,1.5422809306568022,0,15
7_transparent_FA_VisionCrack3,FA3,margin1.0,0.55,0.5648,1.5422809306568022,0,15
7_transparent_FA_VisionCrack3,FA3,margin1.0,0.6,0.6043,1.5422809306568022,0,15
7_transparent_FA_VisionCrack3,FA3,margin1.0,0.65,0.7143,1.5422809306568022,0,15
7_transparent_FA_VisionCrack3,FA3,margin1.0,0.7,0.6843,1.5422809306568022,0,15
7_transparent_FA_VisionCrack3,FA3,margin1.0,0.75,0.789,1.5422809306568022,0,15
7_transparent_FA_VisionCrack3,FA3,margin1.0,0.8,0.7957,1.5422809306568022,0,15
7_transparent_FA_VisionCrack3,FA3,margin1.0,0.85,0.8753,1.5422809306568022,0,15
7_transparent_FA_VisionCrack3,FA3,margin1.0,0.9,1.1668,1.5422809306568022,0,15
7_transparent_FA_VisionCrack3,FA3,margin1.0,0.95,1.0651,1.5422809306568022,0,15
7_transparent_FA_VisionCrack3,FA3,margin1.0,1.0,1.0662,1.5422809306568022,0,15
7_transparent_FA_VisionCrack3,FA3,margin1.0,1.5,1.5923,1.5422809306568022,0,15
7_transparent_FA_VisionCrack3,FA3,margin1.0,2.0,2.1597,1.5422809306568022,0,15
7_transparent_FA_VisionCrack3,FA3,margin1.0,2.5,2.5314,1.5422809306568022,0,15
7_transparent_FA_VisionCrack3,FA3,margin2.0,0.5,0.4828,1.5422809306568022,0,15
7_transparent_FA_VisionCrack3,FA3,margin2.0,0.55,0.5658,1.5422809306568022,0,15
7_transparent_FA_VisionCrack3,FA3,margin2.0,0.6,0.6066,1.5422809306568022,0,15
7_transparent_FA_VisionCrack3,FA3,margin2.0,0.65,0.7221,1.5422809306568022,0,15
7_transparent_FA_VisionCrack3,FA3,margin2.0,0.7,0.6865,1.5422809306568022,0,15
7_transparent_FA_VisionCrack3,FA3,margin2.0,0.75,0.7939,1.5422809306568022,0,15
7_transparent_FA_VisionCrack3,FA3,margin2.0,0.8,0.7919,1.5422809306568022,0,15
7_transparent_FA_VisionCrack3,FA3,margin2.0,0.85,0.8802,1.5422809306568022,0,15
7_transparent_FA_VisionCrack3,FA3,margin2.0,0.9,1.2564,1.5422809306568022,0,15
7_transparent_FA_VisionCrack3,FA3,margin2.0,0.95,1.0739,1.5422809306568022,0,15
7_transparent_FA_VisionCrack3,FA3,margin2.0,1.0,1.0883,1.5422809306568022,0,15
7_transparent_FA_VisionCrack3,FA3,margin2.0,1.5,1.5752,1.5422809306568022,0,15
7_transparent_FA_VisionCrack3,FA3,margin2.0,2.0,2.1765,1.5422809306568022,0,15
7_transparent_FA_VisionCrack3,FA3,margin2.0,2.5,2.5706,1.5422809306568022,0,15
7_transparent_FA_VisionCrack3,FA3,smooth15,0.5,0.4793,1.5422809306568022,1,15
7_transparent_FA_VisionCrack3,FA3,smooth15,0.55,0.5597,1.5422809306568022,1,15
7_transparent_FA_VisionCrack3,FA3,smooth15,0.6,0.5947,1.5422809306568022,1,15
7_transparent_FA_VisionCrack3,FA3,smooth15,0.65,0.6917,1.5422809306568022,1,15
7_transparent_FA_VisionCrack3,FA3,smooth15,0.7,0.682,1.5422809306568022,1,15
7_transparent_FA_VisionCrack3,FA3,smooth15,0.75,0.7775,1.5422809306568022,1,15
7_transparent_FA_VisionCrack3,FA3,smooth15,0.8,0.8001,1.5422809306568022,1,15
7_transparent_FA_VisionCrack3,FA3,smooth15,0.85,0.8664,1.5422809306568022,1,15
7_transparent_FA_VisionCrack3,FA3,smooth15,0.9,1.12,1.5422809306568022,1,15
7_transparent_FA_VisionCrack3,FA3,smooth15,0.95,1.059,1.5422809306568022,1,15
7_transparent_FA_VisionCrack3,FA3,smooth15,1.0,1.1191,1.5422809306568022,1,15
7_transparent_FA_VisionCrack3,FA3,smooth15,1.5,1.5902,1.5422809306568022,1,15
7_transparent_FA_VisionCrack3,FA3,smooth15,2.0,2.1922,1.5422809306568022,1,15
7_transparent_FA_VisionCrack3,FA3,smooth15,2.5,2.5074,1.5422809306568022,1,15
7_transparent_FA_VisionCrack3,FA3,smooth35,0.5,0.4825,1.5422809306568022,0,15
7_transparent_FA_VisionCrack3,FA3,smooth35,0.55,0.5664,1.5422809306568022,0,15
7_transparent_FA_VisionCrack3,FA3,smooth35,0.6,0.6098,1.5422809306568022,0,15
7_transparent_FA_VisionCrack3,FA3,smooth35,0.65,0.722,1.5422809306568022,0,15
7_transparent_FA_VisionCrack3,FA3,smooth35,0.7,0.6919,1.5422809306568022,0,15
7_transparent_FA_VisionCrack3,FA3,smooth35,0.75,0.7979,1.5422809306568022,0,15
7_transparent_FA_VisionCrack3,FA3,smooth35,0.8,0.7935,1.5422809306568022,0,15
7_transparent_FA_VisionCrack3,FA3,smooth35,0.85,0.8807,1.5422809306568022,0,15
7_transparent_FA_VisionCrack3,FA3,smooth35,0.9,1.266,1.5422809306568022,0,15
7_transparent_FA_VisionCrack3,FA3,smooth35,0.95,1.0687,1.5422809306568022,0,15
7_transparent_FA_VisionCrack3,FA3,smooth35,1.0,1.0789,1.5422809306568022,0,15
7_transparent_FA_VisionCrack3,FA3,smooth35,1.5,1.5965,1.5422809306568022,0,15
7_transparent_FA_VisionCrack3,FA3,smooth35,2.0,2.1879,1.5422809306568022,0,15
7_transparent_FA_VisionCrack3,FA3,smooth35,2.5,2.5748,1.5422809306568022,0,15
7_transparent_FA_VisionCrack3,FA3,band0.60,0.5,0.4803,1.5422809306568022,0,15
7_transparent_FA_VisionCrack3,FA3,band0.60,0.55,0.5631,1.5422809306568022,0,15
7_transparent_FA_VisionCrack3,FA3,band0.60,0.6,0.6018,1.5422809306568022,0,15
7_transparent_FA_VisionCrack3,FA3,band0.60,0.65,0.7161,1.5422809306568022,0,15
7_transparent_FA_VisionCrack3,FA3,band0.60,0.7,0.6821,1.5422809306568022,0,15
7_transparent_FA_VisionCrack3,FA3,band0.60,0.75,0.7892,1.5422809306568022,0,15
7_transparent_FA_VisionCrack3,FA3,band0.60,0.8,0.7954,1.5422809306568022,0,15
7_transparent_FA_VisionCrack3,FA3,band0.60,0.85,0.8758,1.5422809306568022,0,15
7_transparent_FA_VisionCrack3,FA3,band0.60,0.9,1.185,1.5422809306568022,0,15
7_transparent_FA_VisionCrack3,FA3,band0.60,0.95,1.0653,1.5422809306568022,0,15
7_transparent_FA_VisionCrack3,FA3,band0.60,1.0,1.0899,1.5422809306568022,0,15
7_transparent_FA_VisionCrack3,FA3,band0.60,1.5,1.5853,1.5422809306568022,0,15
7_transparent_FA_VisionCrack3,FA3,band0.60,2.0,2.149,1.5422809306568022,0,15
7_transparent_FA_VisionCrack3,FA3,band0.60,2.5,2.5388,1.5422809306568022,0,15
7_transparent_FA_VisionCrack3,FA3,win0.4,0.5,0.4771,1.5422809306568022,0,15
7_transparent_FA_VisionCrack3,FA3,win0.4,0.55,0.5554,1.5422809306568022,0,15
7_transparent_FA_VisionCrack3,FA3,win0.4,0.6,0.5932,1.5422809306568022,0,15
7_transparent_FA_VisionCrack3,FA3,win0.4,0.65,0.6754,1.5422809306568022,0,15
7_transparent_FA_VisionCrack3,FA3,win0.4,0.7,0.6576,1.5422809306568022,0,15
7_transparent_FA_VisionCrack3,FA3,win0.4,0.75,0.754,1.5422809306568022,0,15
7_transparent_FA_VisionCrack3,FA3,win0.4,0.8,0.7988,1.5422809306568022,0,15
7_transparent_FA_VisionCrack3,FA3,win0.4,0.85,0.8657,1.5422809306568022,0,15
7_transparent_FA_VisionCrack3,FA3,win0.4,0.9,1.0338,1.5422809306568022,0,15
7_transparent_FA_VisionCrack3,FA3,win0.4,0.95,1.0499,1.5422809306568022,0,15
7_transparent_FA_VisionCrack3,FA3,win0.4,1.0,1.124,1.5422809306568022,0,15
7_transparent_FA_VisionCrack3,FA3,win0.4,1.5,1.5692,1.5422809306568022,0,15
7_transparent_FA_VisionCrack3,FA3,win0.4,2.0,2.0438,1.5422809306568022,0,15
7_transparent_FA_VisionCrack3,FA3,win0.4,2.5,2.5387,1.5422809306568022,0,15
7_transparent_FA_VisionCrack3,FA3,win0.8,0.5,0.507,1.5422809306568022,0,15
7_transparent_FA_VisionCrack3,FA3,win0.8,0.55,0.6034,1.5422809306568022,0,15
7_transparent_FA_VisionCrack3,FA3,win0.8,0.6,0.6462,1.5422809306568022,0,15
7_transparent_FA_VisionCrack3,FA3,win0.8,0.65,0.7827,1.5422809306568022,0,15
7_transparent_FA_VisionCrack3,FA3,win0.8,0.7,0.6898,1.5422809306568022,0,15
7_transparent_FA_VisionCrack3,FA3,win0.8,0.75,0.8132,1.5422809306568022,0,15
7_transparent_FA_VisionCrack3,FA3,win0.8,0.8,0.7955,1.5422809306568022,0,15
7_transparent_FA_VisionCrack3,FA3,win0.8,0.85,0.8741,1.5422809306568022,0,15
7_transparent_FA_VisionCrack3,FA3,win0.8,0.9,1.5108,1.5422809306568022,0,15
7_transparent_FA_VisionCrack3,FA3,win0.8,0.95,1.0447,1.5422809306568022,0,15
7_transparent_FA_VisionCrack3,FA3,win0.8,1.0,1.1817,1.5422809306568022,0,15
7_transparent_FA_VisionCrack3,FA3,win0.8,1.5,1.6702,1.5422809306568022,0,15
7_transparent_FA_VisionCrack3,FA3,win0.8,2.0,2.1106,1.5422809306568022,0,15
7_transparent_FA_VisionCrack3,FA3,win0.8,2.5,2.542,1.5422809306568022,0,15
7_transparent_FA_VisionCrack3,FA4,full,0.5,0.4923,1.4318195833279472,0,14
7_transparent_FA_VisionCrack3,FA4,full,0.55,0.5458,1.4318195833279472,0,14
7_transparent_FA_VisionCrack3,FA4,full,0.6,0.6083,1.4318195833279472,0,14
7_transparent_FA_VisionCrack3,FA4,full,0.65,0.6862,1.4318195833279472,0,14
7_transparent_FA_VisionCrack3,FA4,full,0.7,0.6677,1.4318195833279472,0,14
7_transparent_FA_VisionCrack3,FA4,full,0.75,0.7569,1.4318195833279472,0,14
7_transparent_FA_VisionCrack3,FA4,full,0.8,0.7934,1.4318195833279472,0,14
7_transparent_FA_VisionCrack3,FA4,full,0.85,0.8825,1.4318195833279472,0,14
7_transparent_FA_VisionCrack3,FA4,full,0.9,0.9158,1.4318195833279472,0,14
7_transparent_FA_VisionCrack3,FA4,full,0.95,1.0617,1.4318195833279472,0,14
7_transparent_FA_VisionCrack3,FA4,full,1.0,1.0342,1.4318195833279472,0,14
7_transparent_FA_VisionCrack3,FA4,full,1.5,1.5947,1.4318195833279472,0,14
7_transparent_FA_VisionCrack3,FA4,full,2.0,2.0812,1.4318195833279472,0,14
7_transparent_FA_VisionCrack3,FA4,full,2.5,2.5302,1.4318195833279472,0,14
7_transparent_FA_VisionCrack3,FA4,no_masked_bg,0.5,0.5116,1.4318195833279472,0,14
7_transparent_FA_VisionCrack3,FA4,no_masked_bg,0.55,0.544,1.4318195833279472,0,14
7_transparent_FA_VisionCrack3,FA4,no_masked_bg,0.6,0.6257,1.4318195833279472,0,14
7_transparent_FA_VisionCrack3,FA4,no_masked_bg,0.65,0.701,1.4318195833279472,0,14
7_transparent_FA_VisionCrack3,FA4,no_masked_bg,0.7,0.6773,1.4318195833279472,0,14
7_transparent_FA_VisionCrack3,FA4,no_masked_bg,0.75,0.7671,1.4318195833279472,0,14
7_transparent_FA_VisionCrack3,FA4,no_masked_bg,0.8,0.8058,1.4318195833279472,0,14
7_transparent_FA_VisionCrack3,FA4,no_masked_bg,0.85,0.8904,1.4318195833279472,0,14
7_transparent_FA_VisionCrack3,FA4,no_masked_bg,0.9,0.9296,1.4318195833279472,0,14
7_transparent_FA_VisionCrack3,FA4,no_masked_bg,0.95,1.0691,1.4318195833279472,0,14
7_transparent_FA_VisionCrack3,FA4,no_masked_bg,1.0,1.0777,1.4318195833279472,0,14
7_transparent_FA_VisionCrack3,FA4,no_masked_bg,1.5,1.6306,1.4318195833279472,0,14
7_transparent_FA_VisionCrack3,FA4,no_masked_bg,2.0,2.4159,1.4318195833279472,0,14
7_transparent_FA_VisionCrack3,FA4,no_masked_bg,2.5,2.6728,1.4318195833279472,0,14
7_transparent_FA_VisionCrack3,FA4,lsf_sigma,0.5,0.4852,1.6132349313355183,0,14
7_transparent_FA_VisionCrack3,FA4,lsf_sigma,0.55,0.539,1.6132349313355183,0,14
7_transparent_FA_VisionCrack3,FA4,lsf_sigma,0.6,0.6031,1.6132349313355183,0,14
7_transparent_FA_VisionCrack3,FA4,lsf_sigma,0.65,0.6884,1.6132349313355183,0,14
7_transparent_FA_VisionCrack3,FA4,lsf_sigma,0.7,0.6631,1.6132349313355183,0,14
7_transparent_FA_VisionCrack3,FA4,lsf_sigma,0.75,0.7555,1.6132349313355183,0,14
7_transparent_FA_VisionCrack3,FA4,lsf_sigma,0.8,0.7904,1.6132349313355183,0,14
7_transparent_FA_VisionCrack3,FA4,lsf_sigma,0.85,0.883,1.6132349313355183,0,14
7_transparent_FA_VisionCrack3,FA4,lsf_sigma,0.9,0.9162,1.6132349313355183,0,14
7_transparent_FA_VisionCrack3,FA4,lsf_sigma,0.95,1.0653,1.6132349313355183,0,14
7_transparent_FA_VisionCrack3,FA4,lsf_sigma,1.0,1.0348,1.6132349313355183,0,14
7_transparent_FA_VisionCrack3,FA4,lsf_sigma,1.5,1.6021,1.6132349313355183,0,14
7_transparent_FA_VisionCrack3,FA4,lsf_sigma,2.0,2.0951,1.6132349313355183,0,14
7_transparent_FA_VisionCrack3,FA4,lsf_sigma,2.5,2.5488,1.6132349313355183,0,14
7_transparent_FA_VisionCrack3,FA4,no_deconv,0.5,0.4974,1.4318195833279472,0,14
7_transparent_FA_VisionCrack3,FA4,no_deconv,0.55,0.5486,1.4318195833279472,0,14
7_transparent_FA_VisionCrack3,FA4,no_deconv,0.6,0.6091,1.4318195833279472,0,14
7_transparent_FA_VisionCrack3,FA4,no_deconv,0.65,0.6854,1.4318195833279472,0,14
7_transparent_FA_VisionCrack3,FA4,no_deconv,0.7,0.6673,1.4318195833279472,0,14
7_transparent_FA_VisionCrack3,FA4,no_deconv,0.75,0.7552,1.4318195833279472,0,14
7_transparent_FA_VisionCrack3,FA4,no_deconv,0.8,0.7914,1.4318195833279472,0,14
7_transparent_FA_VisionCrack3,FA4,no_deconv,0.85,0.8802,1.4318195833279472,0,14
7_transparent_FA_VisionCrack3,FA4,no_deconv,0.9,0.9135,1.4318195833279472,0,14
7_transparent_FA_VisionCrack3,FA4,no_deconv,0.95,1.0599,1.4318195833279472,0,14
7_transparent_FA_VisionCrack3,FA4,no_deconv,1.0,1.0323,1.4318195833279472,0,14
7_transparent_FA_VisionCrack3,FA4,no_deconv,1.5,1.5994,1.4318195833279472,0,14
7_transparent_FA_VisionCrack3,FA4,no_deconv,2.0,2.0945,1.4318195833279472,0,14
7_transparent_FA_VisionCrack3,FA4,no_deconv,2.5,2.5525,1.4318195833279472,0,14
7_transparent_FA_VisionCrack3,FA4,rev3_window,0.5,0.5149,1.4318195833279472,0,19
7_transparent_FA_VisionCrack3,FA4,rev3_window,0.55,0.5741,1.4318195833279472,0,19
7_transparent_FA_VisionCrack3,FA4,rev3_window,0.6,0.6668,1.4318195833279472,0,19
7_transparent_FA_VisionCrack3,FA4,rev3_window,0.65,0.6928,1.4318195833279472,0,19
7_transparent_FA_VisionCrack3,FA4,rev3_window,0.7,0.6807,1.4318195833279472,0,19
7_transparent_FA_VisionCrack3,FA4,rev3_window,0.75,0.5314,1.4318195833279472,0,19
7_transparent_FA_VisionCrack3,FA4,rev3_window,0.8,0.8113,1.4318195833279472,0,19
7_transparent_FA_VisionCrack3,FA4,rev3_window,0.85,0.8785,1.4318195833279472,0,19
7_transparent_FA_VisionCrack3,FA4,rev3_window,0.9,1.292,1.4318195833279472,0,19
7_transparent_FA_VisionCrack3,FA4,rev3_window,0.95,1.0428,1.4318195833279472,0,19
7_transparent_FA_VisionCrack3,FA4,rev3_window,1.0,1.3487,1.4318195833279472,0,19
7_transparent_FA_VisionCrack3,FA4,rev3_window,1.5,1.7202,1.4318195833279472,0,19
7_transparent_FA_VisionCrack3,FA4,rev3_window,2.0,2.276,1.4318195833279472,0,19
7_transparent_FA_VisionCrack3,FA4,rev3_window,2.5,2.673,1.4318195833279472,0,19
7_transparent_FA_VisionCrack3,FA4,margin1.0,0.5,0.4901,1.4318195833279472,0,14
7_transparent_FA_VisionCrack3,FA4,margin1.0,0.55,0.5451,1.4318195833279472,0,14
7_transparent_FA_VisionCrack3,FA4,margin1.0,0.6,0.6054,1.4318195833279472,0,14
7_transparent_FA_VisionCrack3,FA4,margin1.0,0.65,0.6863,1.4318195833279472,0,14
7_transparent_FA_VisionCrack3,FA4,margin1.0,0.7,0.6669,1.4318195833279472,0,14
7_transparent_FA_VisionCrack3,FA4,margin1.0,0.75,0.7561,1.4318195833279472,0,14
7_transparent_FA_VisionCrack3,FA4,margin1.0,0.8,0.7976,1.4318195833279472,0,14
7_transparent_FA_VisionCrack3,FA4,margin1.0,0.85,0.883,1.4318195833279472,0,14
7_transparent_FA_VisionCrack3,FA4,margin1.0,0.9,0.9144,1.4318195833279472,0,14
7_transparent_FA_VisionCrack3,FA4,margin1.0,0.95,1.058,1.4318195833279472,0,14
7_transparent_FA_VisionCrack3,FA4,margin1.0,1.0,1.0246,1.4318195833279472,0,14
7_transparent_FA_VisionCrack3,FA4,margin1.0,1.5,1.6019,1.4318195833279472,0,14
7_transparent_FA_VisionCrack3,FA4,margin1.0,2.0,2.0582,1.4318195833279472,0,14
7_transparent_FA_VisionCrack3,FA4,margin1.0,2.5,2.5207,1.4318195833279472,0,14
7_transparent_FA_VisionCrack3,FA4,margin2.0,0.5,0.497,1.4318195833279472,0,14
7_transparent_FA_VisionCrack3,FA4,margin2.0,0.55,0.5461,1.4318195833279472,0,14
7_transparent_FA_VisionCrack3,FA4,margin2.0,0.6,0.6097,1.4318195833279472,0,14
7_transparent_FA_VisionCrack3,FA4,margin2.0,0.65,0.6942,1.4318195833279472,0,14
7_transparent_FA_VisionCrack3,FA4,margin2.0,0.7,0.6679,1.4318195833279472,0,14
7_transparent_FA_VisionCrack3,FA4,margin2.0,0.75,0.76,1.4318195833279472,0,14
7_transparent_FA_VisionCrack3,FA4,margin2.0,0.8,0.7921,1.4318195833279472,0,14
7_transparent_FA_VisionCrack3,FA4,margin2.0,0.85,0.8863,1.4318195833279472,0,14
7_transparent_FA_VisionCrack3,FA4,margin2.0,0.9,0.917,1.4318195833279472,0,14
7_transparent_FA_VisionCrack3,FA4,margin2.0,0.95,1.0661,1.4318195833279472,0,14
7_transparent_FA_VisionCrack3,FA4,margin2.0,1.0,1.0324,1.4318195833279472,0,14
7_transparent_FA_VisionCrack3,FA4,margin2.0,1.5,1.5961,1.4318195833279472,0,14
7_transparent_FA_VisionCrack3,FA4,margin2.0,2.0,2.079,1.4318195833279472,0,14
7_transparent_FA_VisionCrack3,FA4,margin2.0,2.5,2.5536,1.4318195833279472,0,14
7_transparent_FA_VisionCrack3,FA4,smooth15,0.5,0.4883,1.4318195833279472,0,14
7_transparent_FA_VisionCrack3,FA4,smooth15,0.55,0.5411,1.4318195833279472,0,14
7_transparent_FA_VisionCrack3,FA4,smooth15,0.6,0.6056,1.4318195833279472,0,14
7_transparent_FA_VisionCrack3,FA4,smooth15,0.65,0.6679,1.4318195833279472,0,14
7_transparent_FA_VisionCrack3,FA4,smooth15,0.7,0.6717,1.4318195833279472,0,14
7_transparent_FA_VisionCrack3,FA4,smooth15,0.75,0.7517,1.4318195833279472,0,14
7_transparent_FA_VisionCrack3,FA4,smooth15,0.8,0.7983,1.4318195833279472,0,14
7_transparent_FA_VisionCrack3,FA4,smooth15,0.85,0.8768,1.4318195833279472,0,14
7_transparent_FA_VisionCrack3,FA4,smooth15,0.9,0.9169,1.4318195833279472,0,14
7_transparent_FA_VisionCrack3,FA4,smooth15,0.95,1.0572,1.4318195833279472,0,14
7_transparent_FA_VisionCrack3,FA4,smooth15,1.0,1.0668,1.4318195833279472,0,14
7_transparent_FA_VisionCrack3,FA4,smooth15,1.5,1.5916,1.4318195833279472,0,14
7_transparent_FA_VisionCrack3,FA4,smooth15,2.0,2.0793,1.4318195833279472,0,14
7_transparent_FA_VisionCrack3,FA4,smooth15,2.5,2.5106,1.4318195833279472,0,14
7_transparent_FA_VisionCrack3,FA4,smooth35,0.5,0.4969,1.4318195833279472,0,14
7_transparent_FA_VisionCrack3,FA4,smooth35,0.55,0.5417,1.4318195833279472,0,14
7_transparent_FA_VisionCrack3,FA4,smooth35,0.6,0.6156,1.4318195833279472,0,14
7_transparent_FA_VisionCrack3,FA4,smooth35,0.65,0.6915,1.4318195833279472,0,14
7_transparent_FA_VisionCrack3,FA4,smooth35,0.7,0.6704,1.4318195833279472,0,14
7_transparent_FA_VisionCrack3,FA4,smooth35,0.75,0.7605,1.4318195833279472,0,14
7_transparent_FA_VisionCrack3,FA4,smooth35,0.8,0.7968,1.4318195833279472,0,14
7_transparent_FA_VisionCrack3,FA4,smooth35,0.85,0.8863,1.4318195833279472,0,14
7_transparent_FA_VisionCrack3,FA4,smooth35,0.9,0.9179,1.4318195833279472,0,14
7_transparent_FA_VisionCrack3,FA4,smooth35,0.95,1.0617,1.4318195833279472,0,14
7_transparent_FA_VisionCrack3,FA4,smooth35,1.0,1.0391,1.4318195833279472,0,14
7_transparent_FA_VisionCrack3,FA4,smooth35,1.5,1.6034,1.4318195833279472,0,14
7_transparent_FA_VisionCrack3,FA4,smooth35,2.0,2.0636,1.4318195833279472,0,14
7_transparent_FA_VisionCrack3,FA4,smooth35,2.5,2.5434,1.4318195833279472,0,14
7_transparent_FA_VisionCrack3,FA4,band0.60,0.5,0.4923,1.4318195833279472,0,14
7_transparent_FA_VisionCrack3,FA4,band0.60,0.55,0.5458,1.4318195833279472,0,14
7_transparent_FA_VisionCrack3,FA4,band0.60,0.6,0.6083,1.4318195833279472,0,14
7_transparent_FA_VisionCrack3,FA4,band0.60,0.65,0.6862,1.4318195833279472,0,14
7_transparent_FA_VisionCrack3,FA4,band0.60,0.7,0.6677,1.4318195833279472,0,14
7_transparent_FA_VisionCrack3,FA4,band0.60,0.75,0.7569,1.4318195833279472,0,14
7_transparent_FA_VisionCrack3,FA4,band0.60,0.8,0.7934,1.4318195833279472,0,14
7_transparent_FA_VisionCrack3,FA4,band0.60,0.85,0.8825,1.4318195833279472,0,14
7_transparent_FA_VisionCrack3,FA4,band0.60,0.9,0.9158,1.4318195833279472,0,14
7_transparent_FA_VisionCrack3,FA4,band0.60,0.95,1.0617,1.4318195833279472,0,14
7_transparent_FA_VisionCrack3,FA4,band0.60,1.0,1.0342,1.4318195833279472,0,14
7_transparent_FA_VisionCrack3,FA4,band0.60,1.5,1.5947,1.4318195833279472,0,14
7_transparent_FA_VisionCrack3,FA4,band0.60,2.0,2.0812,1.4318195833279472,0,14
7_transparent_FA_VisionCrack3,FA4,band0.60,2.5,2.5302,1.4318195833279472,0,14
7_transparent_FA_VisionCrack3,FA4,win0.4,0.5,0.4845,1.4318195833279472,0,14
7_transparent_FA_VisionCrack3,FA4,win0.4,0.55,0.5469,1.4318195833279472,0,14
7_transparent_FA_VisionCrack3,FA4,win0.4,0.6,0.6012,1.4318195833279472,0,14
7_transparent_FA_VisionCrack3,FA4,win0.4,0.65,0.6783,1.4318195833279472,0,14
7_transparent_FA_VisionCrack3,FA4,win0.4,0.7,0.6728,1.4318195833279472,0,14
7_transparent_FA_VisionCrack3,FA4,win0.4,0.75,0.7496,1.4318195833279472,0,14
7_transparent_FA_VisionCrack3,FA4,win0.4,0.8,0.7922,1.4318195833279472,0,14
7_transparent_FA_VisionCrack3,FA4,win0.4,0.85,0.8726,1.4318195833279472,0,14
7_transparent_FA_VisionCrack3,FA4,win0.4,0.9,0.8973,1.4318195833279472,0,14
7_transparent_FA_VisionCrack3,FA4,win0.4,0.95,1.0424,1.4318195833279472,0,14
7_transparent_FA_VisionCrack3,FA4,win0.4,1.0,1.0871,1.4318195833279472,0,14
7_transparent_FA_VisionCrack3,FA4,win0.4,1.5,1.5619,1.4318195833279472,0,14
7_transparent_FA_VisionCrack3,FA4,win0.4,2.0,2.0127,1.4318195833279472,0,14
7_transparent_FA_VisionCrack3,FA4,win0.4,2.5,2.4912,1.4318195833279472,0,14
7_transparent_FA_VisionCrack3,FA4,win0.8,0.5,0.5161,1.4318195833279472,0,14
7_transparent_FA_VisionCrack3,FA4,win0.8,0.55,0.5585,1.4318195833279472,0,14
7_transparent_FA_VisionCrack3,FA4,win0.8,0.6,0.6289,1.4318195833279472,0,14
7_transparent_FA_VisionCrack3,FA4,win0.8,0.65,0.7367,1.4318195833279472,0,14
7_transparent_FA_VisionCrack3,FA4,win0.8,0.7,0.6788,1.4318195833279472,0,14
7_transparent_FA_VisionCrack3,FA4,win0.8,0.75,0.8022,1.4318195833279472,0,14
7_transparent_FA_VisionCrack3,FA4,win0.8,0.8,0.7964,1.4318195833279472,0,14
7_transparent_FA_VisionCrack3,FA4,win0.8,0.85,0.887,1.4318195833279472,0,14
7_transparent_FA_VisionCrack3,FA4,win0.8,0.9,0.961,1.4318195833279472,0,14
7_transparent_FA_VisionCrack3,FA4,win0.8,0.95,1.0432,1.4318195833279472,0,14
7_transparent_FA_VisionCrack3,FA4,win0.8,1.0,1.1168,1.4318195833279472,0,14
7_transparent_FA_VisionCrack3,FA4,win0.8,1.5,1.6466,1.4318195833279472,0,14
7_transparent_FA_VisionCrack3,FA4,win0.8,2.0,2.1078,1.4318195833279472,0,14
7_transparent_FA_VisionCrack3,FA4,win0.8,2.5,2.4992,1.4318195833279472,0,14
7_transparent_FA_VisionCrack3,FA5,full,0.5,0.4907,1.3666673372354248,0,16
7_transparent_FA_VisionCrack3,FA5,full,0.55,0.5552,1.3666673372354248,0,16
7_transparent_FA_VisionCrack3,FA5,full,0.6,0.6247,1.3666673372354248,0,16
7_transparent_FA_VisionCrack3,FA5,full,0.65,0.733,1.3666673372354248,0,16
7_transparent_FA_VisionCrack3,FA5,full,0.7,0.6904,1.3666673372354248,0,16
7_transparent_FA_VisionCrack3,FA5,full,0.75,0.8453,1.3666673372354248,0,16
7_transparent_FA_VisionCrack3,FA5,full,0.8,0.7948,1.3666673372354248,0,16
7_transparent_FA_VisionCrack3,FA5,full,0.85,0.8773,1.3666673372354248,0,16
7_transparent_FA_VisionCrack3,FA5,full,0.9,1.1769,1.3666673372354248,0,16
7_transparent_FA_VisionCrack3,FA5,full,0.95,1.064,1.3666673372354248,0,16
7_transparent_FA_VisionCrack3,FA5,full,1.0,1.2284,1.3666673372354248,0,16
7_transparent_FA_VisionCrack3,FA5,full,1.5,1.5763,1.3666673372354248,0,16
7_transparent_FA_VisionCrack3,FA5,full,2.0,2.1958,1.3666673372354248,0,16
7_transparent_FA_VisionCrack3,FA5,full,2.5,2.5521,1.3666673372354248,0,16
7_transparent_FA_VisionCrack3,FA5,no_masked_bg,0.5,0.5039,1.3666673372354248,0,16
7_transparent_FA_VisionCrack3,FA5,no_masked_bg,0.55,0.5653,1.3666673372354248,0,16
7_transparent_FA_VisionCrack3,FA5,no_masked_bg,0.6,0.6437,1.3666673372354248,0,16
7_transparent_FA_VisionCrack3,FA5,no_masked_bg,0.65,0.7448,1.3666673372354248,0,16
7_transparent_FA_VisionCrack3,FA5,no_masked_bg,0.7,0.7169,1.3666673372354248,0,16
7_transparent_FA_VisionCrack3,FA5,no_masked_bg,0.75,0.8521,1.3666673372354248,0,16
7_transparent_FA_VisionCrack3,FA5,no_masked_bg,0.8,0.8058,1.3666673372354248,0,16
7_transparent_FA_VisionCrack3,FA5,no_masked_bg,0.85,0.883,1.3666673372354248,0,16
7_transparent_FA_VisionCrack3,FA5,no_masked_bg,0.9,1.3316,1.3666673372354248,0,16
7_transparent_FA_VisionCrack3,FA5,no_masked_bg,0.95,1.0676,1.3666673372354248,0,16
7_transparent_FA_VisionCrack3,FA5,no_masked_bg,1.0,1.2943,1.3666673372354248,0,16
7_transparent_FA_VisionCrack3,FA5,no_masked_bg,1.5,1.6073,1.3666673372354248,0,16
7_transparent_FA_VisionCrack3,FA5,no_masked_bg,2.0,2.4602,1.3666673372354248,0,16
7_transparent_FA_VisionCrack3,FA5,no_masked_bg,2.5,2.6364,1.3666673372354248,0,16
7_transparent_FA_VisionCrack3,FA5,lsf_sigma,0.5,0.4765,1.63250340089068,0,16
7_transparent_FA_VisionCrack3,FA5,lsf_sigma,0.55,0.5432,1.63250340089068,0,16
7_transparent_FA_VisionCrack3,FA5,lsf_sigma,0.6,0.6161,1.63250340089068,0,16
7_transparent_FA_VisionCrack3,FA5,lsf_sigma,0.65,0.7299,1.63250340089068,0,16
7_transparent_FA_VisionCrack3,FA5,lsf_sigma,0.7,0.6808,1.63250340089068,0,16
7_transparent_FA_VisionCrack3,FA5,lsf_sigma,0.75,0.8399,1.63250340089068,0,16
7_transparent_FA_VisionCrack3,FA5,lsf_sigma,0.8,0.7872,1.63250340089068,0,16
7_transparent_FA_VisionCrack3,FA5,lsf_sigma,0.85,0.8709,1.63250340089068,0,16
7_transparent_FA_VisionCrack3,FA5,lsf_sigma,0.9,1.2364,1.63250340089068,0,16
7_transparent_FA_VisionCrack3,FA5,lsf_sigma,0.95,1.0622,1.63250340089068,0,16
7_transparent_FA_VisionCrack3,FA5,lsf_sigma,1.0,1.2328,1.63250340089068,0,16
7_transparent_FA_VisionCrack3,FA5,lsf_sigma,1.5,1.5727,1.63250340089068,0,16
7_transparent_FA_VisionCrack3,FA5,lsf_sigma,2.0,2.2037,1.63250340089068,0,16
7_transparent_FA_VisionCrack3,FA5,lsf_sigma,2.5,2.5667,1.63250340089068,0,16
7_transparent_FA_VisionCrack3,FA5,no_deconv,0.5,0.4944,1.3666673372354248,0,16
7_transparent_FA_VisionCrack3,FA5,no_deconv,0.55,0.556,1.3666673372354248,0,16
7_transparent_FA_VisionCrack3,FA5,no_deconv,0.6,0.6231,1.3666673372354248,0,16
7_transparent_FA_VisionCrack3,FA5,no_deconv,0.65,0.7288,1.3666673372354248,0,16
7_transparent_FA_VisionCrack3,FA5,no_deconv,0.7,0.6871,1.3666673372354248,0,16
7_transparent_FA_VisionCrack3,FA5,no_deconv,0.75,0.8396,1.3666673372354248,0,16
7_transparent_FA_VisionCrack3,FA5,no_deconv,0.8,0.7897,1.3666673372354248,0,16
7_transparent_FA_VisionCrack3,FA5,no_deconv,0.85,0.8713,1.3666673372354248,0,16
7_transparent_FA_VisionCrack3,FA5,no_deconv,0.9,1.1699,1.3666673372354248,0,16
7_transparent_FA_VisionCrack3,FA5,no_deconv,0.95,1.0571,1.3666673372354248,0,16
7_transparent_FA_VisionCrack3,FA5,no_deconv,1.0,1.2215,1.3666673372354248,0,16
7_transparent_FA_VisionCrack3,FA5,no_deconv,1.5,1.5708,1.3666673372354248,0,16
7_transparent_FA_VisionCrack3,FA5,no_deconv,2.0,2.1955,1.3666673372354248,0,16
7_transparent_FA_VisionCrack3,FA5,no_deconv,2.5,2.5554,1.3666673372354248,0,16
7_transparent_FA_VisionCrack3,FA5,rev3_window,0.5,0.5393,1.3666673372354248,0,14
7_transparent_FA_VisionCrack3,FA5,rev3_window,0.55,0.6041,1.3666673372354248,0,14
7_transparent_FA_VisionCrack3,FA5,rev3_window,0.6,0.6554,1.3666673372354248,0,14
7_transparent_FA_VisionCrack3,FA5,rev3_window,0.65,0.7211,1.3666673372354248,0,14
7_transparent_FA_VisionCrack3,FA5,rev3_window,0.7,0.6959,1.3666673372354248,0,14
7_transparent_FA_VisionCrack3,FA5,rev3_window,0.75,0.8556,1.3666673372354248,0,14
7_transparent_FA_VisionCrack3,FA5,rev3_window,0.8,0.8149,1.3666673372354248,0,14
7_transparent_FA_VisionCrack3,FA5,rev3_window,0.85,0.9067,1.3666673372354248,0,14
7_transparent_FA_VisionCrack3,FA5,rev3_window,0.9,1.326,1.3666673372354248,0,14
7_transparent_FA_VisionCrack3,FA5,rev3_window,0.95,1.0508,1.3666673372354248,0,14
7_transparent_FA_VisionCrack3,FA5,rev3_window,1.0,1.411,1.3666673372354248,0,14
7_transparent_FA_VisionCrack3,FA5,rev3_window,1.5,1.6367,1.3666673372354248,0,14
7_transparent_FA_VisionCrack3,FA5,rev3_window,2.0,2.1439,1.3666673372354248,0,14
7_transparent_FA_VisionCrack3,FA5,rev3_window,2.5,2.494,1.3666673372354248,0,14
7_transparent_FA_VisionCrack3,FA5,margin1.0,0.5,0.4887,1.3666673372354248,0,16
7_transparent_FA_VisionCrack3,FA5,margin1.0,0.55,0.558,1.3666673372354248,0,16
7_transparent_FA_VisionCrack3,FA5,margin1.0,0.6,0.6227,1.3666673372354248,0,16
7_transparent_FA_VisionCrack3,FA5,margin1.0,0.65,0.7278,1.3666673372354248,0,16
7_transparent_FA_VisionCrack3,FA5,margin1.0,0.7,0.689,1.3666673372354248,0,16
7_transparent_FA_VisionCrack3,FA5,margin1.0,0.75,0.8428,1.3666673372354248,0,16
7_transparent_FA_VisionCrack3,FA5,margin1.0,0.8,0.799,1.3666673372354248,0,16
7_transparent_FA_VisionCrack3,FA5,margin1.0,0.85,0.8763,1.3666673372354248,0,16
7_transparent_FA_VisionCrack3,FA5,margin1.0,0.9,1.0074,1.3666673372354248,0,16
7_transparent_FA_VisionCrack3,FA5,margin1.0,0.95,1.0606,1.3666673372354248,0,16
7_transparent_FA_VisionCrack3,FA5,margin1.0,1.0,1.226,1.3666673372354248,0,16
7_transparent_FA_VisionCrack3,FA5,margin1.0,1.5,1.58,1.3666673372354248,0,16
7_transparent_FA_VisionCrack3,FA5,margin1.0,2.0,2.1852,1.3666673372354248,0,16
7_transparent_FA_VisionCrack3,FA5,margin1.0,2.5,2.5352,1.3666673372354248,0,16
7_transparent_FA_VisionCrack3,FA5,margin2.0,0.5,0.4912,1.3666673372354248,0,16
7_transparent_FA_VisionCrack3,FA5,margin2.0,0.55,0.556,1.3666673372354248,0,16
7_transparent_FA_VisionCrack3,FA5,margin2.0,0.6,0.6272,1.3666673372354248,0,16
7_transparent_FA_VisionCrack3,FA5,margin2.0,0.65,0.7389,1.3666673372354248,0,16
7_transparent_FA_VisionCrack3,FA5,margin2.0,0.7,0.6906,1.3666673372354248,0,16
7_transparent_FA_VisionCrack3,FA5,margin2.0,0.75,0.8475,1.3666673372354248,0,16
7_transparent_FA_VisionCrack3,FA5,margin2.0,0.8,0.7954,1.3666673372354248,0,16
7_transparent_FA_VisionCrack3,FA5,margin2.0,0.85,0.8781,1.3666673372354248,0,16
7_transparent_FA_VisionCrack3,FA5,margin2.0,0.9,1.2405,1.3666673372354248,0,16
7_transparent_FA_VisionCrack3,FA5,margin2.0,0.95,1.0676,1.3666673372354248,0,16
7_transparent_FA_VisionCrack3,FA5,margin2.0,1.0,1.237,1.3666673372354248,0,16
7_transparent_FA_VisionCrack3,FA5,margin2.0,1.5,1.575,1.3666673372354248,0,16
7_transparent_FA_VisionCrack3,FA5,margin2.0,2.0,2.2037,1.3666673372354248,0,16
7_transparent_FA_VisionCrack3,FA5,margin2.0,2.5,2.5657,1.3666673372354248,0,16
7_transparent_FA_VisionCrack3,FA5,smooth15,0.5,0.489,1.3666673372354248,0,16
7_transparent_FA_VisionCrack3,FA5,smooth15,0.55,0.5551,1.3666673372354248,0,16
7_transparent_FA_VisionCrack3,FA5,smooth15,0.6,0.6167,1.3666673372354248,0,16
7_transparent_FA_VisionCrack3,FA5,smooth15,0.65,0.7168,1.3666673372354248,0,16
7_transparent_FA_VisionCrack3,FA5,smooth15,0.7,0.6923,1.3666673372354248,0,16
7_transparent_FA_VisionCrack3,FA5,smooth15,0.75,0.8371,1.3666673372354248,0,16
7_transparent_FA_VisionCrack3,FA5,smooth15,0.8,0.8009,1.3666673372354248,0,16
7_transparent_FA_VisionCrack3,FA5,smooth15,0.85,0.8737,1.3666673372354248,0,16
7_transparent_FA_VisionCrack3,FA5,smooth15,0.9,1.0246,1.3666673372354248,0,16
7_transparent_FA_VisionCrack3,FA5,smooth15,0.95,1.06,1.3666673372354248,0,16
7_transparent_FA_VisionCrack3,FA5,smooth15,1.0,1.2413,1.3666673372354248,0,16
7_transparent_FA_VisionCrack3,FA5,smooth15,1.5,1.5802,1.3666673372354248,0,16
7_transparent_FA_VisionCrack3,FA5,smooth15,2.0,2.1932,1.3666673372354248,0,16
7_transparent_FA_VisionCrack3,FA5,smooth15,2.5,2.5277,1.3666673372354248,0,16
7_transparent_FA_VisionCrack3,FA5,smooth35,0.5,0.4921,1.3666673372354248,0,16
7_transparent_FA_VisionCrack3,FA5,smooth35,0.55,0.559,1.3666673372354248,0,16
7_transparent_FA_VisionCrack3,FA5,smooth35,0.6,0.6302,1.3666673372354248,0,16
7_transparent_FA_VisionCrack3,FA5,smooth35,0.65,0.7341,1.3666673372354248,0,16
7_transparent_FA_VisionCrack3,FA5,smooth35,0.7,0.7022,1.3666673372354248,0,16
7_transparent_FA_VisionCrack3,FA5,smooth35,0.75,0.8472,1.3666673372354248,0,16
7_transparent_FA_VisionCrack3,FA5,smooth35,0.8,0.7941,1.3666673372354248,0,16
7_transparent_FA_VisionCrack3,FA5,smooth35,0.85,0.882,1.3666673372354248,0,16
7_transparent_FA_VisionCrack3,FA5,smooth35,0.9,1.2658,1.3666673372354248,0,16
7_transparent_FA_VisionCrack3,FA5,smooth35,0.95,1.0661,1.3666673372354248,0,16
7_transparent_FA_VisionCrack3,FA5,smooth35,1.0,1.2661,1.3666673372354248,0,16
7_transparent_FA_VisionCrack3,FA5,smooth35,1.5,1.5796,1.3666673372354248,0,16
7_transparent_FA_VisionCrack3,FA5,smooth35,2.0,2.2297,1.3666673372354248,0,16
7_transparent_FA_VisionCrack3,FA5,smooth35,2.5,2.5785,1.3666673372354248,0,16
7_transparent_FA_VisionCrack3,FA5,band0.60,0.5,0.4907,1.3666673372354248,0,16
7_transparent_FA_VisionCrack3,FA5,band0.60,0.55,0.5552,1.3666673372354248,0,16
7_transparent_FA_VisionCrack3,FA5,band0.60,0.6,0.6247,1.3666673372354248,0,16
7_transparent_FA_VisionCrack3,FA5,band0.60,0.65,0.733,1.3666673372354248,0,16
7_transparent_FA_VisionCrack3,FA5,band0.60,0.7,0.6904,1.3666673372354248,0,16
7_transparent_FA_VisionCrack3,FA5,band0.60,0.75,0.8453,1.3666673372354248,0,16
7_transparent_FA_VisionCrack3,FA5,band0.60,0.8,0.7948,1.3666673372354248,0,16
7_transparent_FA_VisionCrack3,FA5,band0.60,0.85,0.8773,1.3666673372354248,0,16
7_transparent_FA_VisionCrack3,FA5,band0.60,0.9,1.1769,1.3666673372354248,0,16
7_transparent_FA_VisionCrack3,FA5,band0.60,0.95,1.064,1.3666673372354248,0,16
7_transparent_FA_VisionCrack3,FA5,band0.60,1.0,1.2284,1.3666673372354248,0,16
7_transparent_FA_VisionCrack3,FA5,band0.60,1.5,1.5763,1.3666673372354248,0,16
7_transparent_FA_VisionCrack3,FA5,band0.60,2.0,2.1958,1.3666673372354248,0,16
7_transparent_FA_VisionCrack3,FA5,band0.60,2.5,2.5521,1.3666673372354248,0,16
7_transparent_FA_VisionCrack3,FA5,win0.4,0.5,0.4907,1.3666673372354248,0,16
7_transparent_FA_VisionCrack3,FA5,win0.4,0.55,0.5482,1.3666673372354248,0,16
7_transparent_FA_VisionCrack3,FA5,win0.4,0.6,0.5981,1.3666673372354248,0,16
7_transparent_FA_VisionCrack3,FA5,win0.4,0.65,0.7003,1.3666673372354248,0,16
7_transparent_FA_VisionCrack3,FA5,win0.4,0.7,0.6721,1.3666673372354248,0,16
7_transparent_FA_VisionCrack3,FA5,win0.4,0.75,0.7613,1.3666673372354248,0,16
7_transparent_FA_VisionCrack3,FA5,win0.4,0.8,0.8011,1.3666673372354248,0,16
7_transparent_FA_VisionCrack3,FA5,win0.4,0.85,0.8702,1.3666673372354248,0,16
7_transparent_FA_VisionCrack3,FA5,win0.4,0.9,1.1502,1.3666673372354248,0,16
7_transparent_FA_VisionCrack3,FA5,win0.4,0.95,1.0454,1.3666673372354248,0,16
7_transparent_FA_VisionCrack3,FA5,win0.4,1.0,1.311,1.3666673372354248,0,16
7_transparent_FA_VisionCrack3,FA5,win0.4,1.5,1.5651,1.3666673372354248,0,16
7_transparent_FA_VisionCrack3,FA5,win0.4,2.0,2.0298,1.3666673372354248,0,16
7_transparent_FA_VisionCrack3,FA5,win0.4,2.5,2.5624,1.3666673372354248,0,16
7_transparent_FA_VisionCrack3,FA5,win0.8,0.5,0.4995,1.3666673372354248,0,16
7_transparent_FA_VisionCrack3,FA5,win0.8,0.55,0.5595,1.3666673372354248,0,16
7_transparent_FA_VisionCrack3,FA5,win0.8,0.6,0.674,1.3666673372354248,0,16
7_transparent_FA_VisionCrack3,FA5,win0.8,0.65,0.7899,1.3666673372354248,0,16
7_transparent_FA_VisionCrack3,FA5,win0.8,0.7,0.6922,1.3666673372354248,0,16
7_transparent_FA_VisionCrack3,FA5,win0.8,0.75,0.8439,1.3666673372354248,0,16
7_transparent_FA_VisionCrack3,FA5,win0.8,0.8,0.7938,1.3666673372354248,0,16
7_transparent_FA_VisionCrack3,FA5,win0.8,0.85,0.8725,1.3666673372354248,0,16
7_transparent_FA_VisionCrack3,FA5,win0.8,0.9,1.2415,1.3666673372354248,0,16
7_transparent_FA_VisionCrack3,FA5,win0.8,0.95,1.0581,1.3666673372354248,0,16
7_transparent_FA_VisionCrack3,FA5,win0.8,1.0,1.269,1.3666673372354248,0,16
7_transparent_FA_VisionCrack3,FA5,win0.8,1.5,1.6843,1.3666673372354248,0,16
7_transparent_FA_VisionCrack3,FA5,win0.8,2.0,2.1592,1.3666673372354248,0,16
7_transparent_FA_VisionCrack3,FA5,win0.8,2.5,2.5473,1.3666673372354248,0,16
7_transparent_FA_VisionCrack3,FA6,full,0.5,0.4738,1.5280285593628267,0,15
7_transparent_FA_VisionCrack3,FA6,full,0.55,0.5367,1.5280285593628267,0,15
7_transparent_FA_VisionCrack3,FA6,full,0.6,0.5908,1.5280285593628267,0,15
7_transparent_FA_VisionCrack3,FA6,full,0.65,0.7262,1.5280285593628267,0,15
7_transparent_FA_VisionCrack3,FA6,full,0.7,0.6641,1.5280285593628267,0,15
7_transparent_FA_VisionCrack3,FA6,full,0.75,0.7581,1.5280285593628267,0,15
7_transparent_FA_VisionCrack3,FA6,full,0.8,0.7869,1.5280285593628267,0,15
7_transparent_FA_VisionCrack3,FA6,full,0.85,0.8833,1.5280285593628267,0,15
7_transparent_FA_VisionCrack3,FA6,full,0.9,1.1073,1.5280285593628267,0,15
7_transparent_FA_VisionCrack3,FA6,full,0.95,1.0663,1.5280285593628267,0,15
7_transparent_FA_VisionCrack3,FA6,full,1.0,1.2084,1.5280285593628267,0,15
7_transparent_FA_VisionCrack3,FA6,full,1.5,1.5849,1.5280285593628267,0,15
7_transparent_FA_VisionCrack3,FA6,full,2.0,2.1252,1.5280285593628267,0,15
7_transparent_FA_VisionCrack3,FA6,full,2.5,2.5683,1.5280285593628267,0,15
7_transparent_FA_VisionCrack3,FA6,no_masked_bg,0.5,0.4811,1.5280285593628267,0,15
7_transparent_FA_VisionCrack3,FA6,no_masked_bg,0.55,0.5447,1.5280285593628267,0,15
7_transparent_FA_VisionCrack3,FA6,no_masked_bg,0.6,0.6134,1.5280285593628267,0,15
7_transparent_FA_VisionCrack3,FA6,no_masked_bg,0.65,0.7531,1.5280285593628267,0,15
7_transparent_FA_VisionCrack3,FA6,no_masked_bg,0.7,0.6751,1.5280285593628267,0,15
7_transparent_FA_VisionCrack3,FA6,no_masked_bg,0.75,0.7695,1.5280285593628267,0,15
7_transparent_FA_VisionCrack3,FA6,no_masked_bg,0.8,0.79,1.5280285593628267,0,15
7_transparent_FA_VisionCrack3,FA6,no_masked_bg,0.85,0.8884,1.5280285593628267,0,15
7_transparent_FA_VisionCrack3,FA6,no_masked_bg,0.9,1.2401,1.5280285593628267,0,15
7_transparent_FA_VisionCrack3,FA6,no_masked_bg,0.95,1.0802,1.5280285593628267,0,15
7_transparent_FA_VisionCrack3,FA6,no_masked_bg,1.0,1.292,1.5280285593628267,0,15
7_transparent_FA_VisionCrack3,FA6,no_masked_bg,1.5,1.6239,1.5280285593628267,0,15
7_transparent_FA_VisionCrack3,FA6,no_masked_bg,2.0,2.3395,1.5280285593628267,0,15
7_transparent_FA_VisionCrack3,FA6,no_masked_bg,2.5,2.7614,1.5280285593628267,0,15
7_transparent_FA_VisionCrack3,FA6,lsf_sigma,0.5,0.4659,1.7025814175849319,0,15
7_transparent_FA_VisionCrack3,FA6,lsf_sigma,0.55,0.5282,1.7025814175849319,0,15
7_transparent_FA_VisionCrack3,FA6,lsf_sigma,0.6,0.5834,1.7025814175849319,0,15
7_transparent_FA_VisionCrack3,FA6,lsf_sigma,0.65,0.7162,1.7025814175849319,0,15
7_transparent_FA_VisionCrack3,FA6,lsf_sigma,0.7,0.6589,1.7025814175849319,0,15
7_transparent_FA_VisionCrack3,FA6,lsf_sigma,0.75,0.7549,1.7025814175849319,0,15
7_transparent_FA_VisionCrack3,FA6,lsf_sigma,0.8,0.7826,1.7025814175849319,0,15
7_transparent_FA_VisionCrack3,FA6,lsf_sigma,0.85,0.8822,1.7025814175849319,0,15
7_transparent_FA_VisionCrack3,FA6,lsf_sigma,0.9,1.1306,1.7025814175849319,0,15
7_transparent_FA_VisionCrack3,FA6,lsf_sigma,0.95,1.0735,1.7025814175849319,0,15
7_transparent_FA_VisionCrack3,FA6,lsf_sigma,1.0,1.1442,1.7025814175849319,0,15
7_transparent_FA_VisionCrack3,FA6,lsf_sigma,1.5,1.5917,1.7025814175849319,0,15
7_transparent_FA_VisionCrack3,FA6,lsf_sigma,2.0,2.1288,1.7025814175849319,0,15
7_transparent_FA_VisionCrack3,FA6,lsf_sigma,2.5,2.588,1.7025814175849319,0,15
7_transparent_FA_VisionCrack3,FA6,no_deconv,0.5,0.4933,1.5280285593628267,0,15
7_transparent_FA_VisionCrack3,FA6,no_deconv,0.55,0.5522,1.5280285593628267,0,15
7_transparent_FA_VisionCrack3,FA6,no_deconv,0.6,0.6035,1.5280285593628267,0,15
7_transparent_FA_VisionCrack3,FA6,no_deconv,0.65,0.7343,1.5280285593628267,0,15
7_transparent_FA_VisionCrack3,FA6,no_deconv,0.7,0.6741,1.5280285593628267,0,15
7_transparent_FA_VisionCrack3,FA6,no_deconv,0.75,0.7654,1.5280285593628267,0,15
7_transparent_FA_VisionCrack3,FA6,no_deconv,0.8,0.7936,1.5280285593628267,0,15
7_transparent_FA_VisionCrack3,FA6,no_deconv,0.85,0.8884,1.5280285593628267,0,15
7_transparent_FA_VisionCrack3,FA6,no_deconv,0.9,1.1106,1.5280285593628267,0,15
7_transparent_FA_VisionCrack3,FA6,no_deconv,0.95,1.0698,1.5280285593628267,0,15
7_transparent_FA_VisionCrack3,FA6,no_deconv,1.0,1.2115,1.5280285593628267,0,15
7_transparent_FA_VisionCrack3,FA6,no_deconv,1.5,1.589,1.5280285593628267,0,15
7_transparent_FA_VisionCrack3,FA6,no_deconv,2.0,2.1336,1.5280285593628267,0,15
7_transparent_FA_VisionCrack3,FA6,no_deconv,2.5,2.5812,1.5280285593628267,0,15
7_transparent_FA_VisionCrack3,FA6,rev3_window,0.5,0.4734,1.5280285593628267,0,19
7_transparent_FA_VisionCrack3,FA6,rev3_window,0.55,0.4453,1.5280285593628267,0,19
7_transparent_FA_VisionCrack3,FA6,rev3_window,0.6,0.6331,1.5280285593628267,0,19
7_transparent_FA_VisionCrack3,FA6,rev3_window,0.65,0.6853,1.5280285593628267,0,19
7_transparent_FA_VisionCrack3,FA6,rev3_window,0.7,0.6705,1.5280285593628267,0,19
7_transparent_FA_VisionCrack3,FA6,rev3_window,0.75,0.7757,1.5280285593628267,0,19
7_transparent_FA_VisionCrack3,FA6,rev3_window,0.8,0.7954,1.5280285593628267,0,19
7_transparent_FA_VisionCrack3,FA6,rev3_window,0.85,0.8945,1.5280285593628267,0,19
7_transparent_FA_VisionCrack3,FA6,rev3_window,0.9,1.3679,1.5280285593628267,0,19
7_transparent_FA_VisionCrack3,FA6,rev3_window,0.95,1.0619,1.5280285593628267,0,19
7_transparent_FA_VisionCrack3,FA6,rev3_window,1.0,1.4074,1.5280285593628267,0,19
7_transparent_FA_VisionCrack3,FA6,rev3_window,1.5,1.6683,1.5280285593628267,0,19
7_transparent_FA_VisionCrack3,FA6,rev3_window,2.0,2.823,1.5280285593628267,0,19
7_transparent_FA_VisionCrack3,FA6,rev3_window,2.5,2.6364,1.5280285593628267,0,19
7_transparent_FA_VisionCrack3,FA6,margin1.0,0.5,0.4741,1.5280285593628267,0,15
7_transparent_FA_VisionCrack3,FA6,margin1.0,0.55,0.5383,1.5280285593628267,0,15
7_transparent_FA_VisionCrack3,FA6,margin1.0,0.6,0.5892,1.5280285593628267,0,15
7_transparent_FA_VisionCrack3,FA6,margin1.0,0.65,0.7241,1.5280285593628267,0,15
7_transparent_FA_VisionCrack3,FA6,margin1.0,0.7,0.6645,1.5280285593628267,0,15
7_transparent_FA_VisionCrack3,FA6,margin1.0,0.75,0.7569,1.5280285593628267,0,15
7_transparent_FA_VisionCrack3,FA6,margin1.0,0.8,0.788,1.5280285593628267,0,15
7_transparent_FA_VisionCrack3,FA6,margin1.0,0.85,0.8801,1.5280285593628267,0,15
7_transparent_FA_VisionCrack3,FA6,margin1.0,0.9,1.0882,1.5280285593628267,0,15
7_transparent_FA_VisionCrack3,FA6,margin1.0,0.95,1.0667,1.5280285593628267,0,15
7_transparent_FA_VisionCrack3,FA6,margin1.0,1.0,1.1521,1.5280285593628267,0,15
7_transparent_FA_VisionCrack3,FA6,margin1.0,1.5,1.5941,1.5280285593628267,0,15
7_transparent_FA_VisionCrack3,FA6,margin1.0,2.0,2.128,1.5280285593628267,0,15
7_transparent_FA_VisionCrack3,FA6,margin1.0,2.5,2.564,1.5280285593628267,0,15
7_transparent_FA_VisionCrack3,FA6,margin2.0,0.5,0.4781,1.5280285593628267,0,15
7_transparent_FA_VisionCrack3,FA6,margin2.0,0.55,0.5369,1.5280285593628267,0,15
7_transparent_FA_VisionCrack3,FA6,margin2.0,0.6,0.5925,1.5280285593628267,0,15
7_transparent_FA_VisionCrack3,FA6,margin2.0,0.65,0.7272,1.5280285593628267,0,15
7_transparent_FA_VisionCrack3,FA6,margin2.0,0.7,0.6643,1.5280285593628267,0,15
7_transparent_FA_VisionCrack3,FA6,margin2.0,0.75,0.7623,1.5280285593628267,0,15
7_transparent_FA_VisionCrack3,FA6,margin2.0,0.8,0.7875,1.5280285593628267,0,15
7_transparent_FA_VisionCrack3,FA6,margin2.0,0.85,0.8875,1.5280285593628267,0,15
7_transparent_FA_VisionCrack3,FA6,margin2.0,0.9,1.1371,1.5280285593628267,0,15
7_transparent_FA_VisionCrack3,FA6,margin2.0,0.95,1.0744,1.5280285593628267,0,15
7_transparent_FA_VisionCrack3,FA6,margin2.0,1.0,1.1574,1.5280285593628267,0,15
7_transparent_FA_VisionCrack3,FA6,margin2.0,1.5,1.5913,1.5280285593628267,0,15
7_transparent_FA_VisionCrack3,FA6,margin2.0,2.0,2.1252,1.5280285593628267,0,15
7_transparent_FA_VisionCrack3,FA6,margin2.0,2.5,2.5934,1.5280285593628267,0,15
7_transparent_FA_VisionCrack3,FA6,smooth15,0.5,0.4686,1.5280285593628267,0,15
7_transparent_FA_VisionCrack3,FA6,smooth15,0.55,0.5316,1.5280285593628267,0,15
7_transparent_FA_VisionCrack3,FA6,smooth15,0.6,0.5864,1.5280285593628267,0,15
7_transparent_FA_VisionCrack3,FA6,smooth15,0.65,0.6928,1.5280285593628267,0,15
7_transparent_FA_VisionCrack3,FA6,smooth15,0.7,0.6677,1.5280285593628267,0,15
7_transparent_FA_VisionCrack3,FA6,smooth15,0.75,0.755,1.5280285593628267,0,15
7_transparent_FA_VisionCrack3,FA6,smooth15,0.8,0.7886,1.5280285593628267,0,15
7_transparent_FA_VisionCrack3,FA6,smooth15,0.85,0.8765,1.5280285593628267,0,15
7_transparent_FA_VisionCrack3,FA6,smooth15,0.9,1.0036,1.5280285593628267,0,15
7_transparent_FA_VisionCrack3,FA6,smooth15,0.95,1.0619,1.5280285593628267,0,15
7_transparent_FA_VisionCrack3,FA6,smooth15,1.0,1.2389,1.5280285593628267,0,15
7_transparent_FA_VisionCrack3,FA6,smooth15,1.5,1.5836,1.5280285593628267,0,15
7_transparent_FA_VisionCrack3,FA6,smooth15,2.0,2.1147,1.5280285593628267,0,15
7_transparent_FA_VisionCrack3,FA6,smooth15,2.5,2.5413,1.5280285593628267,0,15
7_transparent_FA_VisionCrack3,FA6,smooth35,0.5,0.4768,1.5280285593628267,0,15
7_transparent_FA_VisionCrack3,FA6,smooth35,0.55,0.5392,1.5280285593628267,0,15
7_transparent_FA_VisionCrack3,FA6,smooth35,0.6,0.5993,1.5280285593628267,0,15
7_transparent_FA_VisionCrack3,FA6,smooth35,0.65,0.7203,1.5280285593628267,0,15
7_transparent_FA_VisionCrack3,FA6,smooth35,0.7,0.6673,1.5280285593628267,0,15
7_transparent_FA_VisionCrack3,FA6,smooth35,0.75,0.7651,1.5280285593628267,0,15
7_transparent_FA_VisionCrack3,FA6,smooth35,0.8,0.7861,1.5280285593628267,0,15
7_transparent_FA_VisionCrack3,FA6,smooth35,0.85,0.8863,1.5280285593628267,0,15
7_transparent_FA_VisionCrack3,FA6,smooth35,0.9,1.168,1.5280285593628267,0,15
7_transparent_FA_VisionCrack3,FA6,smooth35,0.95,1.0731,1.5280285593628267,0,15
7_transparent_FA_VisionCrack3,FA6,smooth35,1.0,1.227,1.5280285593628267,0,15
7_transparent_FA_VisionCrack3,FA6,smooth35,1.5,1.5939,1.5280285593628267,0,15
7_transparent_FA_VisionCrack3,FA6,smooth35,2.0,2.1347,1.5280285593628267,0,15
7_transparent_FA_VisionCrack3,FA6,smooth35,2.5,2.5948,1.5280285593628267,0,15
7_transparent_FA_VisionCrack3,FA6,band0.60,0.5,0.4738,1.5280285593628267,0,15
7_transparent_FA_VisionCrack3,FA6,band0.60,0.55,0.5367,1.5280285593628267,0,15
7_transparent_FA_VisionCrack3,FA6,band0.60,0.6,0.5908,1.5280285593628267,0,15
7_transparent_FA_VisionCrack3,FA6,band0.60,0.65,0.7262,1.5280285593628267,0,15
7_transparent_FA_VisionCrack3,FA6,band0.60,0.7,0.6641,1.5280285593628267,0,15
7_transparent_FA_VisionCrack3,FA6,band0.60,0.75,0.7581,1.5280285593628267,0,15
7_transparent_FA_VisionCrack3,FA6,band0.60,0.8,0.7869,1.5280285593628267,0,15
7_transparent_FA_VisionCrack3,FA6,band0.60,0.85,0.8833,1.5280285593628267,0,15
7_transparent_FA_VisionCrack3,FA6,band0.60,0.9,1.1073,1.5280285593628267,0,15
7_transparent_FA_VisionCrack3,FA6,band0.60,0.95,1.0663,1.5280285593628267,0,15
7_transparent_FA_VisionCrack3,FA6,band0.60,1.0,1.2084,1.5280285593628267,0,15
7_transparent_FA_VisionCrack3,FA6,band0.60,1.5,1.5849,1.5280285593628267,0,15
7_transparent_FA_VisionCrack3,FA6,band0.60,2.0,2.1252,1.5280285593628267,0,15
7_transparent_FA_VisionCrack3,FA6,band0.60,2.5,2.5683,1.5280285593628267,0,15
7_transparent_FA_VisionCrack3,FA6,win0.4,0.5,0.4738,1.5280285593628267,0,15
7_transparent_FA_VisionCrack3,FA6,win0.4,0.55,0.5279,1.5280285593628267,0,15
7_transparent_FA_VisionCrack3,FA6,win0.4,0.6,0.5798,1.5280285593628267,0,15
7_transparent_FA_VisionCrack3,FA6,win0.4,0.65,0.6815,1.5280285593628267,0,15
7_transparent_FA_VisionCrack3,FA6,win0.4,0.7,0.6626,1.5280285593628267,0,15
7_transparent_FA_VisionCrack3,FA6,win0.4,0.75,0.7488,1.5280285593628267,0,15
7_transparent_FA_VisionCrack3,FA6,win0.4,0.8,0.7918,1.5280285593628267,0,15
7_transparent_FA_VisionCrack3,FA6,win0.4,0.85,0.8649,1.5280285593628267,0,15
7_transparent_FA_VisionCrack3,FA6,win0.4,0.9,0.9463,1.5280285593628267,0,15
7_transparent_FA_VisionCrack3,FA6,win0.4,0.95,1.0506,1.5280285593628267,0,15
7_transparent_FA_VisionCrack3,FA6,win0.4,1.0,1.2263,1.5280285593628267,0,15
7_transparent_FA_VisionCrack3,FA6,win0.4,1.5,1.5689,1.5280285593628267,0,15
7_transparent_FA_VisionCrack3,FA6,win0.4,2.0,2.0452,1.5280285593628267,0,15
7_transparent_FA_VisionCrack3,FA6,win0.4,2.5,2.5418,1.5280285593628267,0,15
7_transparent_FA_VisionCrack3,FA6,win0.8,0.5,0.4994,1.5280285593628267,0,15
7_transparent_FA_VisionCrack3,FA6,win0.8,0.55,0.5574,1.5280285593628267,0,15
7_transparent_FA_VisionCrack3,FA6,win0.8,0.6,0.6358,1.5280285593628267,0,15
7_transparent_FA_VisionCrack3,FA6,win0.8,0.65,0.8033,1.5280285593628267,0,15
7_transparent_FA_VisionCrack3,FA6,win0.8,0.7,0.6757,1.5280285593628267,0,15
7_transparent_FA_VisionCrack3,FA6,win0.8,0.75,0.8346,1.5280285593628267,0,15
7_transparent_FA_VisionCrack3,FA6,win0.8,0.8,0.7879,1.5280285593628267,0,15
7_transparent_FA_VisionCrack3,FA6,win0.8,0.85,0.8777,1.5280285593628267,0,15
7_transparent_FA_VisionCrack3,FA6,win0.8,0.9,1.0398,1.5280285593628267,0,15
7_transparent_FA_VisionCrack3,FA6,win0.8,0.95,1.0447,1.5280285593628267,0,15
7_transparent_FA_VisionCrack3,FA6,win0.8,1.0,1.2193,1.5280285593628267,0,15
7_transparent_FA_VisionCrack3,FA6,win0.8,1.5,1.7082,1.5280285593628267,0,15
7_transparent_FA_VisionCrack3,FA6,win0.8,2.0,2.1988,1.5280285593628267,0,15
7_transparent_FA_VisionCrack3,FA6,win0.8,2.5,2.5426,1.5280285593628267,0,15
7_transparent_FA_VisionCrack3,FA7,full,0.5,0.4942,1.5689183201113042,0,15
7_transparent_FA_VisionCrack3,FA7,full,0.55,0.5493,1.5689183201113042,0,15
7_transparent_FA_VisionCrack3,FA7,full,0.6,0.6306,1.5689183201113042,0,15
7_transparent_FA_VisionCrack3,FA7,full,0.65,0.6896,1.5689183201113042,0,15
7_transparent_FA_VisionCrack3,FA7,full,0.7,0.672,1.5689183201113042,0,15
7_transparent_FA_VisionCrack3,FA7,full,0.75,0.7868,1.5689183201113042,0,15
7_transparent_FA_VisionCrack3,FA7,full,0.8,0.8073,1.5689183201113042,0,15
7_transparent_FA_VisionCrack3,FA7,full,0.85,0.9035,1.5689183201113042,0,15
7_transparent_FA_VisionCrack3,FA7,full,0.9,1.1016,1.5689183201113042,0,15
7_transparent_FA_VisionCrack3,FA7,full,0.95,1.0862,1.5689183201113042,0,15
7_transparent_FA_VisionCrack3,FA7,full,1.0,1.112,1.5689183201113042,0,15
7_transparent_FA_VisionCrack3,FA7,full,1.5,1.6492,1.5689183201113042,0,15
7_transparent_FA_VisionCrack3,FA7,full,2.0,2.2298,1.5689183201113042,0,15
7_transparent_FA_VisionCrack3,FA7,full,2.5,2.6461,1.5689183201113042,0,15
7_transparent_FA_VisionCrack3,FA7,no_masked_bg,0.5,0.5098,1.5689183201113042,0,15
7_transparent_FA_VisionCrack3,FA7,no_masked_bg,0.55,0.5567,1.5689183201113042,0,15
7_transparent_FA_VisionCrack3,FA7,no_masked_bg,0.6,0.6509,1.5689183201113042,0,15
7_transparent_FA_VisionCrack3,FA7,no_masked_bg,0.65,0.6953,1.5689183201113042,0,15
7_transparent_FA_VisionCrack3,FA7,no_masked_bg,0.7,0.69,1.5689183201113042,0,15
7_transparent_FA_VisionCrack3,FA7,no_masked_bg,0.75,0.8029,1.5689183201113042,0,15
7_transparent_FA_VisionCrack3,FA7,no_masked_bg,0.8,0.8117,1.5689183201113042,0,15
7_transparent_FA_VisionCrack3,FA7,no_masked_bg,0.85,0.911,1.5689183201113042,0,15
7_transparent_FA_VisionCrack3,FA7,no_masked_bg,0.9,1.32,1.5689183201113042,0,15
7_transparent_FA_VisionCrack3,FA7,no_masked_bg,0.95,1.0875,1.5689183201113042,0,15
7_transparent_FA_VisionCrack3,FA7,no_masked_bg,1.0,1.193,1.5689183201113042,0,15
7_transparent_FA_VisionCrack3,FA7,no_masked_bg,1.5,1.6736,1.5689183201113042,0,15
7_transparent_FA_VisionCrack3,FA7,no_masked_bg,2.0,2.4377,1.5689183201113042,0,15
7_transparent_FA_VisionCrack3,FA7,no_masked_bg,2.5,2.78,1.5689183201113042,0,15
7_transparent_FA_VisionCrack3,FA7,lsf_sigma,0.5,0.4915,1.6663169116040542,0,15
7_transparent_FA_VisionCrack3,FA7,lsf_sigma,0.55,0.5475,1.6663169116040542,0,15
7_transparent_FA_VisionCrack3,FA7,lsf_sigma,0.6,0.6299,1.6663169116040542,0,15
7_transparent_FA_VisionCrack3,FA7,lsf_sigma,0.65,0.6896,1.6663169116040542,0,15
7_transparent_FA_VisionCrack3,FA7,lsf_sigma,0.7,0.6718,1.6663169116040542,0,15
7_transparent_FA_VisionCrack3,FA7,lsf_sigma,0.75,0.7879,1.6663169116040542,0,15
7_transparent_FA_VisionCrack3,FA7,lsf_sigma,0.8,0.8087,1.6663169116040542,0,15
7_transparent_FA_VisionCrack3,FA7,lsf_sigma,0.85,0.9059,1.6663169116040542,0,15
7_transparent_FA_VisionCrack3,FA7,lsf_sigma,0.9,1.1057,1.6663169116040542,0,15
7_transparent_FA_VisionCrack3,FA7,lsf_sigma,0.95,1.0901,1.6663169116040542,0,15
7_transparent_FA_VisionCrack3,FA7,lsf_sigma,1.0,1.1161,1.6663169116040542,0,15
7_transparent_FA_VisionCrack3,FA7,lsf_sigma,1.5,1.6575,1.6663169116040542,0,15
7_transparent_FA_VisionCrack3,FA7,lsf_sigma,2.0,2.242,1.6663169116040542,0,15
7_transparent_FA_VisionCrack3,FA7,lsf_sigma,2.5,2.661,1.6663169116040542,0,15
7_transparent_FA_VisionCrack3,FA7,no_deconv,0.5,0.5136,1.5689183201113042,0,15
7_transparent_FA_VisionCrack3,FA7,no_deconv,0.55,0.5648,1.5689183201113042,0,15
7_transparent_FA_VisionCrack3,FA7,no_deconv,0.6,0.6413,1.5689183201113042,0,15
7_transparent_FA_VisionCrack3,FA7,no_deconv,0.65,0.6976,1.5689183201113042,0,15
7_transparent_FA_VisionCrack3,FA7,no_deconv,0.7,0.6808,1.5689183201113042,0,15
7_transparent_FA_VisionCrack3,FA7,no_deconv,0.75,0.7911,1.5689183201113042,0,15
7_transparent_FA_VisionCrack3,FA7,no_deconv,0.8,0.8109,1.5689183201113042,0,15
7_transparent_FA_VisionCrack3,FA7,no_deconv,0.85,0.9044,1.5689183201113042,0,15
7_transparent_FA_VisionCrack3,FA7,no_deconv,0.9,1.0983,1.5689183201113042,0,15
7_transparent_FA_VisionCrack3,FA7,no_deconv,0.95,1.0832,1.5689183201113042,0,15
7_transparent_FA_VisionCrack3,FA7,no_deconv,1.0,1.1085,1.5689183201113042,0,15
7_transparent_FA_VisionCrack3,FA7,no_deconv,1.5,1.6395,1.5689183201113042,0,15
7_transparent_FA_VisionCrack3,FA7,no_deconv,2.0,2.2168,1.5689183201113042,0,15
7_transparent_FA_VisionCrack3,FA7,no_deconv,2.5,2.6316,1.5689183201113042,0,15
7_transparent_FA_VisionCrack3,FA7,rev3_window,0.5,0.5773,1.5689183201113042,0,14
7_transparent_FA_VisionCrack3,FA7,rev3_window,0.55,0.6431,1.5689183201113042,0,14
7_transparent_FA_VisionCrack3,FA7,rev3_window,0.6,0.6735,1.5689183201113042,0,14
7_transparent_FA_VisionCrack3,FA7,rev3_window,0.65,0.7146,1.5689183201113042,0,14
7_transparent_FA_VisionCrack3,FA7,rev3_window,0.7,0.712,1.5689183201113042,0,14
7_transparent_FA_VisionCrack3,FA7,rev3_window,0.75,0.8371,1.5689183201113042,0,14
7_transparent_FA_VisionCrack3,FA7,rev3_window,0.8,0.8188,1.5689183201113042,0,14
7_transparent_FA_VisionCrack3,FA7,rev3_window,0.85,0.912,1.5689183201113042,0,14
7_transparent_FA_VisionCrack3,FA7,rev3_window,0.9,1.3888,1.5689183201113042,0,14
7_transparent_FA_VisionCrack3,FA7,rev3_window,0.95,1.058,1.5689183201113042,0,14
7_transparent_FA_VisionCrack3,FA7,rev3_window,1.0,1.0761,1.5689183201113042,0,14
7_transparent_FA_VisionCrack3,FA7,rev3_window,1.5,1.6747,1.5689183201113042,0,14
7_transparent_FA_VisionCrack3,FA7,rev3_window,2.0,2.5033,1.5689183201113042,0,14
7_transparent_FA_VisionCrack3,FA7,rev3_window,2.5,2.6325,1.5689183201113042,0,14
7_transparent_FA_VisionCrack3,FA7,margin1.0,0.5,0.4949,1.5689183201113042,0,15
7_transparent_FA_VisionCrack3,FA7,margin1.0,0.55,0.5574,1.5689183201113042,0,15
7_transparent_FA_VisionCrack3,FA7,margin1.0,0.6,0.6307,1.5689183201113042,0,15
7_transparent_FA_VisionCrack3,FA7,margin1.0,0.65,0.6856,1.5689183201113042,0,15
7_transparent_FA_VisionCrack3,FA7,margin1.0,0.7,0.6736,1.5689183201113042,0,15
7_transparent_FA_VisionCrack3,FA7,margin1.0,0.75,0.7873,1.5689183201113042,0,15
7_transparent_FA_VisionCrack3,FA7,margin1.0,0.8,0.8085,1.5689183201113042,0,15
7_transparent_FA_VisionCrack3,FA7,margin1.0,0.85,0.902,1.5689183201113042,0,15
7_transparent_FA_VisionCrack3,FA7,margin1.0,0.9,1.017,1.5689183201113042,0,15
7_transparent_FA_VisionCrack3,FA7,margin1.0,0.95,1.0818,1.5689183201113042,0,15
7_transparent_FA_VisionCrack3,FA7,margin1.0,1.0,1.0822,1.5689183201113042,0,15
7_transparent_FA_VisionCrack3,FA7,margin1.0,1.5,1.656,1.5689183201113042,0,15
7_transparent_FA_VisionCrack3,FA7,margin1.0,2.0,2.2302,1.5689183201113042,0,15
7_transparent_FA_VisionCrack3,FA7,margin1.0,2.5,2.6094,1.5689183201113042,0,15
7_transparent_FA_VisionCrack3,FA7,margin2.0,0.5,0.4957,1.5689183201113042,0,15
7_transparent_FA_VisionCrack3,FA7,margin2.0,0.55,0.5508,1.5689183201113042,0,15
7_transparent_FA_VisionCrack3,FA7,margin2.0,0.6,0.6324,1.5689183201113042,0,15
7_transparent_FA_VisionCrack3,FA7,margin2.0,0.65,0.6918,1.5689183201113042,0,15
7_transparent_FA_VisionCrack3,FA7,margin2.0,0.7,0.6745,1.5689183201113042,0,15
7_transparent_FA_VisionCrack3,FA7,margin2.0,0.75,0.7851,1.5689183201113042,0,15
7_transparent_FA_VisionCrack3,FA7,margin2.0,0.8,0.8076,1.5689183201113042,0,15
7_transparent_FA_VisionCrack3,FA7,margin2.0,0.85,0.9054,1.5689183201113042,0,15
7_transparent_FA_VisionCrack3,FA7,margin2.0,0.9,1.178,1.5689183201113042,0,15
7_transparent_FA_VisionCrack3,FA7,margin2.0,0.95,1.0881,1.5689183201113042,0,15
7_transparent_FA_VisionCrack3,FA7,margin2.0,1.0,1.1138,1.5689183201113042,0,15
7_transparent_FA_VisionCrack3,FA7,margin2.0,1.5,1.6502,1.5689183201113042,0,15
7_transparent_FA_VisionCrack3,FA7,margin2.0,2.0,2.2226,1.5689183201113042,0,15
7_transparent_FA_VisionCrack3,FA7,margin2.0,2.5,2.659,1.5689183201113042,0,15
7_transparent_FA_VisionCrack3,FA7,smooth15,0.5,0.4895,1.5689183201113042,0,15
7_transparent_FA_VisionCrack3,FA7,smooth15,0.55,0.5485,1.5689183201113042,0,15
7_transparent_FA_VisionCrack3,FA7,smooth15,0.6,0.6204,1.5689183201113042,0,15
7_transparent_FA_VisionCrack3,FA7,smooth15,0.65,0.6786,1.5689183201113042,0,15
7_transparent_FA_VisionCrack3,FA7,smooth15,0.7,0.6761,1.5689183201113042,0,15
7_transparent_FA_VisionCrack3,FA7,smooth15,0.75,0.7835,1.5689183201113042,0,15
7_transparent_FA_VisionCrack3,FA7,smooth15,0.8,0.8074,1.5689183201113042,0,15
7_transparent_FA_VisionCrack3,FA7,smooth15,0.85,0.8949,1.5689183201113042,0,15
7_transparent_FA_VisionCrack3,FA7,smooth15,0.9,1.0328,1.5689183201113042,0,15
7_transparent_FA_VisionCrack3,FA7,smooth15,0.95,1.0842,1.5689183201113042,0,15
7_transparent_FA_VisionCrack3,FA7,smooth15,1.0,1.1097,1.5689183201113042,0,15
7_transparent_FA_VisionCrack3,FA7,smooth15,1.5,1.6454,1.5689183201113042,0,15
7_transparent_FA_VisionCrack3,FA7,smooth15,2.0,2.1794,1.5689183201113042,0,15
7_transparent_FA_VisionCrack3,FA7,smooth15,2.5,2.5972,1.5689183201113042,0,15
7_transparent_FA_VisionCrack3,FA7,smooth35,0.5,0.4956,1.5689183201113042,0,15
7_transparent_FA_VisionCrack3,FA7,smooth35,0.55,0.553,1.5689183201113042,0,15
7_transparent_FA_VisionCrack3,FA7,smooth35,0.6,0.6344,1.5689183201113042,0,15
7_transparent_FA_VisionCrack3,FA7,smooth35,0.65,0.6941,1.5689183201113042,0,15
7_transparent_FA_VisionCrack3,FA7,smooth35,0.7,0.6791,1.5689183201113042,0,15
7_transparent_FA_VisionCrack3,FA7,smooth35,0.75,0.7938,1.5689183201113042,0,15
7_transparent_FA_VisionCrack3,FA7,smooth35,0.8,0.8053,1.5689183201113042,0,15
7_transparent_FA_VisionCrack3,FA7,smooth35,0.85,0.9085,1.5689183201113042,0,15
7_transparent_FA_VisionCrack3,FA7,smooth35,0.9,1.2464,1.5689183201113042,0,15
7_transparent_FA_VisionCrack3,FA7,smooth35,0.95,1.084,1.5689183201113042,0,15
7_transparent_FA_VisionCrack3,FA7,smooth35,1.0,1.0858,1.5689183201113042,0,15
7_transparent_FA_VisionCrack3,FA7,smooth35,1.5,1.6567,1.5689183201113042,0,15
7_transparent_FA_VisionCrack3,FA7,smooth35,2.0,2.2165,1.5689183201113042,0,15
7_transparent_FA_VisionCrack3,FA7,smooth35,2.5,2.661,1.5689183201113042,0,15
7_transparent_FA_VisionCrack3,FA7,band0.60,0.5,0.4942,1.5689183201113042,0,15
7_transparent_FA_VisionCrack3,FA7,band0.60,0.55,0.5493,1.5689183201113042,0,15
7_transparent_FA_VisionCrack3,FA7,band0.60,0.6,0.6306,1.5689183201113042,0,15
7_transparent_FA_VisionCrack3,FA7,band0.60,0.65,0.6896,1.5689183201113042,0,15
7_transparent_FA_VisionCrack3,FA7,band0.60,0.7,0.672,1.5689183201113042,0,15
7_transparent_FA_VisionCrack3,FA7,band0.60,0.75,0.7868,1.5689183201113042,0,15
7_transparent_FA_VisionCrack3,FA7,band0.60,0.8,0.8073,1.5689183201113042,0,15
7_transparent_FA_VisionCrack3,FA7,band0.60,0.85,0.9035,1.5689183201113042,0,15
7_transparent_FA_VisionCrack3,FA7,band0.60,0.9,1.1016,1.5689183201113042,0,15
7_transparent_FA_VisionCrack3,FA7,band0.60,0.95,1.0862,1.5689183201113042,0,15
7_transparent_FA_VisionCrack3,FA7,band0.60,1.0,1.112,1.5689183201113042,0,15
7_transparent_FA_VisionCrack3,FA7,band0.60,1.5,1.6492,1.5689183201113042,0,15
7_transparent_FA_VisionCrack3,FA7,band0.60,2.0,2.2298,1.5689183201113042,0,15
7_transparent_FA_VisionCrack3,FA7,band0.60,2.5,2.6461,1.5689183201113042,0,15
7_transparent_FA_VisionCrack3,FA7,win0.4,0.5,0.4901,1.5689183201113042,0,15
7_transparent_FA_VisionCrack3,FA7,win0.4,0.55,0.5465,1.5689183201113042,0,15
7_transparent_FA_VisionCrack3,FA7,win0.4,0.6,0.6008,1.5689183201113042,0,15
7_transparent_FA_VisionCrack3,FA7,win0.4,0.65,0.682,1.5689183201113042,0,15
7_transparent_FA_VisionCrack3,FA7,win0.4,0.7,0.6673,1.5689183201113042,0,15
7_transparent_FA_VisionCrack3,FA7,win0.4,0.75,0.7664,1.5689183201113042,0,15
7_transparent_FA_VisionCrack3,FA7,win0.4,0.8,0.8063,1.5689183201113042,0,15
7_transparent_FA_VisionCrack3,FA7,win0.4,0.85,0.8835,1.5689183201113042,0,15
7_transparent_FA_VisionCrack3,FA7,win0.4,0.9,0.997,1.5689183201113042,0,15
7_transparent_FA_VisionCrack3,FA7,win0.4,0.95,1.081,1.5689183201113042,0,15
7_transparent_FA_VisionCrack3,FA7,win0.4,1.0,1.0871,1.5689183201113042,0,15
7_transparent_FA_VisionCrack3,FA7,win0.4,1.5,1.5966,1.5689183201113042,0,15
7_transparent_FA_VisionCrack3,FA7,win0.4,2.0,2.073,1.5689183201113042,0,15
7_transparent_FA_VisionCrack3,FA7,win0.4,2.5,2.6027,1.5689183201113042,0,15
7_transparent_FA_VisionCrack3,FA7,win0.8,0.5,0.5117,1.5689183201113042,0,15
7_transparent_FA_VisionCrack3,FA7,win0.8,0.55,0.5735,1.5689183201113042,0,15
7_transparent_FA_VisionCrack3,FA7,win0.8,0.6,0.6566,1.5689183201113042,0,15
7_transparent_FA_VisionCrack3,FA7,win0.8,0.65,0.7615,1.5689183201113042,0,15
7_transparent_FA_VisionCrack3,FA7,win0.8,0.7,0.6832,1.5689183201113042,0,15
7_transparent_FA_VisionCrack3,FA7,win0.8,0.75,0.818,1.5689183201113042,0,15
7_transparent_FA_VisionCrack3,FA7,win0.8,0.8,0.8048,1.5689183201113042,0,15
7_transparent_FA_VisionCrack3,FA7,win0.8,0.85,0.8968,1.5689183201113042,0,15
7_transparent_FA_VisionCrack3,FA7,win0.8,0.9,1.2818,1.5689183201113042,0,15
7_transparent_FA_VisionCrack3,FA7,win0.8,0.95,1.0807,1.5689183201113042,0,15
7_transparent_FA_VisionCrack3,FA7,win0.8,1.0,1.0825,1.5689183201113042,0,15
7_transparent_FA_VisionCrack3,FA7,win0.8,1.5,1.6967,1.5689183201113042,0,15
7_transparent_FA_VisionCrack3,FA7,win0.8,2.0,2.2466,1.5689183201113042,0,15
7_transparent_FA_VisionCrack3,FA7,win0.8,2.5,2.6094,1.5689183201113042,0,15
7_transparent_FA_VisionCrack3,FA8,full,0.5,0.5014,1.3028193631717693,0,17
7_transparent_FA_VisionCrack3,FA8,full,0.55,0.5448,1.3028193631717693,0,17
7_transparent_FA_VisionCrack3,FA8,full,0.6,0.6026,1.3028193631717693,0,17
7_transparent_FA_VisionCrack3,FA8,full,0.65,0.7495,1.3028193631717693,0,17
7_transparent_FA_VisionCrack3,FA8,full,0.7,0.686,1.3028193631717693,0,17
7_transparent_FA_VisionCrack3,FA8,full,0.75,0.8437,1.3028193631717693,0,17
7_transparent_FA_VisionCrack3,FA8,full,0.8,0.7946,1.3028193631717693,0,17
7_transparent_FA_VisionCrack3,FA8,full,0.85,0.8843,1.3028193631717693,0,17
7_transparent_FA_VisionCrack3,FA8,full,0.9,1.0015,1.3028193631717693,0,17
7_transparent_FA_VisionCrack3,FA8,full,0.95,1.0595,1.3028193631717693,0,17
7_transparent_FA_VisionCrack3,FA8,full,1.0,1.1871,1.3028193631717693,0,17
7_transparent_FA_VisionCrack3,FA8,full,1.5,1.5956,1.3028193631717693,0,17
7_transparent_FA_VisionCrack3,FA8,full,2.0,2.2718,1.3028193631717693,0,17
7_transparent_FA_VisionCrack3,FA8,full,2.5,2.6376,1.3028193631717693,0,17
7_transparent_FA_VisionCrack3,FA8,no_masked_bg,0.5,0.5173,1.3028193631717693,0,17
7_transparent_FA_VisionCrack3,FA8,no_masked_bg,0.55,0.5503,1.3028193631717693,0,17
7_transparent_FA_VisionCrack3,FA8,no_masked_bg,0.6,0.6193,1.3028193631717693,0,17
7_transparent_FA_VisionCrack3,FA8,no_masked_bg,0.65,0.7598,1.3028193631717693,0,17
7_transparent_FA_VisionCrack3,FA8,no_masked_bg,0.7,0.701,1.3028193631717693,0,17
7_transparent_FA_VisionCrack3,FA8,no_masked_bg,0.75,0.8501,1.3028193631717693,0,17
7_transparent_FA_VisionCrack3,FA8,no_masked_bg,0.8,0.8007,1.3028193631717693,0,17
7_transparent_FA_VisionCrack3,FA8,no_masked_bg,0.85,0.8947,1.3028193631717693,0,17
7_transparent_FA_VisionCrack3,FA8,no_masked_bg,0.9,1.2879,1.3028193631717693,0,17
7_transparent_FA_VisionCrack3,FA8,no_masked_bg,0.95,1.0648,1.3028193631717693,0,17
7_transparent_FA_VisionCrack3,FA8,no_masked_bg,1.0,1.2853,1.3028193631717693,0,17
7_transparent_FA_VisionCrack3,FA8,no_masked_bg,1.5,1.6137,1.3028193631717693,0,17
7_transparent_FA_VisionCrack3,FA8,no_masked_bg,2.0,2.4221,1.3028193631717693,0,17
7_transparent_FA_VisionCrack3,FA8,no_masked_bg,2.5,2.6157,1.3028193631717693,0,17
7_transparent_FA_VisionCrack3,FA8,lsf_sigma,0.5,0.4931,1.5632314694974092,0,17
7_transparent_FA_VisionCrack3,FA8,lsf_sigma,0.55,0.5299,1.5632314694974092,0,17
7_transparent_FA_VisionCrack3,FA8,lsf_sigma,0.6,0.5938,1.5632314694974092,0,17
7_transparent_FA_VisionCrack3,FA8,lsf_sigma,0.65,0.7366,1.5632314694974092,0,17
7_transparent_FA_VisionCrack3,FA8,lsf_sigma,0.7,0.6777,1.5632314694974092,0,17
7_transparent_FA_VisionCrack3,FA8,lsf_sigma,0.75,0.8387,1.5632314694974092,0,17
7_transparent_FA_VisionCrack3,FA8,lsf_sigma,0.8,0.7863,1.5632314694974092,0,17
7_transparent_FA_VisionCrack3,FA8,lsf_sigma,0.85,0.879,1.5632314694974092,0,17
7_transparent_FA_VisionCrack3,FA8,lsf_sigma,0.9,1.0069,1.5632314694974092,0,17
7_transparent_FA_VisionCrack3,FA8,lsf_sigma,0.95,1.0563,1.5632314694974092,0,17
7_transparent_FA_VisionCrack3,FA8,lsf_sigma,1.0,1.1793,1.5632314694974092,0,17
7_transparent_FA_VisionCrack3,FA8,lsf_sigma,1.5,1.5912,1.5632314694974092,0,17
7_transparent_FA_VisionCrack3,FA8,lsf_sigma,2.0,2.2984,1.5632314694974092,0,17
7_transparent_FA_VisionCrack3,FA8,lsf_sigma,2.5,2.6541,1.5632314694974092,0,17
7_transparent_FA_VisionCrack3,FA8,no_deconv,0.5,0.5152,1.3028193631717693,0,17
7_transparent_FA_VisionCrack3,FA8,no_deconv,0.55,0.5567,1.3028193631717693,0,17
7_transparent_FA_VisionCrack3,FA8,no_deconv,0.6,0.6124,1.3028193631717693,0,17
7_transparent_FA_VisionCrack3,FA8,no_deconv,0.65,0.7558,1.3028193631717693,0,17
7_transparent_FA_VisionCrack3,FA8,no_deconv,0.7,0.6936,1.3028193631717693,0,17
7_transparent_FA_VisionCrack3,FA8,no_deconv,0.75,0.8487,1.3028193631717693,0,17
7_transparent_FA_VisionCrack3,FA8,no_deconv,0.8,0.8002,1.3028193631717693,0,17
7_transparent_FA_VisionCrack3,FA8,no_deconv,0.85,0.8888,1.3028193631717693,0,17
7_transparent_FA_VisionCrack3,FA8,no_deconv,0.9,1.005,1.3028193631717693,0,17
7_transparent_FA_VisionCrack3,FA8,no_deconv,0.95,1.0628,1.3028193631717693,0,17
7_transparent_FA_VisionCrack3,FA8,no_deconv,1.0,1.19,1.3028193631717693,0,17
7_transparent_FA_VisionCrack3,FA8,no_deconv,1.5,1.5991,1.3028193631717693,0,17
7_transparent_FA_VisionCrack3,FA8,no_deconv,2.0,2.2787,1.3028193631717693,0,17
7_transparent_FA_VisionCrack3,FA8,no_deconv,2.5,2.647,1.3028193631717693,0,17
7_transparent_FA_VisionCrack3,FA8,rev3_window,0.5,0.5122,1.3028193631717693,0,15
7_transparent_FA_VisionCrack3,FA8,rev3_window,0.55,0.5739,1.3028193631717693,0,15
7_transparent_FA_VisionCrack3,FA8,rev3_window,0.6,0.642,1.3028193631717693,0,15
7_transparent_FA_VisionCrack3,FA8,rev3_window,0.65,0.7666,1.3028193631717693,0,15
7_transparent_FA_VisionCrack3,FA8,rev3_window,0.7,0.688,1.3028193631717693,0,15
7_transparent_FA_VisionCrack3,FA8,rev3_window,0.75,0.8438,1.3028193631717693,0,15
7_transparent_FA_VisionCrack3,FA8,rev3_window,0.8,0.8085,1.3028193631717693,0,15
7_transparent_FA_VisionCrack3,FA8,rev3_window,0.85,0.9024,1.3028193631717693,0,15
7_transparent_FA_VisionCrack3,FA8,rev3_window,0.9,1.1753,1.3028193631717693,0,15
7_transparent_FA_VisionCrack3,FA8,rev3_window,0.95,1.0305,1.3028193631717693,0,15
7_transparent_FA_VisionCrack3,FA8,rev3_window,1.0,1.3761,1.3028193631717693,0,15
7_transparent_FA_VisionCrack3,FA8,rev3_window,1.5,1.6754,1.3028193631717693,0,15
7_transparent_FA_VisionCrack3,FA8,rev3_window,2.0,2.3853,1.3028193631717693,0,15
7_transparent_FA_VisionCrack3,FA8,rev3_window,2.5,2.6228,1.3028193631717693,0,15
7_transparent_FA_VisionCrack3,FA8,margin1.0,0.5,0.4995,1.3028193631717693,0,17
7_transparent_FA_VisionCrack3,FA8,margin1.0,0.55,0.5517,1.3028193631717693,0,17
7_transparent_FA_VisionCrack3,FA8,margin1.0,0.6,0.5999,1.3028193631717693,0,17
7_transparent_FA_VisionCrack3,FA8,margin1.0,0.65,0.7366,1.3028193631717693,0,17
7_transparent_FA_VisionCrack3,FA8,margin1.0,0.7,0.6853,1.3028193631717693,0,17
7_transparent_FA_VisionCrack3,FA8,margin1.0,0.75,0.8427,1.3028193631717693,0,17
7_transparent_FA_VisionCrack3,FA8,margin1.0,0.8,0.7952,1.3028193631717693,0,17
7_transparent_FA_VisionCrack3,FA8,margin1.0,0.85,0.885,1.3028193631717693,0,17
7_transparent_FA_VisionCrack3,FA8,margin1.0,0.9,0.9849,1.3028193631717693,0,17
7_transparent_FA_VisionCrack3,FA8,margin1.0,0.95,1.0583,1.3028193631717693,0,17
7_transparent_FA_VisionCrack3,FA8,margin1.0,1.0,1.1727,1.3028193631717693,0,17
7_transparent_FA_VisionCrack3,FA8,margin1.0,1.5,1.6039,1.3028193631717693,0,17
7_transparent_FA_VisionCrack3,FA8,margin1.0,2.0,2.2265,1.3028193631717693,0,17
7_transparent_FA_VisionCrack3,FA8,margin1.0,2.5,2.6215,1.3028193631717693,0,17
7_transparent_FA_VisionCrack3,FA8,margin2.0,0.5,0.5058,1.3028193631717693,0,17
7_transparent_FA_VisionCrack3,FA8,margin2.0,0.55,0.5416,1.3028193631717693,0,17
7_transparent_FA_VisionCrack3,FA8,margin2.0,0.6,0.604,1.3028193631717693,0,17
7_transparent_FA_VisionCrack3,FA8,margin2.0,0.65,0.7443,1.3028193631717693,0,17
7_transparent_FA_VisionCrack3,FA8,margin2.0,0.7,0.6863,1.3028193631717693,0,17
7_transparent_FA_VisionCrack3,FA8,margin2.0,0.75,0.845,1.3028193631717693,0,17
7_transparent_FA_VisionCrack3,FA8,margin2.0,0.8,0.7933,1.3028193631717693,0,17
7_transparent_FA_VisionCrack3,FA8,margin2.0,0.85,0.8849,1.3028193631717693,0,17
7_transparent_FA_VisionCrack3,FA8,margin2.0,0.9,1.0115,1.3028193631717693,0,17
7_transparent_FA_VisionCrack3,FA8,margin2.0,0.95,1.0605,1.3028193631717693,0,17
7_transparent_FA_VisionCrack3,FA8,margin2.0,1.0,1.1826,1.3028193631717693,0,17
7_transparent_FA_VisionCrack3,FA8,margin2.0,1.5,1.5921,1.3028193631717693,0,17
7_transparent_FA_VisionCrack3,FA8,margin2.0,2.0,2.2964,1.3028193631717693,0,17
7_transparent_FA_VisionCrack3,FA8,margin2.0,2.5,2.6509,1.3028193631717693,0,17
7_transparent_FA_VisionCrack3,FA8,smooth15,0.5,0.4996,1.3028193631717693,0,17
7_transparent_FA_VisionCrack3,FA8,smooth15,0.55,0.5432,1.3028193631717693,0,17
7_transparent_FA_VisionCrack3,FA8,smooth15,0.6,0.6,1.3028193631717693,0,17
7_transparent_FA_VisionCrack3,FA8,smooth15,0.65,0.7094,1.3028193631717693,0,17
7_transparent_FA_VisionCrack3,FA8,smooth15,0.7,0.6885,1.3028193631717693,0,17
7_transparent_FA_VisionCrack3,FA8,smooth15,0.75,0.8297,1.3028193631717693,0,17
7_transparent_FA_VisionCrack3,FA8,smooth15,0.8,0.7999,1.3028193631717693,0,17
7_transparent_FA_VisionCrack3,FA8,smooth15,0.85,0.8835,1.3028193631717693,0,17
7_transparent_FA_VisionCrack3,FA8,smooth15,0.9,1.0055,1.3028193631717693,0,17
7_transparent_FA_VisionCrack3,FA8,smooth15,0.95,1.0497,1.3028193631717693,0,17
7_transparent_FA_VisionCrack3,FA8,smooth15,1.0,1.2662,1.3028193631717693,0,17
7_transparent_FA_VisionCrack3,FA8,smooth15,1.5,1.6058,1.3028193631717693,0,17
7_transparent_FA_VisionCrack3,FA8,smooth15,2.0,2.227,1.3028193631717693,0,17
7_transparent_FA_VisionCrack3,FA8,smooth15,2.5,2.5759,1.3028193631717693,0,17
7_transparent_FA_VisionCrack3,FA8,smooth35,0.5,0.5017,1.3028193631717693,0,17
7_transparent_FA_VisionCrack3,FA8,smooth35,0.55,0.5493,1.3028193631717693,0,17
7_transparent_FA_VisionCrack3,FA8,smooth35,0.6,0.6131,1.3028193631717693,0,17
7_transparent_FA_VisionCrack3,FA8,smooth35,0.65,0.7492,1.3028193631717693,0,17
7_transparent_FA_VisionCrack3,FA8,smooth35,0.7,0.6908,1.3028193631717693,0,17
7_transparent_FA_VisionCrack3,FA8,smooth35,0.75,0.8469,1.3028193631717693,0,17
7_transparent_FA_VisionCrack3,FA8,smooth35,0.8,0.7924,1.3028193631717693,0,17
7_transparent_FA_VisionCrack3,FA8,smooth35,0.85,0.8949,1.3028193631717693,0,17
7_transparent_FA_VisionCrack3,FA8,smooth35,0.9,1.1339,1.3028193631717693,0,17
7_transparent_FA_VisionCrack3,FA8,smooth35,0.95,1.0576,1.3028193631717693,0,17
7_transparent_FA_VisionCrack3,FA8,smooth35,1.0,1.12,1.3028193631717693,0,17
7_transparent_FA_VisionCrack3,FA8,smooth35,1.5,1.6027,1.3028193631717693,0,17
7_transparent_FA_VisionCrack3,FA8,smooth35,2.0,2.2989,1.3028193631717693,0,17
7_transparent_FA_VisionCrack3,FA8,smooth35,2.5,2.6427,1.3028193631717693,0,17
7_transparent_FA_VisionCrack3,FA8,band0.60,0.5,0.5014,1.3028193631717693,0,17
7_transparent_FA_VisionCrack3,FA8,band0.60,0.55,0.5448,1.3028193631717693,0,17
7_transparent_FA_VisionCrack3,FA8,band0.60,0.6,0.6026,1.3028193631717693,0,17
7_transparent_FA_VisionCrack3,FA8,band0.60,0.65,0.7495,1.3028193631717693,0,17
7_transparent_FA_VisionCrack3,FA8,band0.60,0.7,0.686,1.3028193631717693,0,17
7_transparent_FA_VisionCrack3,FA8,band0.60,0.75,0.8437,1.3028193631717693,0,17
7_transparent_FA_VisionCrack3,FA8,band0.60,0.8,0.7946,1.3028193631717693,0,17
7_transparent_FA_VisionCrack3,FA8,band0.60,0.85,0.8843,1.3028193631717693,0,17
7_transparent_FA_VisionCrack3,FA8,band0.60,0.9,1.0015,1.3028193631717693,0,17
7_transparent_FA_VisionCrack3,FA8,band0.60,0.95,1.0595,1.3028193631717693,0,17
7_transparent_FA_VisionCrack3,FA8,band0.60,1.0,1.1871,1.3028193631717693,0,17
7_transparent_FA_VisionCrack3,FA8,band0.60,1.5,1.5956,1.3028193631717693,0,17
7_transparent_FA_VisionCrack3,FA8,band0.60,2.0,2.2718,1.3028193631717693,0,17
7_transparent_FA_VisionCrack3,FA8,band0.60,2.5,2.6376,1.3028193631717693,0,17
7_transparent_FA_VisionCrack3,FA8,win0.4,0.5,0.4904,1.3028193631717693,0,17
7_transparent_FA_VisionCrack3,FA8,win0.4,0.55,0.5455,1.3028193631717693,0,17
7_transparent_FA_VisionCrack3,FA8,win0.4,0.6,0.6037,1.3028193631717693,0,17
7_transparent_FA_VisionCrack3,FA8,win0.4,0.65,0.6843,1.3028193631717693,0,17
7_transparent_FA_VisionCrack3,FA8,win0.4,0.7,0.6702,1.3028193631717693,0,17
7_transparent_FA_VisionCrack3,FA8,win0.4,0.75,0.7546,1.3028193631717693,0,17
7_transparent_FA_VisionCrack3,FA8,win0.4,0.8,0.8008,1.3028193631717693,0,17
7_transparent_FA_VisionCrack3,FA8,win0.4,0.85,0.8723,1.3028193631717693,0,17
7_transparent_FA_VisionCrack3,FA8,win0.4,0.9,0.9552,1.3028193631717693,0,17
7_transparent_FA_VisionCrack3,FA8,win0.4,0.95,1.0387,1.3028193631717693,0,17
7_transparent_FA_VisionCrack3,FA8,win0.4,1.0,1.2361,1.3028193631717693,0,17
7_transparent_FA_VisionCrack3,FA8,win0.4,1.5,1.5762,1.3028193631717693,0,17
7_transparent_FA_VisionCrack3,FA8,win0.4,2.0,2.0358,1.3028193631717693,0,17
7_transparent_FA_VisionCrack3,FA8,win0.4,2.5,2.5711,1.3028193631717693,0,17
7_transparent_FA_VisionCrack3,FA8,win0.8,0.5,0.5241,1.3028193631717693,0,17
7_transparent_FA_VisionCrack3,FA8,win0.8,0.55,0.5846,1.3028193631717693,0,17
7_transparent_FA_VisionCrack3,FA8,win0.8,0.6,0.64,1.3028193631717693,0,17
7_transparent_FA_VisionCrack3,FA8,win0.8,0.65,0.8487,1.3028193631717693,0,17
7_transparent_FA_VisionCrack3,FA8,win0.8,0.7,0.6869,1.3028193631717693,0,17
7_transparent_FA_VisionCrack3,FA8,win0.8,0.75,0.8403,1.3028193631717693,0,17
7_transparent_FA_VisionCrack3,FA8,win0.8,0.8,0.7953,1.3028193631717693,0,17
7_transparent_FA_VisionCrack3,FA8,win0.8,0.85,0.8875,1.3028193631717693,0,17
7_transparent_FA_VisionCrack3,FA8,win0.8,0.9,1.0566,1.3028193631717693,0,17
7_transparent_FA_VisionCrack3,FA8,win0.8,0.95,1.0325,1.3028193631717693,0,17
7_transparent_FA_VisionCrack3,FA8,win0.8,1.0,1.1666,1.3028193631717693,0,17
7_transparent_FA_VisionCrack3,FA8,win0.8,1.5,1.7248,1.3028193631717693,0,17
7_transparent_FA_VisionCrack3,FA8,win0.8,2.0,2.2594,1.3028193631717693,0,17
7_transparent_FA_VisionCrack3,FA8,win0.8,2.5,3.2089,1.3028193631717693,0,17
7_transparent_FA_VisionCrack3,FA9,full,0.5,0.4543,1.5379701051782166,0,14
7_transparent_FA_VisionCrack3,FA9,full,0.55,0.5412,1.5379701051782166,0,14
7_transparent_FA_VisionCrack3,FA9,full,0.6,0.6007,1.5379701051782166,0,14
7_transparent_FA_VisionCrack3,FA9,full,0.65,0.6607,1.5379701051782166,0,14
7_transparent_FA_VisionCrack3,FA9,full,0.7,0.6669,1.5379701051782166,0,14
7_transparent_FA_VisionCrack3,FA9,full,0.75,0.7643,1.5379701051782166,0,14
7_transparent_FA_VisionCrack3,FA9,full,0.8,0.7958,1.5379701051782166,0,14
7_transparent_FA_VisionCrack3,FA9,full,0.85,0.8947,1.5379701051782166,0,14
7_transparent_FA_VisionCrack3,FA9,full,0.9,0.9068,1.5379701051782166,0,14
7_transparent_FA_VisionCrack3,FA9,full,0.95,1.0659,1.5379701051782166,0,14
7_transparent_FA_VisionCrack3,FA9,full,1.0,1.0597,1.5379701051782166,0,14
7_transparent_FA_VisionCrack3,FA9,full,1.5,1.5888,1.5379701051782166,0,14
7_transparent_FA_VisionCrack3,FA9,full,2.0,2.0998,1.5379701051782166,0,14
7_transparent_FA_VisionCrack3,FA9,full,2.5,2.5411,1.5379701051782166,0,14
7_transparent_FA_VisionCrack3,FA9,no_masked_bg,0.5,0.4651,1.5379701051782166,0,14
7_transparent_FA_VisionCrack3,FA9,no_masked_bg,0.55,0.5418,1.5379701051782166,0,14
7_transparent_FA_VisionCrack3,FA9,no_masked_bg,0.6,0.6141,1.5379701051782166,0,14
7_transparent_FA_VisionCrack3,FA9,no_masked_bg,0.65,0.6656,1.5379701051782166,0,14
7_transparent_FA_VisionCrack3,FA9,no_masked_bg,0.7,0.6764,1.5379701051782166,0,14
7_transparent_FA_VisionCrack3,FA9,no_masked_bg,0.75,0.7755,1.5379701051782166,0,14
7_transparent_FA_VisionCrack3,FA9,no_masked_bg,0.8,0.7977,1.5379701051782166,0,14
7_transparent_FA_VisionCrack3,FA9,no_masked_bg,0.85,0.9043,1.5379701051782166,0,14
7_transparent_FA_VisionCrack3,FA9,no_masked_bg,0.9,0.9163,1.5379701051782166,0,14
7_transparent_FA_VisionCrack3,FA9,no_masked_bg,0.95,1.0764,1.5379701051782166,0,14
7_transparent_FA_VisionCrack3,FA9,no_masked_bg,1.0,1.1319,1.5379701051782166,0,14
7_transparent_FA_VisionCrack3,FA9,no_masked_bg,1.5,1.6212,1.5379701051782166,0,14
7_transparent_FA_VisionCrack3,FA9,no_masked_bg,2.0,2.4334,1.5379701051782166,0,14
7_transparent_FA_VisionCrack3,FA9,no_masked_bg,2.5,2.67,1.5379701051782166,0,14
7_transparent_FA_VisionCrack3,FA9,lsf_sigma,0.5,0.4519,1.6100929031805584,0,14
7_transparent_FA_VisionCrack3,FA9,lsf_sigma,0.55,0.5388,1.6100929031805584,0,14
7_transparent_FA_VisionCrack3,FA9,lsf_sigma,0.6,0.6,1.6100929031805584,0,14
7_transparent_FA_VisionCrack3,FA9,lsf_sigma,0.65,0.6611,1.6100929031805584,0,14
7_transparent_FA_VisionCrack3,FA9,lsf_sigma,0.7,0.6663,1.6100929031805584,0,14
7_transparent_FA_VisionCrack3,FA9,lsf_sigma,0.75,0.7635,1.6100929031805584,0,14
7_transparent_FA_VisionCrack3,FA9,lsf_sigma,0.8,0.7951,1.6100929031805584,0,14
7_transparent_FA_VisionCrack3,FA9,lsf_sigma,0.85,0.8969,1.6100929031805584,0,14
7_transparent_FA_VisionCrack3,FA9,lsf_sigma,0.9,0.9081,1.6100929031805584,0,14
7_transparent_FA_VisionCrack3,FA9,lsf_sigma,0.95,1.0662,1.6100929031805584,0,14
7_transparent_FA_VisionCrack3,FA9,lsf_sigma,1.0,1.0777,1.6100929031805584,0,14
7_transparent_FA_VisionCrack3,FA9,lsf_sigma,1.5,1.5837,1.6100929031805584,0,14
7_transparent_FA_VisionCrack3,FA9,lsf_sigma,2.0,2.1154,1.6100929031805584,0,14
7_transparent_FA_VisionCrack3,FA9,lsf_sigma,2.5,2.556,1.6100929031805584,0,14
7_transparent_FA_VisionCrack3,FA9,no_deconv,0.5,0.4818,1.5379701051782166,0,14
7_transparent_FA_VisionCrack3,FA9,no_deconv,0.55,0.5619,1.5379701051782166,0,14
7_transparent_FA_VisionCrack3,FA9,no_deconv,0.6,0.6181,1.5379701051782166,0,14
7_transparent_FA_VisionCrack3,FA9,no_deconv,0.65,0.6753,1.5379701051782166,0,14
7_transparent_FA_VisionCrack3,FA9,no_deconv,0.7,0.6813,1.5379701051782166,0,14
7_transparent_FA_VisionCrack3,FA9,no_deconv,0.75,0.7751,1.5379701051782166,0,14
7_transparent_FA_VisionCrack3,FA9,no_deconv,0.8,0.8056,1.5379701051782166,0,14
7_transparent_FA_VisionCrack3,FA9,no_deconv,0.85,0.902,1.5379701051782166,0,14
7_transparent_FA_VisionCrack3,FA9,no_deconv,0.9,0.9137,1.5379701051782166,0,14
7_transparent_FA_VisionCrack3,FA9,no_deconv,0.95,1.0699,1.5379701051782166,0,14
7_transparent_FA_VisionCrack3,FA9,no_deconv,1.0,1.0636,1.5379701051782166,0,14
7_transparent_FA_VisionCrack3,FA9,no_deconv,1.5,1.5885,1.5379701051782166,0,14
7_transparent_FA_VisionCrack3,FA9,no_deconv,2.0,2.0987,1.5379701051782166,0,14
7_transparent_FA_VisionCrack3,FA9,no_deconv,2.5,2.5404,1.5379701051782166,0,14
7_transparent_FA_VisionCrack3,FA9,rev3_window,0.5,0.4755,1.5379701051782166,1,15
7_transparent_FA_VisionCrack3,FA9,rev3_window,0.55,0.5564,1.5379701051782166,1,15
7_transparent_FA_VisionCrack3,FA9,rev3_window,0.6,0.6474,1.5379701051782166,1,15
7_transparent_FA_VisionCrack3,FA9,rev3_window,0.65,0.6661,1.5379701051782166,1,15
7_transparent_FA_VisionCrack3,FA9,rev3_window,0.7,0.678,1.5379701051782166,1,15
7_transparent_FA_VisionCrack3,FA9,rev3_window,0.75,0.8186,1.5379701051782166,1,15
7_transparent_FA_VisionCrack3,FA9,rev3_window,0.8,0.7905,1.5379701051782166,1,15
7_transparent_FA_VisionCrack3,FA9,rev3_window,0.85,0.8976,1.5379701051782166,1,15
7_transparent_FA_VisionCrack3,FA9,rev3_window,0.9,1.2894,1.5379701051782166,1,15
7_transparent_FA_VisionCrack3,FA9,rev3_window,0.95,1.0409,1.5379701051782166,1,15
7_transparent_FA_VisionCrack3,FA9,rev3_window,1.0,1.3469,1.5379701051782166,1,15
7_transparent_FA_VisionCrack3,FA9,rev3_window,1.5,1.6714,1.5379701051782166,1,15
7_transparent_FA_VisionCrack3,FA9,rev3_window,2.0,2.449,1.5379701051782166,1,15
7_transparent_FA_VisionCrack3,FA9,rev3_window,2.5,2.6213,1.5379701051782166,1,15
7_transparent_FA_VisionCrack3,FA9,margin1.0,0.5,0.4538,1.5379701051782166,0,14
7_transparent_FA_VisionCrack3,FA9,margin1.0,0.55,0.5416,1.5379701051782166,0,14
7_transparent_FA_VisionCrack3,FA9,margin1.0,0.6,0.6009,1.5379701051782166,0,14
7_transparent_FA_VisionCrack3,FA9,margin1.0,0.65,0.6617,1.5379701051782166,0,14
7_transparent_FA_VisionCrack3,FA9,margin1.0,0.7,0.6672,1.5379701051782166,0,14
7_transparent_FA_VisionCrack3,FA9,margin1.0,0.75,0.7645,1.5379701051782166,0,14
7_transparent_FA_VisionCrack3,FA9,margin1.0,0.8,0.7968,1.5379701051782166,0,14
7_transparent_FA_VisionCrack3,FA9,margin1.0,0.85,0.8944,1.5379701051782166,0,14
7_transparent_FA_VisionCrack3,FA9,margin1.0,0.9,0.9068,1.5379701051782166,0,14
7_transparent_FA_VisionCrack3,FA9,margin1.0,0.95,1.0632,1.5379701051782166,0,14
7_transparent_FA_VisionCrack3,FA9,margin1.0,1.0,1.0593,1.5379701051782166,0,14
7_transparent_FA_VisionCrack3,FA9,margin1.0,1.5,1.5956,1.5379701051782166,0,14
7_transparent_FA_VisionCrack3,FA9,margin1.0,2.0,2.0943,1.5379701051782166,0,14
7_transparent_FA_VisionCrack3,FA9,margin1.0,2.5,2.5351,1.5379701051782166,0,14
7_transparent_FA_VisionCrack3,FA9,margin2.0,0.5,0.4557,1.5379701051782166,0,14
7_transparent_FA_VisionCrack3,FA9,margin2.0,0.55,0.5421,1.5379701051782166,0,14
7_transparent_FA_VisionCrack3,FA9,margin2.0,0.6,0.6018,1.5379701051782166,0,14
7_transparent_FA_VisionCrack3,FA9,margin2.0,0.65,0.6645,1.5379701051782166,0,14
7_transparent_FA_VisionCrack3,FA9,margin2.0,0.7,0.6674,1.5379701051782166,0,14
7_transparent_FA_VisionCrack3,FA9,margin2.0,0.75,0.7669,1.5379701051782166,0,14
7_transparent_FA_VisionCrack3,FA9,margin2.0,0.8,0.7962,1.5379701051782166,0,14
7_transparent_FA_VisionCrack3,FA9,margin2.0,0.85,0.8966,1.5379701051782166,0,14
7_transparent_FA_VisionCrack3,FA9,margin2.0,0.9,0.9077,1.5379701051782166,0,14
7_transparent_FA_VisionCrack3,FA9,margin2.0,0.95,1.0647,1.5379701051782166,0,14
7_transparent_FA_VisionCrack3,FA9,margin2.0,1.0,1.075,1.5379701051782166,0,14
7_transparent_FA_VisionCrack3,FA9,margin2.0,1.5,1.5772,1.5379701051782166,0,14
7_transparent_FA_VisionCrack3,FA9,margin2.0,2.0,2.0881,1.5379701051782166,0,14
7_transparent_FA_VisionCrack3,FA9,margin2.0,2.5,2.5568,1.5379701051782166,0,14
7_transparent_FA_VisionCrack3,FA9,smooth15,0.5,0.4535,1.5379701051782166,0,14
7_transparent_FA_VisionCrack3,FA9,smooth15,0.55,0.5385,1.5379701051782166,0,14
7_transparent_FA_VisionCrack3,FA9,smooth15,0.6,0.5959,1.5379701051782166,0,14
7_transparent_FA_VisionCrack3,FA9,smooth15,0.65,0.6514,1.5379701051782166,0,14
7_transparent_FA_VisionCrack3,FA9,smooth15,0.7,0.6711,1.5379701051782166,0,14
7_transparent_FA_VisionCrack3,FA9,smooth15,0.75,0.7602,1.5379701051782166,0,14
7_transparent_FA_VisionCrack3,FA9,smooth15,0.8,0.797,1.5379701051782166,0,14
7_transparent_FA_VisionCrack3,FA9,smooth15,0.85,0.8904,1.5379701051782166,0,14
7_transparent_FA_VisionCrack3,FA9,smooth15,0.9,0.9086,1.5379701051782166,0,14
7_transparent_FA_VisionCrack3,FA9,smooth15,0.95,1.0627,1.5379701051782166,0,14
7_transparent_FA_VisionCrack3,FA9,smooth15,1.0,1.0698,1.5379701051782166,0,14
7_transparent_FA_VisionCrack3,FA9,smooth15,1.5,1.5915,1.5379701051782166,0,14
7_transparent_FA_VisionCrack3,FA9,smooth15,2.0,2.0964,1.5379701051782166,0,14
7_transparent_FA_VisionCrack3,FA9,smooth15,2.5,2.5035,1.5379701051782166,0,14
7_transparent_FA_VisionCrack3,FA9,smooth35,0.5,0.4558,1.5379701051782166,0,14
7_transparent_FA_VisionCrack3,FA9,smooth35,0.55,0.5394,1.5379701051782166,0,14
7_transparent_FA_VisionCrack3,FA9,smooth35,0.6,0.6048,1.5379701051782166,0,14
7_transparent_FA_VisionCrack3,FA9,smooth35,0.65,0.6611,1.5379701051782166,0,14
7_transparent_FA_VisionCrack3,FA9,smooth35,0.7,0.6705,1.5379701051782166,0,14
7_transparent_FA_VisionCrack3,FA9,smooth35,0.75,0.7748,1.5379701051782166,0,14
7_transparent_FA_VisionCrack3,FA9,smooth35,0.8,0.7917,1.5379701051782166,0,14
7_transparent_FA_VisionCrack3,FA9,smooth35,0.85,0.8994,1.5379701051782166,0,14
7_transparent_FA_VisionCrack3,FA9,smooth35,0.9,0.907,1.5379701051782166,0,14
7_transparent_FA_VisionCrack3,FA9,smooth35,0.95,1.0673,1.5379701051782166,0,14
7_transparent_FA_VisionCrack3,FA9,smooth35,1.0,1.0585,1.5379701051782166,0,14
7_transparent_FA_VisionCrack3,FA9,smooth35,1.5,1.5906,1.5379701051782166,0,14
7_transparent_FA_VisionCrack3,FA9,smooth35,2.0,2.1037,1.5379701051782166,0,14
7_transparent_FA_VisionCrack3,FA9,smooth35,2.5,2.5571,1.5379701051782166,0,14
7_transparent_FA_VisionCrack3,FA9,band0.60,0.5,0.4543,1.5379701051782166,0,14
7_transparent_FA_VisionCrack3,FA9,band0.60,0.55,0.5412,1.5379701051782166,0,14
7_transparent_FA_VisionCrack3,FA9,band0.60,0.6,0.6007,1.5379701051782166,0,14
7_transparent_FA_VisionCrack3,FA9,band0.60,0.65,0.6607,1.5379701051782166,0,14
7_transparent_FA_VisionCrack3,FA9,band0.60,0.7,0.6669,1.5379701051782166,0,14
7_transparent_FA_VisionCrack3,FA9,band0.60,0.75,0.7643,1.5379701051782166,0,14
7_transparent_FA_VisionCrack3,FA9,band0.60,0.8,0.7958,1.5379701051782166,0,14
7_transparent_FA_VisionCrack3,FA9,band0.60,0.85,0.8947,1.5379701051782166,0,14
7_transparent_FA_VisionCrack3,FA9,band0.60,0.9,0.9068,1.5379701051782166,0,14
7_transparent_FA_VisionCrack3,FA9,band0.60,0.95,1.0659,1.5379701051782166,0,14
7_transparent_FA_VisionCrack3,FA9,band0.60,1.0,1.0597,1.5379701051782166,0,14
7_transparent_FA_VisionCrack3,FA9,band0.60,1.5,1.5888,1.5379701051782166,0,14
7_transparent_FA_VisionCrack3,FA9,band0.60,2.0,2.0998,1.5379701051782166,0,14
7_transparent_FA_VisionCrack3,FA9,band0.60,2.5,2.5411,1.5379701051782166,0,14
7_transparent_FA_VisionCrack3,FA9,win0.4,0.5,0.4543,1.5379701051782166,0,14
7_transparent_FA_VisionCrack3,FA9,win0.4,0.55,0.5398,1.5379701051782166,0,14
7_transparent_FA_VisionCrack3,FA9,win0.4,0.6,0.5947,1.5379701051782166,0,14
7_transparent_FA_VisionCrack3,FA9,win0.4,0.65,0.654,1.5379701051782166,0,14
7_transparent_FA_VisionCrack3,FA9,win0.4,0.7,0.6717,1.5379701051782166,0,14
7_transparent_FA_VisionCrack3,FA9,win0.4,0.75,0.7638,1.5379701051782166,0,14
7_transparent_FA_VisionCrack3,FA9,win0.4,0.8,0.7937,1.5379701051782166,0,14
7_transparent_FA_VisionCrack3,FA9,win0.4,0.85,0.8811,1.5379701051782166,0,14
7_transparent_FA_VisionCrack3,FA9,win0.4,0.9,0.9072,1.5379701051782166,0,14
7_transparent_FA_VisionCrack3,FA9,win0.4,0.95,1.0384,1.5379701051782166,0,14
7_transparent_FA_VisionCrack3,FA9,win0.4,1.0,1.1263,1.5379701051782166,0,14
7_transparent_FA_VisionCrack3,FA9,win0.4,1.5,1.5578,1.5379701051782166,0,14
7_transparent_FA_VisionCrack3,FA9,win0.4,2.0,2.0275,1.5379701051782166,0,14
7_transparent_FA_VisionCrack3,FA9,win0.4,2.5,2.5141,1.5379701051782166,0,14
7_transparent_FA_VisionCrack3,FA9,win0.8,0.5,0.4817,1.5379701051782166,0,14
7_transparent_FA_VisionCrack3,FA9,win0.8,0.55,0.5555,1.5379701051782166,0,14
7_transparent_FA_VisionCrack3,FA9,win0.8,0.6,0.6246,1.5379701051782166,0,14
7_transparent_FA_VisionCrack3,FA9,win0.8,0.65,0.6826,1.5379701051782166,0,14
7_transparent_FA_VisionCrack3,FA9,win0.8,0.7,0.6733,1.5379701051782166,0,14
7_transparent_FA_VisionCrack3,FA9,win0.8,0.75,0.8475,1.5379701051782166,0,14
7_transparent_FA_VisionCrack3,FA9,win0.8,0.8,0.7934,1.5379701051782166,0,14
7_transparent_FA_VisionCrack3,FA9,win0.8,0.85,0.893,1.5379701051782166,0,14
7_transparent_FA_VisionCrack3,FA9,win0.8,0.9,0.9228,1.5379701051782166,0,14
7_transparent_FA_VisionCrack3,FA9,win0.8,0.95,1.0378,1.5379701051782166,0,14
7_transparent_FA_VisionCrack3,FA9,win0.8,1.0,1.1086,1.5379701051782166,0,14
7_transparent_FA_VisionCrack3,FA9,win0.8,1.5,1.6355,1.5379701051782166,0,14
7_transparent_FA_VisionCrack3,FA9,win0.8,2.0,2.1066,1.5379701051782166,0,14
7_transparent_FA_VisionCrack3,FA9,win0.8,2.5,2.524,1.5379701051782166,0,14
