folder,tag,variant,truth,est,sigma,subres,n
5_transparent_W_VisionCrack3,W1,full,0.5,0.5452,1.777864926707129,0,14
5_transparent_W_VisionCrack3,W1,full,0.55,0.5757,1.777864926707129,0,14
5_transparent_W_VisionCrack3,W1,full,0.6,0.6557,1.777864926707129,0,14
5_transparent_W_VisionCrack3,W1,full,0.65,0.6743,1.777864926707129,0,14
5_transparent_W_VisionCrack3,W1,full,0.7,0.7111,1.777864926707129,0,14
5_transparent_W_VisionCrack3,W1,full,0.75,0.7531,1.777864926707129,0,14
5_transparent_W_VisionCrack3,W1,full,0.8,0.8329,1.777864926707129,0,14
5_transparent_W_VisionCrack3,W1,full,0.85,0.8824,1.777864926707129,0,14
5_transparent_W_VisionCrack3,W1,full,0.9,0.9286,1.777864926707129,0,14
5_transparent_W_VisionCrack3,W1,full,0.95,0.9607,1.777864926707129,0,14
5_transparent_W_VisionCrack3,W1,full,1.0,0.9932,1.777864926707129,0,14
5_transparent_W_VisionCrack3,W1,full,1.5,1.5333,1.777864926707129,0,14
5_transparent_W_VisionCrack3,W1,full,2.0,1.9704,1.777864926707129,0,14
5_transparent_W_VisionCrack3,W1,full,2.5,2.3845,1.777864926707129,0,14
5_transparent_W_VisionCrack3,W1,no_masked_bg,0.5,0.5461,1.777864926707129,0,14
5_transparent_W_VisionCrack3,W1,no_masked_bg,0.55,0.5762,1.777864926707129,0,14
5_transparent_W_VisionCrack3,W1,no_masked_bg,0.6,0.6559,1.777864926707129,0,14
5_transparent_W_VisionCrack3,W1,no_masked_bg,0.65,0.6756,1.777864926707129,0,14
5_transparent_W_VisionCrack3,W1,no_masked_bg,0.7,0.7122,1.777864926707129,0,14
5_transparent_W_VisionCrack3,W1,no_masked_bg,0.75,0.7542,1.777864926707129,0,14
5_transparent_W_VisionCrack3,W1,no_masked_bg,0.8,0.8345,1.777864926707129,0,14
5_transparent_W_VisionCrack3,W1,no_masked_bg,0.85,0.8841,1.777864926707129,0,14
5_transparent_W_VisionCrack3,W1,no_masked_bg,0.9,0.93,1.777864926707129,0,14
5_transparent_W_VisionCrack3,W1,no_masked_bg,0.95,0.962,1.777864926707129,0,14
5_transparent_W_VisionCrack3,W1,no_masked_bg,1.0,0.9954,1.777864926707129,0,14
5_transparent_W_VisionCrack3,W1,no_masked_bg,1.5,1.5659,1.777864926707129,0,14
5_transparent_W_VisionCrack3,W1,no_masked_bg,2.0,2.1327,1.777864926707129,0,14
5_transparent_W_VisionCrack3,W1,no_masked_bg,2.5,2.5293,1.777864926707129,0,14
5_transparent_W_VisionCrack3,W1,lsf_sigma,0.5,0.5345,2.009775464712119,0,14
5_transparent_W_VisionCrack3,W1,lsf_sigma,0.55,0.5659,2.009775464712119,0,14
5_transparent_W_VisionCrack3,W1,lsf_sigma,0.6,0.6478,2.009775464712119,0,14
5_transparent_W_VisionCrack3,W1,lsf_sigma,0.65,0.6666,2.009775464712119,0,14
5_transparent_W_VisionCrack3,W1,lsf_sigma,0.7,0.7046,2.009775464712119,0,14
5_transparent_W_VisionCrack3,W1,lsf_sigma,0.75,0.7471,2.009775464712119,0,14
5_transparent_W_VisionCrack3,W1,lsf_sigma,0.8,0.8285,2.009775464712119,0,14
5_transparent_W_VisionCrack3,W1,lsf_sigma,0.85,0.8789,2.009775464712119,0,14
5_transparent_W_VisionCrack3,W1,lsf_sigma,0.9,0.9251,2.009775464712119,0,14
5_transparent_W_VisionCrack3,W1,lsf_sigma,0.95,0.9579,2.009775464712119,0,14
5_transparent_W_VisionCrack3,W1,lsf_sigma,1.0,0.9911,2.009775464712119,0,14
5_transparent_W_VisionCrack3,W1,lsf_sigma,1.5,1.5353,2.009775464712119,0,14
5_transparent_W_VisionCrack3,W1,lsf_sigma,2.0,1.9779,2.009775464712119,0,14
5_transparent_W_VisionCrack3,W1,lsf_sigma,2.5,2.3955,2.009775464712119,0,14
5_transparent_W_VisionCrack3,W1,no_deconv,0.5,0.4929,1.777864926707129,0,14
5_transparent_W_VisionCrack3,W1,no_deconv,0.55,0.5233,1.777864926707129,0,14
5_transparent_W_VisionCrack3,W1,no_deconv,0.6,0.604,1.777864926707129,0,14
5_transparent_W_VisionCrack3,W1,no_deconv,0.65,0.6228,1.777864926707129,0,14
5_transparent_W_VisionCrack3,W1,no_deconv,0.7,0.6602,1.777864926707129,0,14
5_transparent_W_VisionCrack3,W1,no_deconv,0.75,0.7033,1.777864926707129,0,14
5_transparent_W_VisionCrack3,W1,no_deconv,0.8,0.7859,1.777864926707129,0,14
5_transparent_W_VisionCrack3,W1,no_deconv,0.85,0.8373,1.777864926707129,0,14
5_transparent_W_VisionCrack3,W1,no_deconv,0.9,0.8857,1.777864926707129,0,14
5_transparent_W_VisionCrack3,W1,no_deconv,0.95,0.9195,1.777864926707129,0,14
5_transparent_W_VisionCrack3,W1,no_deconv,1.0,0.9539,1.777864926707129,0,14
5_transparent_W_VisionCrack3,W1,no_deconv,1.5,1.5263,1.777864926707129,0,14
5_transparent_W_VisionCrack3,W1,no_deconv,2.0,1.9935,1.777864926707129,0,14
5_transparent_W_VisionCrack3,W1,no_deconv,2.5,2.4375,1.777864926707129,0,14
5_transparent_W_VisionCrack3,W1,rev3_window,0.5,0.5458,1.777864926707129,0,14
5_transparent_W_VisionCrack3,W1,rev3_window,0.55,0.5773,1.777864926707129,0,14
5_transparent_W_VisionCrack3,W1,rev3_window,0.6,0.6551,1.777864926707129,0,14
5_transparent_W_VisionCrack3,W1,rev3_window,0.65,0.6778,1.777864926707129,0,14
5_transparent_W_VisionCrack3,W1,rev3_window,0.7,0.7108,1.777864926707129,0,14
5_transparent_W_VisionCrack3,W1,rev3_window,0.75,0.7536,1.777864926707129,0,14
5_transparent_W_VisionCrack3,W1,rev3_window,0.8,0.8285,1.777864926707129,0,14
5_transparent_W_VisionCrack3,W1,rev3_window,0.85,0.8786,1.777864926707129,0,14
5_transparent_W_VisionCrack3,W1,rev3_window,0.9,0.9322,1.777864926707129,0,14
5_transparent_W_VisionCrack3,W1,rev3_window,0.95,0.9627,1.777864926707129,0,14
5_transparent_W_VisionCrack3,W1,rev3_window,1.0,0.993,1.777864926707129,0,14
5_transparent_W_VisionCrack3,W1,rev3_window,1.5,1.5325,1.777864926707129,0,14
5_transparent_W_VisionCrack3,W1,rev3_window,2.0,1.9685,1.777864926707129,0,14
5_transparent_W_VisionCrack3,W1,rev3_window,2.5,2.366,1.777864926707129,0,14
5_transparent_W_VisionCrack3,W1,margin1.0,0.5,0.5441,1.777864926707129,0,14
5_transparent_W_VisionCrack3,W1,margin1.0,0.55,0.5755,1.777864926707129,0,14
5_transparent_W_VisionCrack3,W1,margin1.0,0.6,0.655,1.777864926707129,0,14
5_transparent_W_VisionCrack3,W1,margin1.0,0.65,0.6741,1.777864926707129,0,14
5_transparent_W_VisionCrack3,W1,margin1.0,0.7,0.7115,1.777864926707129,0,14
5_transparent_W_VisionCrack3,W1,margin1.0,0.75,0.7526,1.777864926707129,0,14
5_transparent_W_VisionCrack3,W1,margin1.0,0.8,0.8327,1.777864926707129,0,14
5_transparent_W_VisionCrack3,W1,margin1.0,0.85,0.8815,1.777864926707129,0,14
5_transparent_W_VisionCrack3,W1,margin1.0,0.9,0.9273,1.777864926707129,0,14
5_transparent_W_VisionCrack3,W1,margin1.0,0.95,0.9608,1.777864926707129,0,14
5_transparent_W_VisionCrack3,W1,margin1.0,1.0,0.9932,1.777864926707129,0,14
5_transparent_W_VisionCrack3,W1,margin1.0,1.5,1.5311,1.777864926707129,0,14
5_transparent_W_VisionCrack3,W1,margin1.0,2.0,1.9657,1.777864926707129,0,14
5_transparent_W_VisionCrack3,W1,margin1.0,2.5,2.3715,1.777864926707129,0,14
5_transparent_W_VisionCrack3,W1,margin2.0,0.5,0.5455,1.777864926707129,0,14
5_transparent_W_VisionCrack3,W1,margin2.0,0.55,0.5758,1.777864926707129,0,14
5_transparent_W_VisionCrack3,W1,margin2.0,0.6,0.6557,1.777864926707129,0,14
5_transparent_W_VisionCrack3,W1,margin2.0,0.65,0.6745,1.777864926707129,0,14
5_transparent_W_VisionCrack3,W1,margin2.0,0.7,0.7118,1.777864926707129,0,14
5_transparent_W_VisionCrack3,W1,margin2.0,0.75,0.7535,1.777864926707129,0,14
5_transparent_W_VisionCrack3,W1,margin2.0,0.8,0.8336,1.777864926707129,0,14
5_transparent_W_VisionCrack3,W1,margin2.0,0.85,0.8829,1.777864926707129,0,14
5_transparent_W_VisionCrack3,W1,margin2.0,0.9,0.9286,1.777864926707129,0,14
5_transparent_W_VisionCrack3,W1,margin2.0,0.95,0.9609,1.777864926707129,0,14
5_transparent_W_VisionCrack3,W1,margin2.0,1.0,0.9943,1.777864926707129,0,14
5_transparent_W_VisionCrack3,W1,margin2.0,1.5,1.5333,1.777864926707129,0,14
5_transparent_W_VisionCrack3,W1,margin2.0,2.0,1.972,1.777864926707129,0,14
5_transparent_W_VisionCrack3,W1,margin2.0,2.5,2.3886,1.777864926707129,0,14
5_transparent_W_VisionCrack3,W1,smooth15,0.5,0.5456,1.777864926707129,0,14
5_transparent_W_VisionCrack3,W1,smooth15,0.55,0.5755,1.777864926707129,0,14
5_transparent_W_VisionCrack3,W1,smooth15,0.6,0.6557,1.777864926707129,0,14
5_transparent_W_VisionCrack3,W1,smooth15,0.65,0.6742,1.777864926707129,0,14
5_transparent_W_VisionCrack3,W1,smooth15,0.7,0.7102,1.777864926707129,0,14
5_transparent_W_VisionCrack3,W1,smooth15,0.75,0.7522,1.777864926707129,0,14
5_transparent_W_VisionCrack3,W1,smooth15,0.8,0.8327,1.777864926707129,0,14
5_transparent_W_VisionCrack3,W1,smooth15,0.85,0.8824,1.777864926707129,0,14
5_transparent_W_VisionCrack3,W1,smooth15,0.9,0.9288,1.777864926707129,0,14
5_transparent_W_VisionCrack3,W1,smooth15,0.95,0.9604,1.777864926707129,0,14
5_transparent_W_VisionCrack3,W1,smooth15,1.0,0.9919,1.777864926707129,0,14
5_transparent_W_VisionCrack3,W1,smooth15,1.5,1.5332,1.777864926707129,0,14
5_transparent_W_VisionCrack3,W1,smooth15,2.0,1.9688,1.777864926707129,0,14
5_transparent_W_VisionCrack3,W1,smooth15,2.5,2.3815,1.777864926707129,0,14
5_transparent_W_VisionCrack3,W1,smooth35,0.5,0.5454,1.777864926707129,0,14
5_transparent_W_VisionCrack3,W1,smooth35,0.55,0.5758,1.777864926707129,0,14
5_transparent_W_VisionCrack3,W1,smooth35,0.6,0.6559,1.777864926707129,0,14
5_transparent_W_VisionCrack3,W1,smooth35,0.65,0.6744,1.777864926707129,0,14
5_transparent_W_VisionCrack3,W1,smooth35,0.7,0.7116,1.777864926707129,0,14
5_transparent_W_VisionCrack3,W1,smooth35,0.75,0.7536,1.777864926707129,0,14
5_transparent_W_VisionCrack3,W1,smooth35,0.8,0.8331,1.777864926707129,0,14
5_transparent_W_VisionCrack3,W1,smooth35,0.85,0.8829,1.777864926707129,0,14
5_transparent_W_VisionCrack3,W1,smooth35,0.9,0.9288,1.777864926707129,0,14
5_transparent_W_VisionCrack3,W1,smooth35,0.95,0.961,1.777864926707129,0,14
5_transparent_W_VisionCrack3,W1,smooth35,1.0,0.9942,1.777864926707129,0,14
5_transparent_W_VisionCrack3,W1,smooth35,1.5,1.5337,1.777864926707129,0,14
5_transparent_W_VisionCrack3,W1,smooth35,2.0,1.9728,1.777864926707129,0,14
5_transparent_W_VisionCrack3,W1,smooth35,2.5,2.3872,1.777864926707129,0,14
5_transparent_W_VisionCrack3,W1,band0.60,0.5,0.5452,1.777864926707129,0,14
5_transparent_W_VisionCrack3,W1,band0.60,0.55,0.5757,1.777864926707129,0,14
5_transparent_W_VisionCrack3,W1,band0.60,0.6,0.6557,1.777864926707129,0,14
5_transparent_W_VisionCrack3,W1,band0.60,0.65,0.6743,1.777864926707129,0,14
5_transparent_W_VisionCrack3,W1,band0.60,0.7,0.7111,1.777864926707129,0,14
5_transparent_W_VisionCrack3,W1,band0.60,0.75,0.7531,1.777864926707129,0,14
5_transparent_W_VisionCrack3,W1,band0.60,0.8,0.8329,1.777864926707129,0,14
5_transparent_W_VisionCrack3,W1,band0.60,0.85,0.8824,1.777864926707129,0,14
5_transparent_W_VisionCrack3,W1,band0.60,0.9,0.9286,1.777864926707129,0,14
5_transparent_W_VisionCrack3,W1,band0.60,0.95,0.9607,1.777864926707129,0,14
5_transparent_W_VisionCrack3,W1,band0.60,1.0,0.9932,1.777864926707129,0,14
5_transparent_W_VisionCrack3,W1,band0.60,1.5,1.5333,1.777864926707129,0,14
5_transparent_W_VisionCrack3,W1,band0.60,2.0,1.9704,1.777864926707129,0,14
5_transparent_W_VisionCrack3,W1,band0.60,2.5,2.3845,1.777864926707129,0,14
5_transparent_W_VisionCrack3,W1,win0.4,0.5,0.5424,1.777864926707129,0,14
5_transparent_W_VisionCrack3,W1,win0.4,0.55,0.5743,1.777864926707129,0,14
5_transparent_W_VisionCrack3,W1,win0.4,0.6,0.6556,1.777864926707129,0,14
5_transparent_W_VisionCrack3,W1,win0.4,0.65,0.6724,1.777864926707129,0,14
5_transparent_W_VisionCrack3,W1,win0.4,0.7,0.7103,1.777864926707129,0,14
5_transparent_W_VisionCrack3,W1,win0.4,0.75,0.7514,1.777864926707129,0,14
5_transparent_W_VisionCrack3,W1,win0.4,0.8,0.8313,1.777864926707129,0,14
5_transparent_W_VisionCrack3,W1,win0.4,0.85,0.8788,1.777864926707129,0,14
5_transparent_W_VisionCrack3,W1,win0.4,0.9,0.931,1.777864926707129,0,14
5_transparent_W_VisionCrack3,W1,win0.4,0.95,0.9597,1.777864926707129,0,14
5_transparent_W_VisionCrack3,W1,win0.4,1.0,0.991,1.777864926707129,0,14
5_transparent_W_VisionCrack3,W1,win0.4,1.5,1.5316,1.777864926707129,0,14
5_transparent_W_VisionCrack3,W1,win0.4,2.0,1.9715,1.777864926707129,0,14
5_transparent_W_VisionCrack3,W1,win0.4,2.5,2.3875,1.777864926707129,0,14
5_transparent_W_VisionCrack3,W1,win0.8,0.5,0.5453,1.777864926707129,0,14
5_transparent_W_VisionCrack3,W1,win0.8,0.55,0.5766,1.777864926707129,0,14
5_transparent_W_VisionCrack3,W1,win0.8,0.6,0.6556,1.777864926707129,0,14
5_transparent_W_VisionCrack3,W1,win0.8,0.65,0.6764,1.777864926707129,0,14
5_transparent_W_VisionCrack3,W1,win0.8,0.7,0.7114,1.777864926707129,0,14
5_transparent_W_VisionCrack3,W1,win0.8,0.75,0.7532,1.777864926707129,0,14
5_transparent_W_VisionCrack3,W1,win0.8,0.8,0.834,1.777864926707129,0,14
5_transparent_W_VisionCrack3,W1,win0.8,0.85,0.8833,1.777864926707129,0,14
5_transparent_W_VisionCrack3,W1,win0.8,0.9,0.9307,1.777864926707129,0,14
5_transparent_W_VisionCrack3,W1,win0.8,0.95,0.9618,1.777864926707129,0,14
5_transparent_W_VisionCrack3,W1,win0.8,1.0,0.9942,1.777864926707129,0,14
5_transparent_W_VisionCrack3,W1,win0.8,1.5,1.5323,1.777864926707129,0,14
5_transparent_W_VisionCrack3,W1,win0.8,2.0,1.9708,1.777864926707129,0,14
5_transparent_W_VisionCrack3,W1,win0.8,2.5,2.3852,1.777864926707129,0,14
5_transparent_W_VisionCrack3,W10,full,0.5,0.5416,1.7501201153646142,0,14
5_transparent_W_VisionCrack3,W10,full,0.55,0.5782,1.7501201153646142,0,14
5_transparent_W_VisionCrack3,W10,full,0.6,0.657,1.7501201153646142,0,14
5_transparent_W_VisionCrack3,W10,full,0.65,0.671,1.7501201153646142,0,14
5_transparent_W_VisionCrack3,W10,full,0.7,0.7212,1.7501201153646142,0,14
5_transparent_W_VisionCrack3,W10,full,0.75,0.7582,1.7501201153646142,0,14
5_transparent_W_VisionCrack3,W10,full,0.8,0.8323,1.7501201153646142,0,14
5_transparent_W_VisionCrack3,W10,full,0.85,0.8911,1.7501201153646142,0,14
5_transparent_W_VisionCrack3,W10,full,0.9,0.9268,1.7501201153646142,0,14
5_transparent_W_VisionCrack3,W10,full,0.95,0.9659,1.7501201153646142,0,14
5_transparent_W_VisionCrack3,W10,full,1.0,1.001,1.7501201153646142,0,14
5_transparent_W_VisionCrack3,W10,full,1.5,1.5319,1.7501201153646142,0,14
5_transparent_W_VisionCrack3,W10,full,2.0,1.9577,1.7501201153646142,0,14
5_transparent_W_VisionCrack3,W10,full,2.5,2.3522,1.7501201153646142,0,14
5_transparent_W_VisionCrack3,W10,no_masked_bg,0.5,0.5507,1.7501201153646142,0,14
5_transparent_W_VisionCrack3,W10,no_masked_bg,0.55,0.5879,1.7501201153646142,0,14
5_transparent_W_VisionCrack3,W10,no_masked_bg,0.6,0.6673,1.7501201153646142,0,14
5_transparent_W_VisionCrack3,W10,no_masked_bg,0.65,0.6793,1.7501201153646142,0,14
5_transparent_W_VisionCrack3,W10,no_masked_bg,0.7,0.7298,1.7501201153646142,0,14
5_transparent_W_VisionCrack3,W10,no_masked_bg,0.75,0.7681,1.7501201153646142,0,14
5_transparent_W_VisionCrack3,W10,no_masked_bg,0.8,0.844,1.7501201153646142,0,14
5_transparent_W_VisionCrack3,W10,no_masked_bg,0.85,0.9267,1.7501201153646142,0,14
5_transparent_W_VisionCrack3,W10,no_masked_bg,0.9,0.9531,1.7501201153646142,0,14
5_transparent_W_VisionCrack3,W10,no_masked_bg,0.95,0.9893,1.7501201153646142,0,14
5_transparent_W_VisionCrack3,W10,no_masked_bg,1.0,1.0213,1.7501201153646142,0,14
5_transparent_W_VisionCrack3,W10,no_masked_bg,1.5,1.6315,1.7501201153646142,0,14
5_transparent_W_VisionCrack3,W10,no_masked_bg,2.0,2.1122,1.7501201153646142,0,14
5_transparent_W_VisionCrack3,W10,no_masked_bg,2.5,2.4452,1.7501201153646142,0,14
5_transparent_W_VisionCrack3,W10,lsf_sigma,0.5,0.5321,1.9848014987571156,0,14
5_transparent_W_VisionCrack3,W10,lsf_sigma,0.55,0.5682,1.9848014987571156,0,14
5_transparent_W_VisionCrack3,W10,lsf_sigma,0.6,0.6486,1.9848014987571156,0,14
5_transparent_W_VisionCrack3,W10,lsf_sigma,0.65,0.6626,1.9848014987571156,0,14
5_transparent_W_VisionCrack3,W10,lsf_sigma,0.7,0.7134,1.9848014987571156,0,14
5_transparent_W_VisionCrack3,W10,lsf_sigma,0.75,0.7508,1.9848014987571156,0,14
5_transparent_W_VisionCrack3,W10,lsf_sigma,0.8,0.8273,1.9848014987571156,0,14
5_transparent_W_VisionCrack3,W10,lsf_sigma,0.85,0.8876,1.9848014987571156,0,14
5_transparent_W_VisionCrack3,W10,lsf_sigma,0.9,0.9237,1.9848014987571156,0,14
5_transparent_W_VisionCrack3,W10,lsf_sigma,0.95,0.9643,1.9848014987571156,0,14
5_transparent_W_VisionCrack3,W10,lsf_sigma,1.0,0.9971,1.9848014987571156,0,14
5_transparent_W_VisionCrack3,W10,lsf_sigma,1.5,1.5328,1.9848014987571156,0,14
5_transparent_W_VisionCrack3,W10,lsf_sigma,2.0,1.9603,1.9848014987571156,0,14
5_transparent_W_VisionCrack3,W10,lsf_sigma,2.5,2.3628,1.9848014987571156,0,14
5_transparent_W_VisionCrack3,W10,no_deconv,0.5,0.5019,1.7501201153646142,0,14
5_transparent_W_VisionCrack3,W10,no_deconv,0.55,0.5376,1.7501201153646142,0,14
5_transparent_W_VisionCrack3,W10,no_deconv,0.6,0.6157,1.7501201153646142,0,14
5_transparent_W_VisionCrack3,W10,no_deconv,0.65,0.6296,1.7501201153646142,0,14
5_transparent_W_VisionCrack3,W10,no_deconv,0.7,0.6797,1.7501201153646142,0,14
5_transparent_W_VisionCrack3,W10,no_deconv,0.75,0.717,1.7501201153646142,0,14
5_transparent_W_VisionCrack3,W10,no_deconv,0.8,0.7922,1.7501201153646142,0,14
5_transparent_W_VisionCrack3,W10,no_deconv,0.85,0.8522,1.7501201153646142,0,14
5_transparent_W_VisionCrack3,W10,no_deconv,0.9,0.8889,1.7501201153646142,0,14
5_transparent_W_VisionCrack3,W10,no_deconv,0.95,0.9292,1.7501201153646142,0,14
5_transparent_W_VisionCrack3,W10,no_deconv,1.0,0.9656,1.7501201153646142,0,14
5_transparent_W_VisionCrack3,W10,no_deconv,1.5,1.5174,1.7501201153646142,0,14
5_transparent_W_VisionCrack3,W10,no_deconv,2.0,1.9634,1.7501201153646142,0,14
5_transparent_W_VisionCrack3,W10,no_deconv,2.5,2.378,1.7501201153646142,0,14
5_transparent_W_VisionCrack3,W10,rev3_window,0.5,0.5517,1.7501201153646142,0,14
5_transparent_W_VisionCrack3,W10,rev3_window,0.55,0.5966,1.7501201153646142,0,14
5_transparent_W_VisionCrack3,W10,rev3_window,0.6,0.6676,1.7501201153646142,0,14
5_transparent_W_VisionCrack3,W10,rev3_window,0.65,0.6713,1.7501201153646142,0,14
5_transparent_W_VisionCrack3,W10,rev3_window,0.7,0.7252,1.7501201153646142,0,14
5_transparent_W_VisionCrack3,W10,rev3_window,0.75,0.7592,1.7501201153646142,0,14
5_transparent_W_VisionCrack3,W10,rev3_window,0.8,0.8314,1.7501201153646142,0,14
5_transparent_W_VisionCrack3,W10,rev3_window,0.85,0.8845,1.7501201153646142,0,14
5_transparent_W_VisionCrack3,W10,rev3_window,0.9,0.9225,1.7501201153646142,0,14
5_transparent_W_VisionCrack3,W10,rev3_window,0.95,0.9616,1.7501201153646142,0,14
5_transparent_W_VisionCrack3,W10,rev3_window,1.0,0.9994,1.7501201153646142,0,14
5_transparent_W_VisionCrack3,W10,rev3_window,1.5,1.5315,1.7501201153646142,0,14
5_transparent_W_VisionCrack3,W10,rev3_window,2.0,1.9585,1.7501201153646142,0,14
5_transparent_W_VisionCrack3,W10,rev3_window,2.5,2.3457,1.7501201153646142,0,14
5_transparent_W_VisionCrack3,W10,margin1.0,0.5,0.534,1.7501201153646142,0,14
5_transparent_W_VisionCrack3,W10,margin1.0,0.55,0.5745,1.7501201153646142,0,14
5_transparent_W_VisionCrack3,W10,margin1.0,0.6,0.6512,1.7501201153646142,0,14
5_transparent_W_VisionCrack3,W10,margin1.0,0.65,0.6636,1.7501201153646142,0,14
5_transparent_W_VisionCrack3,W10,margin1.0,0.7,0.7172,1.7501201153646142,0,14
5_transparent_W_VisionCrack3,W10,margin1.0,0.75,0.7531,1.7501201153646142,0,14
5_transparent_W_VisionCrack3,W10,margin1.0,0.8,0.8243,1.7501201153646142,0,14
5_transparent_W_VisionCrack3,W10,margin1.0,0.85,0.881,1.7501201153646142,0,14
5_transparent_W_VisionCrack3,W10,margin1.0,0.9,0.9176,1.7501201153646142,0,14
5_transparent_W_VisionCrack3,W10,margin1.0,0.95,0.9587,1.7501201153646142,0,14
5_transparent_W_VisionCrack3,W10,margin1.0,1.0,0.9981,1.7501201153646142,0,14
5_transparent_W_VisionCrack3,W10,margin1.0,1.5,1.5239,1.7501201153646142,0,14
5_transparent_W_VisionCrack3,W10,margin1.0,2.0,1.9438,1.7501201153646142,0,14
5_transparent_W_VisionCrack3,W10,margin1.0,2.5,2.3381,1.7501201153646142,0,14
5_transparent_W_VisionCrack3,W10,margin2.0,0.5,0.5447,1.7501201153646142,0,14
5_transparent_W_VisionCrack3,W10,margin2.0,0.55,0.5807,1.7501201153646142,0,14
5_transparent_W_VisionCrack3,W10,margin2.0,0.6,0.6592,1.7501201153646142,0,14
5_transparent_W_VisionCrack3,W10,margin2.0,0.65,0.6729,1.7501201153646142,0,14
5_transparent_W_VisionCrack3,W10,margin2.0,0.7,0.723,1.7501201153646142,0,14
5_transparent_W_VisionCrack3,W10,margin2.0,0.75,0.7607,1.7501201153646142,0,14
5_transparent_W_VisionCrack3,W10,margin2.0,0.8,0.8349,1.7501201153646142,0,14
5_transparent_W_VisionCrack3,W10,margin2.0,0.85,0.8962,1.7501201153646142,0,14
5_transparent_W_VisionCrack3,W10,margin2.0,0.9,0.9338,1.7501201153646142,0,14
5_transparent_W_VisionCrack3,W10,margin2.0,0.95,0.9717,1.7501201153646142,0,14
5_transparent_W_VisionCrack3,W10,margin2.0,1.0,1.0046,1.7501201153646142,0,14
5_transparent_W_VisionCrack3,W10,margin2.0,1.5,1.5362,1.7501201153646142,0,14
5_transparent_W_VisionCrack3,W10,margin2.0,2.0,1.9594,1.7501201153646142,0,14
5_transparent_W_VisionCrack3,W10,margin2.0,2.5,2.3662,1.7501201153646142,0,14
5_transparent_W_VisionCrack3,W10,smooth15,0.5,0.5412,1.7501201153646142,0,14
5_transparent_W_VisionCrack3,W10,smooth15,0.55,0.5769,1.7501201153646142,0,14
5_transparent_W_VisionCrack3,W10,smooth15,0.6,0.6546,1.7501201153646142,0,14
5_transparent_W_VisionCrack3,W10,smooth15,0.65,0.6703,1.7501201153646142,0,14
5_transparent_W_VisionCrack3,W10,smooth15,0.7,0.7205,1.7501201153646142,0,14
5_transparent_W_VisionCrack3,W10,smooth15,0.75,0.7577,1.7501201153646142,0,14
5_transparent_W_VisionCrack3,W10,smooth15,0.8,0.8313,1.7501201153646142,0,14
5_transparent_W_VisionCrack3,W10,smooth15,0.85,0.8874,1.7501201153646142,0,14
5_transparent_W_VisionCrack3,W10,smooth15,0.9,0.9252,1.7501201153646142,0,14
5_transparent_W_VisionCrack3,W10,smooth15,0.95,0.9641,1.7501201153646142,0,14
5_transparent_W_VisionCrack3,W10,smooth15,1.0,0.9988,1.7501201153646142,0,14
5_transparent_W_VisionCrack3,W10,smooth15,1.5,1.5273,1.7501201153646142,0,14
5_transparent_W_VisionCrack3,W10,smooth15,2.0,1.9534,1.7501201153646142,0,14
5_transparent_W_VisionCrack3,W10,smooth15,2.5,2.3451,1.7501201153646142,0,14
5_transparent_W_VisionCrack3,W10,smooth35,0.5,0.5443,1.7501201153646142,0,14
5_transparent_W_VisionCrack3,W10,smooth35,0.55,0.58,1.7501201153646142,0,14
5_transparent_W_VisionCrack3,W10,smooth35,0.6,0.6601,1.7501201153646142,0,14
5_transparent_W_VisionCrack3,W10,smooth35,0.65,0.6729,1.7501201153646142,0,14
5_transparent_W_VisionCrack3,W10,smooth35,0.7,0.7228,1.7501201153646142,0,14
5_transparent_W_VisionCrack3,W10,smooth35,0.75,0.7598,1.7501201153646142,0,14
5_transparent_W_VisionCrack3,W10,smooth35,0.8,0.8348,1.7501201153646142,0,14
5_transparent_W_VisionCrack3,W10,smooth35,0.85,0.8943,1.7501201153646142,0,14
5_transparent_W_VisionCrack3,W10,smooth35,0.9,0.9299,1.7501201153646142,0,14
5_transparent_W_VisionCrack3,W10,smooth35,0.95,0.9714,1.7501201153646142,0,14
5_transparent_W_VisionCrack3,W10,smooth35,1.0,1.0042,1.7501201153646142,0,14
5_transparent_W_VisionCrack3,W10,smooth35,1.5,1.5368,1.7501201153646142,0,14
5_transparent_W_VisionCrack3,W10,smooth35,2.0,1.9642,1.7501201153646142,0,14
5_transparent_W_VisionCrack3,W10,smooth35,2.5,2.3611,1.7501201153646142,0,14
5_transparent_W_VisionCrack3,W10,band0.60,0.5,0.5416,1.7501201153646142,0,14
5_transparent_W_VisionCrack3,W10,band0.60,0.55,0.5782,1.7501201153646142,0,14
5_transparent_W_VisionCrack3,W10,band0.60,0.6,0.657,1.7501201153646142,0,14
5_transparent_W_VisionCrack3,W10,band0.60,0.65,0.671,1.7501201153646142,0,14
5_transparent_W_VisionCrack3,W10,band0.60,0.7,0.7212,1.7501201153646142,0,14
5_transparent_W_VisionCrack3,W10,band0.60,0.75,0.7582,1.7501201153646142,0,14
5_transparent_W_VisionCrack3,W10,band0.60,0.8,0.8323,1.7501201153646142,0,14
5_transparent_W_VisionCrack3,W10,band0.60,0.85,0.8911,1.7501201153646142,0,14
5_transparent_W_VisionCrack3,W10,band0.60,0.9,0.9268,1.7501201153646142,0,14
5_transparent_W_VisionCrack3,W10,band0.60,0.95,0.9659,1.7501201153646142,0,14
5_transparent_W_VisionCrack3,W10,band0.60,1.0,1.001,1.7501201153646142,0,14
5_transparent_W_VisionCrack3,W10,band0.60,1.5,1.5319,1.7501201153646142,0,14
5_transparent_W_VisionCrack3,W10,band0.60,2.0,1.9577,1.7501201153646142,0,14
5_transparent_W_VisionCrack3,W10,band0.60,2.5,2.3522,1.7501201153646142,0,14
5_transparent_W_VisionCrack3,W10,win0.4,0.5,0.5289,1.7501201153646142,0,14
5_transparent_W_VisionCrack3,W10,win0.4,0.55,0.571,1.7501201153646142,0,14
5_transparent_W_VisionCrack3,W10,win0.4,0.6,0.6485,1.7501201153646142,0,14
5_transparent_W_VisionCrack3,W10,win0.4,0.65,0.6618,1.7501201153646142,0,14
5_transparent_W_VisionCrack3,W10,win0.4,0.7,0.7147,1.7501201153646142,0,14
5_transparent_W_VisionCrack3,W10,win0.4,0.75,0.7501,1.7501201153646142,0,14
5_transparent_W_VisionCrack3,W10,win0.4,0.8,0.8254,1.7501201153646142,0,14
5_transparent_W_VisionCrack3,W10,win0.4,0.85,0.882,1.7501201153646142,0,14
5_transparent_W_VisionCrack3,W10,win0.4,0.9,0.9223,1.7501201153646142,0,14
5_transparent_W_VisionCrack3,W10,win0.4,0.95,0.9564,1.7501201153646142,0,14
5_transparent_W_VisionCrack3,W10,win0.4,1.0,0.992,1.7501201153646142,0,14
5_transparent_W_VisionCrack3,W10,win0.4,1.5,1.5302,1.7501201153646142,0,14
5_transparent_W_VisionCrack3,W10,win0.4,2.0,1.9595,1.7501201153646142,0,14
5_transparent_W_VisionCrack3,W10,win0.4,2.5,2.3563,1.7501201153646142,0,14
5_transparent_W_VisionCrack3,W10,win0.8,0.5,0.5458,1.7501201153646142,0,14
5_transparent_W_VisionCrack3,W10,win0.8,0.55,0.5776,1.7501201153646142,0,14
5_transparent_W_VisionCrack3,W10,win0.8,0.6,0.6629,1.7501201153646142,0,14
5_transparent_W_VisionCrack3,W10,win0.8,0.65,0.6735,1.7501201153646142,0,14
5_transparent_W_VisionCrack3,W10,win0.8,0.7,0.723,1.7501201153646142,0,14
5_transparent_W_VisionCrack3,W10,win0.8,0.75,0.7588,1.7501201153646142,0,14
5_transparent_W_VisionCrack3,W10,win0.8,0.8,0.8327,1.7501201153646142,0,14
5_transparent_W_VisionCrack3,W10,win0.8,0.85,0.8893,1.7501201153646142,0,14
5_transparent_W_VisionCrack3,W10,win0.8,0.9,0.9268,1.7501201153646142,0,14
5_transparent_W_VisionCrack3,W10,win0.8,0.95,0.9639,1.7501201153646142,0,14
5_transparent_W_VisionCrack3,W10,win0.8,1.0,1.0009,1.7501201153646142,0,14
5_transparent_W_VisionCrack3,W10,win0.8,1.5,1.5285,1.7501201153646142,0,14
5_transparent_W_VisionCrack3,W10,win0.8,2.0,1.9575,1.7501201153646142,0,14
5_transparent_W_VisionCrack3,W10,win0.8,2.5,2.3532,1.7501201153646142,0,14
5_transparent_W_VisionCrack3,W2,full,0.5,0.5723,1.7470987203986623,0,14
5_transparent_W_VisionCrack3,W2,full,0.55,0.5899,1.7470987203986623,0,14
5_transparent_W_VisionCrack3,W2,full,0.6,0.6802,1.7470987203986623,0,14
5_transparent_W_VisionCrack3,W2,full,0.65,0.7082,1.7470987203986623,0,14
5_transparent_W_VisionCrack3,W2,full,0.7,0.7341,1.7470987203986623,0,14
5_transparent_W_VisionCrack3,W2,full,0.75,0.7632,1.7470987203986623,0,14
5_transparent_W_VisionCrack3,W2,full,0.8,0.854,1.7470987203986623,0,14
5_transparent_W_VisionCrack3,W2,full,0.85,0.9058,1.7470987203986623,0,14
5_transparent_W_VisionCrack3,W2,full,0.9,0.9417,1.7470987203986623,0,14
5_transparent_W_VisionCrack3,W2,full,0.95,0.9784,1.7470987203986623,0,14
5_transparent_W_VisionCrack3,W2,full,1.0,0.9957,1.7470987203986623,0,14
5_transparent_W_VisionCrack3,W2,full,1.5,1.5286,1.7470987203986623,0,14
5_transparent_W_VisionCrack3,W2,full,2.0,1.953,1.7470987203986623,0,14
5_transparent_W_VisionCrack3,W2,full,2.5,2.3579,1.7470987203986623,0,14
5_transparent_W_VisionCrack3,W2,no_masked_bg,0.5,0.5762,1.7470987203986623,0,14
5_transparent_W_VisionCrack3,W2,no_masked_bg,0.55,0.5929,1.7470987203986623,0,14
5_transparent_W_VisionCrack3,W2,no_masked_bg,0.6,0.6819,1.7470987203986623,0,14
5_transparent_W_VisionCrack3,W2,no_masked_bg,0.65,0.7112,1.7470987203986623,0,14
5_transparent_W_VisionCrack3,W2,no_masked_bg,0.7,0.7374,1.7470987203986623,0,14
5_transparent_W_VisionCrack3,W2,no_masked_bg,0.75,0.7732,1.7470987203986623,0,14
5_transparent_W_VisionCrack3,W2,no_masked_bg,0.8,0.8598,1.7470987203986623,0,14
5_transparent_W_VisionCrack3,W2,no_masked_bg,0.85,0.915,1.7470987203986623,0,14
5_transparent_W_VisionCrack3,W2,no_masked_bg,0.9,0.9488,1.7470987203986623,0,14
5_transparent_W_VisionCrack3,W2,no_masked_bg,0.95,0.9835,1.7470987203986623,0,14
5_transparent_W_VisionCrack3,W2,no_masked_bg,1.0,1.0008,1.7470987203986623,0,14
5_transparent_W_VisionCrack3,W2,no_masked_bg,1.5,1.5724,1.7470987203986623,0,14
5_transparent_W_VisionCrack3,W2,no_masked_bg,2.0,2.0954,1.7470987203986623,0,14
5_transparent_W_VisionCrack3,W2,no_masked_bg,2.5,2.4508,1.7470987203986623,0,14
5_transparent_W_VisionCrack3,W2,lsf_sigma,0.5,0.5593,2.0241495001505934,0,14
5_transparent_W_VisionCrack3,W2,lsf_sigma,0.55,0.577,2.0241495001505934,0,14
5_transparent_W_VisionCrack3,W2,lsf_sigma,0.6,0.6688,2.0241495001505934,0,14
5_transparent_W_VisionCrack3,W2,lsf_sigma,0.65,0.6976,2.0241495001505934,0,14
5_transparent_W_VisionCrack3,W2,lsf_sigma,0.7,0.7239,2.0241495001505934,0,14
5_transparent_W_VisionCrack3,W2,lsf_sigma,0.75,0.7541,2.0241495001505934,0,14
5_transparent_W_VisionCrack3,W2,lsf_sigma,0.8,0.846,2.0241495001505934,0,14
5_transparent_W_VisionCrack3,W2,lsf_sigma,0.85,0.8995,2.0241495001505934,0,14
5_transparent_W_VisionCrack3,W2,lsf_sigma,0.9,0.9355,2.0241495001505934,0,14
5_transparent_W_VisionCrack3,W2,lsf_sigma,0.95,0.9725,2.0241495001505934,0,14
5_transparent_W_VisionCrack3,W2,lsf_sigma,1.0,0.989,2.0241495001505934,0,14
5_transparent_W_VisionCrack3,W2,lsf_sigma,1.5,1.5275,2.0241495001505934,0,14
5_transparent_W_VisionCrack3,W2,lsf_sigma,2.0,1.9544,2.0241495001505934,0,14
5_transparent_W_VisionCrack3,W2,lsf_sigma,2.5,2.3627,2.0241495001505934,0,14
5_transparent_W_VisionCrack3,W2,no_deconv,0.5,0.5332,1.7470987203986623,0,14
5_transparent_W_VisionCrack3,W2,no_deconv,0.55,0.5507,1.7470987203986623,0,14
5_transparent_W_VisionCrack3,W2,no_deconv,0.6,0.6411,1.7470987203986623,0,14
5_transparent_W_VisionCrack3,W2,no_deconv,0.65,0.6694,1.7470987203986623,0,14
5_transparent_W_VisionCrack3,W2,no_deconv,0.7,0.6955,1.7470987203986623,0,14
5_transparent_W_VisionCrack3,W2,no_deconv,0.75,0.725,1.7470987203986623,0,14
5_transparent_W_VisionCrack3,W2,no_deconv,0.8,0.8178,1.7470987203986623,0,14
5_transparent_W_VisionCrack3,W2,no_deconv,0.85,0.8712,1.7470987203986623,0,14
5_transparent_W_VisionCrack3,W2,no_deconv,0.9,0.9084,1.7470987203986623,0,14
5_transparent_W_VisionCrack3,W2,no_deconv,0.95,0.9463,1.7470987203986623,0,14
5_transparent_W_VisionCrack3,W2,no_deconv,1.0,0.9645,1.7470987203986623,0,14
5_transparent_W_VisionCrack3,W2,no_deconv,1.5,1.5227,1.7470987203986623,0,14
5_transparent_W_VisionCrack3,W2,no_deconv,2.0,1.9711,1.7470987203986623,0,14
5_transparent_W_VisionCrack3,W2,no_deconv,2.5,2.3999,1.7470987203986623,0,14
5_transparent_W_VisionCrack3,W2,rev3_window,0.5,0.5783,1.7470987203986623,0,14
5_transparent_W_VisionCrack3,W2,rev3_window,0.55,0.599,1.7470987203986623,0,14
5_transparent_W_VisionCrack3,W2,rev3_window,0.6,0.6835,1.7470987203986623,0,14
5_transparent_W_VisionCrack3,W2,rev3_window,0.65,0.7139,1.7470987203986623,0,14
5_transparent_W_VisionCrack3,W2,rev3_window,0.7,0.7385,1.7470987203986623,0,14
5_transparent_W_VisionCrack3,W2,rev3_window,0.75,0.7601,1.7470987203986623,0,14
5_transparent_W_VisionCrack3,W2,rev3_window,0.8,0.8563,1.7470987203986623,0,14
5_transparent_W_VisionCrack3,W2,rev3_window,0.85,0.9083,1.7470987203986623,0,14
5_transparent_W_VisionCrack3,W2,rev3_window,0.9,0.9408,1.7470987203986623,0,14
5_transparent_W_VisionCrack3,W2,rev3_window,0.95,0.9788,1.7470987203986623,0,14
5_transparent_W_VisionCrack3,W2,rev3_window,1.0,1.0007,1.7470987203986623,0,14
5_transparent_W_VisionCrack3,W2,rev3_window,1.5,1.5256,1.7470987203986623,0,14
5_transparent_W_VisionCrack3,W2,rev3_window,2.0,1.9527,1.7470987203986623,0,14
5_transparent_W_VisionCrack3,W2,rev3_window,2.5,2.3522,1.7470987203986623,0,14
5_transparent_W_VisionCrack3,W2,margin1.0,0.5,0.5691,1.7470987203986623,0,14
5_transparent_W_VisionCrack3,W2,margin1.0,0.55,0.5877,1.7470987203986623,0,14
5_transparent_W_VisionCrack3,W2,margin1.0,0.6,0.6787,1.7470987203986623,0,14
5_transparent_W_VisionCrack3,W2,margin1.0,0.65,0.7061,1.7470987203986623,0,14
5_transparent_W_VisionCrack3,W2,margin1.0,0.7,0.7326,1.7470987203986623,0,14
5_transparent_W_VisionCrack3,W2,margin1.0,0.75,0.7602,1.7470987203986623,0,14
5_transparent_W_VisionCrack3,W2,margin1.0,0.8,0.8512,1.7470987203986623,0,14
5_transparent_W_VisionCrack3,W2,margin1.0,0.85,0.8997,1.7470987203986623,0,14
5_transparent_W_VisionCrack3,W2,margin1.0,0.9,0.9381,1.7470987203986623,0,14
5_transparent_W_VisionCrack3,W2,margin1.0,0.95,0.9758,1.7470987203986623,0,14
5_transparent_W_VisionCrack3,W2,margin1.0,1.0,0.9924,1.7470987203986623,0,14
5_transparent_W_VisionCrack3,W2,margin1.0,1.5,1.5232,1.7470987203986623,0,14
5_transparent_W_VisionCrack3,W2,margin1.0,2.0,1.9473,1.7470987203986623,0,14
5_transparent_W_VisionCrack3,W2,margin1.0,2.5,2.3391,1.7470987203986623,0,14
5_transparent_W_VisionCrack3,W2,margin2.0,0.5,0.5736,1.7470987203986623,0,14
5_transparent_W_VisionCrack3,W2,margin2.0,0.55,0.5906,1.7470987203986623,0,14
5_transparent_W_VisionCrack3,W2,margin2.0,0.6,0.6809,1.7470987203986623,0,14
5_transparent_W_VisionCrack3,W2,margin2.0,0.65,0.7088,1.7470987203986623,0,14
5_transparent_W_VisionCrack3,W2,margin2.0,0.7,0.7354,1.7470987203986623,0,14
5_transparent_W_VisionCrack3,W2,margin2.0,0.75,0.766,1.7470987203986623,0,14
5_transparent_W_VisionCrack3,W2,margin2.0,0.8,0.8565,1.7470987203986623,0,14
5_transparent_W_VisionCrack3,W2,margin2.0,0.85,0.9086,1.7470987203986623,0,14
5_transparent_W_VisionCrack3,W2,margin2.0,0.9,0.9439,1.7470987203986623,0,14
5_transparent_W_VisionCrack3,W2,margin2.0,0.95,0.9803,1.7470987203986623,0,14
5_transparent_W_VisionCrack3,W2,margin2.0,1.0,0.9957,1.7470987203986623,0,14
5_transparent_W_VisionCrack3,W2,margin2.0,1.5,1.5299,1.7470987203986623,0,14
5_transparent_W_VisionCrack3,W2,margin2.0,2.0,1.9553,1.7470987203986623,0,14
5_transparent_W_VisionCrack3,W2,margin2.0,2.5,2.3632,1.7470987203986623,0,14
5_transparent_W_VisionCrack3,W2,smooth15,0.5,0.5703,1.7470987203986623,0,14
5_transparent_W_VisionCrack3,W2,smooth15,0.55,0.5881,1.7470987203986623,0,14
5_transparent_W_VisionCrack3,W2,smooth15,0.6,0.6797,1.7470987203986623,0,14
5_transparent_W_VisionCrack3,W2,smooth15,0.65,0.707,1.7470987203986623,0,14
5_transparent_W_VisionCrack3,W2,smooth15,0.7,0.7331,1.7470987203986623,0,14
5_transparent_W_VisionCrack3,W2,smooth15,0.75,0.7612,1.7470987203986623,0,14
5_transparent_W_VisionCrack3,W2,smooth15,0.8,0.8528,1.7470987203986623,0,14
5_transparent_W_VisionCrack3,W2,smooth15,0.85,0.9037,1.7470987203986623,0,14
5_transparent_W_VisionCrack3,W2,smooth15,0.9,0.9402,1.7470987203986623,0,14
5_transparent_W_VisionCrack3,W2,smooth15,0.95,0.9775,1.7470987203986623,0,14
5_transparent_W_VisionCrack3,W2,smooth15,1.0,0.9952,1.7470987203986623,0,14
5_transparent_W_VisionCrack3,W2,smooth15,1.5,1.5276,1.7470987203986623,0,14
5_transparent_W_VisionCrack3,W2,smooth15,2.0,1.9485,1.7470987203986623,0,14
5_transparent_W_VisionCrack3,W2,smooth15,2.5,2.3535,1.7470987203986623,0,14
5_transparent_W_VisionCrack3,W2,smooth35,0.5,0.5731,1.7470987203986623,0,14
5_transparent_W_VisionCrack3,W2,smooth35,0.55,0.5903,1.7470987203986623,0,14
5_transparent_W_VisionCrack3,W2,smooth35,0.6,0.6808,1.7470987203986623,0,14
5_transparent_W_VisionCrack3,W2,smooth35,0.65,0.7086,1.7470987203986623,0,14
5_transparent_W_VisionCrack3,W2,smooth35,0.7,0.7352,1.7470987203986623,0,14
5_transparent_W_VisionCrack3,W2,smooth35,0.75,0.7655,1.7470987203986623,0,14
5_transparent_W_VisionCrack3,W2,smooth35,0.8,0.8558,1.7470987203986623,0,14
5_transparent_W_VisionCrack3,W2,smooth35,0.85,0.9074,1.7470987203986623,0,14
5_transparent_W_VisionCrack3,W2,smooth35,0.9,0.9438,1.7470987203986623,0,14
5_transparent_W_VisionCrack3,W2,smooth35,0.95,0.9799,1.7470987203986623,0,14
5_transparent_W_VisionCrack3,W2,smooth35,1.0,0.9968,1.7470987203986623,0,14
5_transparent_W_VisionCrack3,W2,smooth35,1.5,1.5298,1.7470987203986623,0,14
5_transparent_W_VisionCrack3,W2,smooth35,2.0,1.9556,1.7470987203986623,0,14
5_transparent_W_VisionCrack3,W2,smooth35,2.5,2.3622,1.7470987203986623,0,14
5_transparent_W_VisionCrack3,W2,band0.60,0.5,0.5723,1.7470987203986623,0,14
5_transparent_W_VisionCrack3,W2,band0.60,0.55,0.5899,1.7470987203986623,0,14
5_transparent_W_VisionCrack3,W2,band0.60,0.6,0.6802,1.7470987203986623,0,14
5_transparent_W_VisionCrack3,W2,band0.60,0.65,0.7082,1.7470987203986623,0,14
5_transparent_W_VisionCrack3,W2,band0.60,0.7,0.7341,1.7470987203986623,0,14
5_transparent_W_VisionCrack3,W2,band0.60,0.75,0.7632,1.7470987203986623,0,14
5_transparent_W_VisionCrack3,W2,band0.60,0.8,0.854,1.7470987203986623,0,14
5_transparent_W_VisionCrack3,W2,band0.60,0.85,0.9058,1.7470987203986623,0,14
5_transparent_W_VisionCrack3,W2,band0.60,0.9,0.9417,1.7470987203986623,0,14
5_transparent_W_VisionCrack3,W2,band0.60,0.95,0.9784,1.7470987203986623,0,14
5_transparent_W_VisionCrack3,W2,band0.60,1.0,0.9957,1.7470987203986623,0,14
5_transparent_W_VisionCrack3,W2,band0.60,1.5,1.5286,1.7470987203986623,0,14
5_transparent_W_VisionCrack3,W2,band0.60,2.0,1.953,1.7470987203986623,0,14
5_transparent_W_VisionCrack3,W2,band0.60,2.5,2.3579,1.7470987203986623,0,14
5_transparent_W_VisionCrack3,W2,win0.4,0.5,0.5679,1.7470987203986623,0,14
5_transparent_W_VisionCrack3,W2,win0.4,0.55,0.5866,1.7470987203986623,0,14
5_transparent_W_VisionCrack3,W2,win0.4,0.6,0.6716,1.7470987203986623,0,14
5_transparent_W_VisionCrack3,W2,win0.4,0.65,0.7006,1.7470987203986623,0,14
5_transparent_W_VisionCrack3,W2,win0.4,0.7,0.7273,1.7470987203986623,0,14
5_transparent_W_VisionCrack3,W2,win0.4,0.75,0.7558,1.7470987203986623,0,14
5_transparent_W_VisionCrack3,W2,win0.4,0.8,0.85,1.7470987203986623,0,14
5_transparent_W_VisionCrack3,W2,win0.4,0.85,0.897,1.7470987203986623,0,14
5_transparent_W_VisionCrack3,W2,win0.4,0.9,0.9385,1.7470987203986623,0,14
5_transparent_W_VisionCrack3,W2,win0.4,0.95,0.9768,1.7470987203986623,0,14
5_transparent_W_VisionCrack3,W2,win0.4,1.0,0.9963,1.7470987203986623,0,14
5_transparent_W_VisionCrack3,W2,win0.4,1.5,1.5304,1.7470987203986623,0,14
5_transparent_W_VisionCrack3,W2,win0.4,2.0,1.9546,1.7470987203986623,0,14
5_transparent_W_VisionCrack3,W2,win0.4,2.5,2.3605,1.7470987203986623,0,14
5_transparent_W_VisionCrack3,W2,win0.8,0.5,0.5771,1.7470987203986623,0,14
5_transparent_W_VisionCrack3,W2,win0.8,0.55,0.5932,1.7470987203986623,0,14
5_transparent_W_VisionCrack3,W2,win0.8,0.6,0.6808,1.7470987203986623,0,14
5_transparent_W_VisionCrack3,W2,win0.8,0.65,0.706,1.7470987203986623,0,14
5_transparent_W_VisionCrack3,W2,win0.8,0.7,0.7348,1.7470987203986623,0,14
5_transparent_W_VisionCrack3,W2,win0.8,0.75,0.7633,1.7470987203986623,0,14
5_transparent_W_VisionCrack3,W2,win0.8,0.8,0.8546,1.7470987203986623,0,14
5_transparent_W_VisionCrack3,W2,win0.8,0.85,0.9039,1.7470987203986623,0,14
5_transparent_W_VisionCrack3,W2,win0.8,0.9,0.9436,1.7470987203986623,0,14
5_transparent_W_VisionCrack3,W2,win0.8,0.95,0.9793,1.7470987203986623,0,14
5_transparent_W_VisionCrack3,W2,win0.8,1.0,0.9985,1.7470987203986623,0,14
5_transparent_W_VisionCrack3,W2,win0.8,1.5,1.5278,1.7470987203986623,0,14
5_transparent_W_VisionCrack3,W2,win0.8,2.0,1.9526,1.7470987203986623,0,14
5_transparent_W_VisionCrack3,W2,win0.8,2.5,2.3571,1.7470987203986623,0,14
5_transparent_W_VisionCrack3,W3,full,0.5,0.5404,1.7917297369885745,0,14
5_transparent_W_VisionCrack3,W3,full,0.55,0.5806,1.7917297369885745,0,14
5_transparent_W_VisionCrack3,W3,full,0.6,0.6617,1.7917297369885745,0,14
5_transparent_W_VisionCrack3,W3,full,0.65,0.6855,1.7917297369885745,0,14
5_transparent_W_VisionCrack3,W3,full,0.7,0.725,1.7917297369885745,0,14
5_transparent_W_VisionCrack3,W3,full,0.75,0.7541,1.7917297369885745,0,14
5_transparent_W_VisionCrack3,W3,full,0.8,0.8328,1.7917297369885745,0,14
5_transparent_W_VisionCrack3,W3,full,0.85,0.9062,1.7917297369885745,0,14
5_transparent_W_VisionCrack3,W3,full,0.9,0.9455,1.7917297369885745,0,14
5_transparent_W_VisionCrack3,W3,full,0.95,0.9713,1.7917297369885745,0,14
5_transparent_W_VisionCrack3,W3,full,1.0,1.0152,1.7917297369885745,0,14
5_transparent_W_VisionCrack3,W3,full,1.5,1.5213,1.7917297369885745,0,14
5_transparent_W_VisionCrack3,W3,full,2.0,1.9505,1.7917297369885745,0,14
5_transparent_W_VisionCrack3,W3,full,2.5,2.3453,1.7917297369885745,0,14
5_transparent_W_VisionCrack3,W3,no_masked_bg,0.5,0.5442,1.7917297369885745,0,14
5_transparent_W_VisionCrack3,W3,no_masked_bg,0.55,0.5842,1.7917297369885745,0,14
5_transparent_W_VisionCrack3,W3,no_masked_bg,0.6,0.6642,1.7917297369885745,0,14
5_transparent_W_VisionCrack3,W3,no_masked_bg,0.65,0.6909,1.7917297369885745,0,14
5_transparent_W_VisionCrack3,W3,no_masked_bg,0.7,0.7369,1.7917297369885745,0,14
5_transparent_W_VisionCrack3,W3,no_masked_bg,0.75,0.766,1.7917297369885745,0,14
5_transparent_W_VisionCrack3,W3,no_masked_bg,0.8,0.8448,1.7917297369885745,0,14
5_transparent_W_VisionCrack3,W3,no_masked_bg,0.85,0.9332,1.7917297369885745,0,14
5_transparent_W_VisionCrack3,W3,no_masked_bg,0.9,0.9811,1.7917297369885745,0,14
5_transparent_W_VisionCrack3,W3,no_masked_bg,0.95,0.9835,1.7917297369885745,0,14
5_transparent_W_VisionCrack3,W3,no_masked_bg,1.0,1.0275,1.7917297369885745,0,14
5_transparent_W_VisionCrack3,W3,no_masked_bg,1.5,1.61,1.7917297369885745,0,14
5_transparent_W_VisionCrack3,W3,no_masked_bg,2.0,2.1166,1.7917297369885745,0,14
5_transparent_W_VisionCrack3,W3,no_masked_bg,2.5,2.4756,1.7917297369885745,0,14
5_transparent_W_VisionCrack3,W3,lsf_sigma,0.5,0.5293,2.0090759662700273,0,14
5_transparent_W_VisionCrack3,W3,lsf_sigma,0.55,0.5702,2.0090759662700273,0,14
5_transparent_W_VisionCrack3,W3,lsf_sigma,0.6,0.6524,2.0090759662700273,0,14
5_transparent_W_VisionCrack3,W3,lsf_sigma,0.65,0.6771,2.0090759662700273,0,14
5_transparent_W_VisionCrack3,W3,lsf_sigma,0.7,0.7177,2.0090759662700273,0,14
5_transparent_W_VisionCrack3,W3,lsf_sigma,0.75,0.7469,2.0090759662700273,0,14
5_transparent_W_VisionCrack3,W3,lsf_sigma,0.8,0.8297,2.0090759662700273,0,14
5_transparent_W_VisionCrack3,W3,lsf_sigma,0.85,0.9026,2.0090759662700273,0,14
5_transparent_W_VisionCrack3,W3,lsf_sigma,0.9,0.9431,2.0090759662700273,0,14
5_transparent_W_VisionCrack3,W3,lsf_sigma,0.95,0.9686,2.0090759662700273,0,14
5_transparent_W_VisionCrack3,W3,lsf_sigma,1.0,1.0119,2.0090759662700273,0,14
5_transparent_W_VisionCrack3,W3,lsf_sigma,1.5,1.5214,2.0090759662700273,0,14
5_transparent_W_VisionCrack3,W3,lsf_sigma,2.0,1.9518,2.0090759662700273,0,14
5_transparent_W_VisionCrack3,W3,lsf_sigma,2.5,2.352,2.0090759662700273,0,14
5_transparent_W_VisionCrack3,W3,no_deconv,0.5,0.4982,1.7917297369885745,0,14
5_transparent_W_VisionCrack3,W3,no_deconv,0.55,0.538,1.7917297369885745,0,14
5_transparent_W_VisionCrack3,W3,no_deconv,0.6,0.6193,1.7917297369885745,0,14
5_transparent_W_VisionCrack3,W3,no_deconv,0.65,0.6433,1.7917297369885745,0,14
5_transparent_W_VisionCrack3,W3,no_deconv,0.7,0.6832,1.7917297369885745,0,14
5_transparent_W_VisionCrack3,W3,no_deconv,0.75,0.7129,1.7917297369885745,0,14
5_transparent_W_VisionCrack3,W3,no_deconv,0.8,0.7936,1.7917297369885745,0,14
5_transparent_W_VisionCrack3,W3,no_deconv,0.85,0.8695,1.7917297369885745,0,14
5_transparent_W_VisionCrack3,W3,no_deconv,0.9,0.9104,1.7917297369885745,0,14
5_transparent_W_VisionCrack3,W3,no_deconv,0.95,0.9375,1.7917297369885745,0,14
5_transparent_W_VisionCrack3,W3,no_deconv,1.0,0.9836,1.7917297369885745,0,14
5_transparent_W_VisionCrack3,W3,no_deconv,1.5,1.5165,1.7917297369885745,0,14
5_transparent_W_VisionCrack3,W3,no_deconv,2.0,1.972,1.7917297369885745,0,14
5_transparent_W_VisionCrack3,W3,no_deconv,2.5,2.3925,1.7917297369885745,0,14
5_transparent_W_VisionCrack3,W3,rev3_window,0.5,0.5571,1.7917297369885745,0,14
5_transparent_W_VisionCrack3,W3,rev3_window,0.55,0.5986,1.7917297369885745,0,14
5_transparent_W_VisionCrack3,W3,rev3_window,0.6,0.6678,1.7917297369885745,0,14
5_transparent_W_VisionCrack3,W3,rev3_window,0.65,0.6915,1.7917297369885745,0,14
5_transparent_W_VisionCrack3,W3,rev3_window,0.7,0.7301,1.7917297369885745,0,14
5_transparent_W_VisionCrack3,W3,rev3_window,0.75,0.7563,1.7917297369885745,0,14
5_transparent_W_VisionCrack3,W3,rev3_window,0.8,0.845,1.7917297369885745,0,14
5_transparent_W_VisionCrack3,W3,rev3_window,0.85,0.9016,1.7917297369885745,0,14
5_transparent_W_VisionCrack3,W3,rev3_window,0.9,0.9493,1.7917297369885745,0,14
5_transparent_W_VisionCrack3,W3,rev3_window,0.95,0.9691,1.7917297369885745,0,14
5_transparent_W_VisionCrack3,W3,rev3_window,1.0,1.014,1.7917297369885745,0,14
5_transparent_W_VisionCrack3,W3,rev3_window,1.5,1.5202,1.7917297369885745,0,14
5_transparent_W_VisionCrack3,W3,rev3_window,2.0,1.9543,1.7917297369885745,0,14
5_transparent_W_VisionCrack3,W3,rev3_window,2.5,2.3315,1.7917297369885745,0,14
5_transparent_W_VisionCrack3,W3,margin1.0,0.5,0.536,1.7917297369885745,0,14
5_transparent_W_VisionCrack3,W3,margin1.0,0.55,0.5762,1.7917297369885745,0,14
5_transparent_W_VisionCrack3,W3,margin1.0,0.6,0.6578,1.7917297369885745,0,14
5_transparent_W_VisionCrack3,W3,margin1.0,0.65,0.6829,1.7917297369885745,0,14
5_transparent_W_VisionCrack3,W3,margin1.0,0.7,0.7204,1.7917297369885745,0,14
5_transparent_W_VisionCrack3,W3,margin1.0,0.75,0.749,1.7917297369885745,0,14
5_transparent_W_VisionCrack3,W3,margin1.0,0.8,0.8286,1.7917297369885745,0,14
5_transparent_W_VisionCrack3,W3,margin1.0,0.85,0.9021,1.7917297369885745,0,14
5_transparent_W_VisionCrack3,W3,margin1.0,0.9,0.936,1.7917297369885745,0,14
5_transparent_W_VisionCrack3,W3,margin1.0,0.95,0.968,1.7917297369885745,0,14
5_transparent_W_VisionCrack3,W3,margin1.0,1.0,1.0108,1.7917297369885745,0,14
5_transparent_W_VisionCrack3,W3,margin1.0,1.5,1.5152,1.7917297369885745,0,14
5_transparent_W_VisionCrack3,W3,margin1.0,2.0,1.9395,1.7917297369885745,0,14
5_transparent_W_VisionCrack3,W3,margin1.0,2.5,2.3284,1.7917297369885745,0,14
5_transparent_W_VisionCrack3,W3,margin2.0,0.5,0.5421,1.7917297369885745,0,14
5_transparent_W_VisionCrack3,W3,margin2.0,0.55,0.5816,1.7917297369885745,0,14
5_transparent_W_VisionCrack3,W3,margin2.0,0.6,0.6624,1.7917297369885745,0,14
5_transparent_W_VisionCrack3,W3,margin2.0,0.65,0.6869,1.7917297369885745,0,14
5_transparent_W_VisionCrack3,W3,margin2.0,0.7,0.7278,1.7917297369885745,0,14
5_transparent_W_VisionCrack3,W3,margin2.0,0.75,0.7557,1.7917297369885745,0,14
5_transparent_W_VisionCrack3,W3,margin2.0,0.8,0.838,1.7917297369885745,0,14
5_transparent_W_VisionCrack3,W3,margin2.0,0.85,0.9124,1.7917297369885745,0,14
5_transparent_W_VisionCrack3,W3,margin2.0,0.9,0.951,1.7917297369885745,0,14
5_transparent_W_VisionCrack3,W3,margin2.0,0.95,0.9746,1.7917297369885745,0,14
5_transparent_W_VisionCrack3,W3,margin2.0,1.0,1.0186,1.7917297369885745,0,14
5_transparent_W_VisionCrack3,W3,margin2.0,1.5,1.5236,1.7917297369885745,0,14
5_transparent_W_VisionCrack3,W3,margin2.0,2.0,1.9539,1.7917297369885745,0,14
5_transparent_W_VisionCrack3,W3,margin2.0,2.5,2.3545,1.7917297369885745,0,14
5_transparent_W_VisionCrack3,W3,smooth15,0.5,0.5399,1.7917297369885745,0,14
5_transparent_W_VisionCrack3,W3,smooth15,0.55,0.58,1.7917297369885745,0,14
5_transparent_W_VisionCrack3,W3,smooth15,0.6,0.6607,1.7917297369885745,0,14
5_transparent_W_VisionCrack3,W3,smooth15,0.65,0.6845,1.7917297369885745,0,14
5_transparent_W_VisionCrack3,W3,smooth15,0.7,0.7243,1.7917297369885745,0,14
5_transparent_W_VisionCrack3,W3,smooth15,0.75,0.7523,1.7917297369885745,0,14
5_transparent_W_VisionCrack3,W3,smooth15,0.8,0.8312,1.7917297369885745,0,14
5_transparent_W_VisionCrack3,W3,smooth15,0.85,0.9045,1.7917297369885745,0,14
5_transparent_W_VisionCrack3,W3,smooth15,0.9,0.94,1.7917297369885745,0,14
5_transparent_W_VisionCrack3,W3,smooth15,0.95,0.9694,1.7917297369885745,0,14
5_transparent_W_VisionCrack3,W3,smooth15,1.0,1.0136,1.7917297369885745,0,14
5_transparent_W_VisionCrack3,W3,smooth15,1.5,1.5181,1.7917297369885745,0,14
5_transparent_W_VisionCrack3,W3,smooth15,2.0,1.946,1.7917297369885745,0,14
5_transparent_W_VisionCrack3,W3,smooth15,2.5,2.3392,1.7917297369885745,0,14
5_transparent_W_VisionCrack3,W3,smooth35,0.5,0.5414,1.7917297369885745,0,14
5_transparent_W_VisionCrack3,W3,smooth35,0.55,0.5816,1.7917297369885745,0,14
5_transparent_W_VisionCrack3,W3,smooth35,0.6,0.6627,1.7917297369885745,0,14
5_transparent_W_VisionCrack3,W3,smooth35,0.65,0.686,1.7917297369885745,0,14
5_transparent_W_VisionCrack3,W3,smooth35,0.7,0.7278,1.7917297369885745,0,14
5_transparent_W_VisionCrack3,W3,smooth35,0.75,0.7557,1.7917297369885745,0,14
5_transparent_W_VisionCrack3,W3,smooth35,0.8,0.8371,1.7917297369885745,0,14
5_transparent_W_VisionCrack3,W3,smooth35,0.85,0.9104,1.7917297369885745,0,14
5_transparent_W_VisionCrack3,W3,smooth35,0.9,0.9547,1.7917297369885745,0,14
5_transparent_W_VisionCrack3,W3,smooth35,0.95,0.9743,1.7917297369885745,0,14
5_transparent_W_VisionCrack3,W3,smooth35,1.0,1.0176,1.7917297369885745,0,14
5_transparent_W_VisionCrack3,W3,smooth35,1.5,1.5263,1.7917297369885745,0,14
5_transparent_W_VisionCrack3,W3,smooth35,2.0,1.955,1.7917297369885745,0,14
5_transparent_W_VisionCrack3,W3,smooth35,2.5,2.3512,1.7917297369885745,0,14
5_transparent_W_VisionCrack3,W3,band0.60,0.5,0.5404,1.7917297369885745,0,14
5_transparent_W_VisionCrack3,W3,band0.60,0.55,0.5806,1.7917297369885745,0,14
5_transparent_W_VisionCrack3,W3,band0.60,0.6,0.6617,1.7917297369885745,0,14
5_transparent_W_VisionCrack3,W3,band0.60,0.65,0.6855,1.7917297369885745,0,14
5_transparent_W_VisionCrack3,W3,band0.60,0.7,0.725,1.7917297369885745,0,14
5_transparent_W_VisionCrack3,W3,band0.60,0.75,0.7541,1.7917297369885745,0,14
5_transparent_W_VisionCrack3,W3,band0.60,0.8,0.8328,1.7917297369885745,0,14
5_transparent_W_VisionCrack3,W3,band0.60,0.85,0.9062,1.7917297369885745,0,14
5_transparent_W_VisionCrack3,W3,band0.60,0.9,0.9455,1.7917297369885745,0,14
5_transparent_W_VisionCrack3,W3,band0.60,0.95,0.9713,1.7917297369885745,0,14
5_transparent_W_VisionCrack3,W3,band0.60,1.0,1.0152,1.7917297369885745,0,14
5_transparent_W_VisionCrack3,W3,band0.60,1.5,1.5213,1.7917297369885745,0,14
5_transparent_W_VisionCrack3,W3,band0.60,2.0,1.9505,1.7917297369885745,0,14
5_transparent_W_VisionCrack3,W3,band0.60,2.5,2.3453,1.7917297369885745,0,14
5_transparent_W_VisionCrack3,W3,win0.4,0.5,0.5412,1.7917297369885745,0,14
5_transparent_W_VisionCrack3,W3,win0.4,0.55,0.5773,1.7917297369885745,0,14
5_transparent_W_VisionCrack3,W3,win0.4,0.6,0.6565,1.7917297369885745,0,14
5_transparent_W_VisionCrack3,W3,win0.4,0.65,0.6764,1.7917297369885745,0,14
5_transparent_W_VisionCrack3,W3,win0.4,0.7,0.7199,1.7917297369885745,0,14
5_transparent_W_VisionCrack3,W3,win0.4,0.75,0.7508,1.7917297369885745,0,14
5_transparent_W_VisionCrack3,W3,win0.4,0.8,0.8265,1.7917297369885745,0,14
5_transparent_W_VisionCrack3,W3,win0.4,0.85,0.8989,1.7917297369885745,0,14
5_transparent_W_VisionCrack3,W3,win0.4,0.9,0.9291,1.7917297369885745,0,14
5_transparent_W_VisionCrack3,W3,win0.4,0.95,0.9643,1.7917297369885745,0,14
5_transparent_W_VisionCrack3,W3,win0.4,1.0,1.0049,1.7917297369885745,0,14
5_transparent_W_VisionCrack3,W3,win0.4,1.5,1.5223,1.7917297369885745,0,14
5_transparent_W_VisionCrack3,W3,win0.4,2.0,1.9524,1.7917297369885745,0,14
5_transparent_W_VisionCrack3,W3,win0.4,2.5,2.3496,1.7917297369885745,0,14
5_transparent_W_VisionCrack3,W3,win0.8,0.5,0.5463,1.7917297369885745,0,14
5_transparent_W_VisionCrack3,W3,win0.8,0.55,0.5829,1.7917297369885745,0,14
5_transparent_W_VisionCrack3,W3,win0.8,0.6,0.6664,1.7917297369885745,0,14
5_transparent_W_VisionCrack3,W3,win0.8,0.65,0.6873,1.7917297369885745,0,14
5_transparent_W_VisionCrack3,W3,win0.8,0.7,0.7323,1.7917297369885745,0,14
5_transparent_W_VisionCrack3,W3,win0.8,0.75,0.7601,1.7917297369885745,0,14
5_transparent_W_VisionCrack3,W3,win0.8,0.8,0.8382,1.7917297369885745,0,14
5_transparent_W_VisionCrack3,W3,win0.8,0.85,0.9079,1.7917297369885745,0,14
5_transparent_W_VisionCrack3,W3,win0.8,0.9,0.9482,1.7917297369885745,0,14
5_transparent_W_VisionCrack3,W3,win0.8,0.95,0.9712,1.7917297369885745,0,14
5_transparent_W_VisionCrack3,W3,win0.8,1.0,1.014,1.7917297369885745,0,14
5_transparent_W_VisionCrack3,W3,win0.8,1.5,1.5201,1.7917297369885745,0,14
5_transparent_W_VisionCrack3,W3,win0.8,2.0,1.9508,1.7917297369885745,0,14
5_transparent_W_VisionCrack3,W3,win0.8,2.5,2.3459,1.7917297369885745,0,14
5_transparent_W_VisionCrack3,W4,full,0.5,0.5525,1.7925553478570118,0,14
5_transparent_W_VisionCrack3,W4,full,0.55,0.5947,1.7925553478570118,0,14
5_transparent_W_VisionCrack3,W4,full,0.6,0.6748,1.7925553478570118,0,14
5_transparent_W_VisionCrack3,W4,full,0.65,0.7062,1.7925553478570118,0,14
5_transparent_W_VisionCrack3,W4,full,0.7,0.7395,1.7925553478570118,0,14
5_transparent_W_VisionCrack3,W4,full,0.75,0.7621,1.7925553478570118,0,14
5_transparent_W_VisionCrack3,W4,full,0.8,0.8743,1.7925553478570118,0,14
5_transparent_W_VisionCrack3,W4,full,0.85,0.9179,1.7925553478570118,0,14
5_transparent_W_VisionCrack3,W4,full,0.9,0.9523,1.7925553478570118,0,14
5_transparent_W_VisionCrack3,W4,full,0.95,0.9886,1.7925553478570118,0,14
5_transparent_W_VisionCrack3,W4,full,1.0,1.0221,1.7925553478570118,0,14
5_transparent_W_VisionCrack3,W4,full,1.5,1.5559,1.7925553478570118,0,14
5_transparent_W_VisionCrack3,W4,full,2.0,1.978,1.7925553478570118,0,14
5_transparent_W_VisionCrack3,W4,full,2.5,2.3787,1.7925553478570118,0,14
5_transparent_W_VisionCrack3,W4,no_masked_bg,0.5,0.5595,1.7925553478570118,0,14
5_transparent_W_VisionCrack3,W4,no_masked_bg,0.55,0.6034,1.7925553478570118,0,14
5_transparent_W_VisionCrack3,W4,no_masked_bg,0.6,0.6795,1.7925553478570118,0,14
5_transparent_W_VisionCrack3,W4,no_masked_bg,0.65,0.7134,1.7925553478570118,0,14
5_transparent_W_VisionCrack3,W4,no_masked_bg,0.7,0.7506,1.7925553478570118,0,14
5_transparent_W_VisionCrack3,W4,no_masked_bg,0.75,0.7745,1.7925553478570118,0,14
5_transparent_W_VisionCrack3,W4,no_masked_bg,0.8,0.8942,1.7925553478570118,0,14
5_transparent_W_VisionCrack3,W4,no_masked_bg,0.85,0.9567,1.7925553478570118,0,14
5_transparent_W_VisionCrack3,W4,no_masked_bg,0.9,0.9737,1.7925553478570118,0,14
5_transparent_W_VisionCrack3,W4,no_masked_bg,0.95,1.0138,1.7925553478570118,0,14
5_transparent_W_VisionCrack3,W4,no_masked_bg,1.0,1.0524,1.7925553478570118,0,14
5_transparent_W_VisionCrack3,W4,no_masked_bg,1.5,1.6482,1.7925553478570118,0,14
5_transparent_W_VisionCrack3,W4,no_masked_bg,2.0,2.1639,1.7925553478570118,0,14
5_transparent_W_VisionCrack3,W4,no_masked_bg,2.5,2.5527,1.7925553478570118,0,14
5_transparent_W_VisionCrack3,W4,lsf_sigma,0.5,0.5388,2.0841097250214817,0,14
5_transparent_W_VisionCrack3,W4,lsf_sigma,0.55,0.5806,2.0841097250214817,0,14
5_transparent_W_VisionCrack3,W4,lsf_sigma,0.6,0.6635,2.0841097250214817,0,14
5_transparent_W_VisionCrack3,W4,lsf_sigma,0.65,0.6954,2.0841097250214817,0,14
5_transparent_W_VisionCrack3,W4,lsf_sigma,0.7,0.7306,2.0841097250214817,0,14
5_transparent_W_VisionCrack3,W4,lsf_sigma,0.75,0.7533,2.0841097250214817,0,14
5_transparent_W_VisionCrack3,W4,lsf_sigma,0.8,0.8708,2.0841097250214817,0,14
5_transparent_W_VisionCrack3,W4,lsf_sigma,0.85,0.9139,2.0841097250214817,0,14
5_transparent_W_VisionCrack3,W4,lsf_sigma,0.9,0.9463,2.0841097250214817,0,14
5_transparent_W_VisionCrack3,W4,lsf_sigma,0.95,0.9825,2.0841097250214817,0,14
5_transparent_W_VisionCrack3,W4,lsf_sigma,1.0,1.0187,2.0841097250214817,0,14
5_transparent_W_VisionCrack3,W4,lsf_sigma,1.5,1.5551,2.0841097250214817,0,14
5_transparent_W_VisionCrack3,W4,lsf_sigma,2.0,1.981,2.0841097250214817,0,14
5_transparent_W_VisionCrack3,W4,lsf_sigma,2.5,2.3915,2.0841097250214817,0,14
5_transparent_W_VisionCrack3,W4,no_deconv,0.5,0.4978,1.7925553478570118,0,14
5_transparent_W_VisionCrack3,W4,no_deconv,0.55,0.5397,1.7925553478570118,0,14
5_transparent_W_VisionCrack3,W4,no_deconv,0.6,0.6201,1.7925553478570118,0,14
5_transparent_W_VisionCrack3,W4,no_deconv,0.65,0.6519,1.7925553478570118,0,14
5_transparent_W_VisionCrack3,W4,no_deconv,0.7,0.6855,1.7925553478570118,0,14
5_transparent_W_VisionCrack3,W4,no_deconv,0.75,0.7084,1.7925553478570118,0,14
5_transparent_W_VisionCrack3,W4,no_deconv,0.8,0.8239,1.7925553478570118,0,14
5_transparent_W_VisionCrack3,W4,no_deconv,0.85,0.869,1.7925553478570118,0,14
5_transparent_W_VisionCrack3,W4,no_deconv,0.9,0.905,1.7925553478570118,0,14
5_transparent_W_VisionCrack3,W4,no_deconv,0.95,0.943,1.7925553478570118,0,14
5_transparent_W_VisionCrack3,W4,no_deconv,1.0,0.9784,1.7925553478570118,0,14
5_transparent_W_VisionCrack3,W4,no_deconv,1.5,1.54,1.7925553478570118,0,14
5_transparent_W_VisionCrack3,W4,no_deconv,2.0,1.9877,1.7925553478570118,0,14
5_transparent_W_VisionCrack3,W4,no_deconv,2.5,2.414,1.7925553478570118,0,14
5_transparent_W_VisionCrack3,W4,rev3_window,0.5,0.5595,1.7925553478570118,0,14
5_transparent_W_VisionCrack3,W4,rev3_window,0.55,0.6068,1.7925553478570118,0,14
5_transparent_W_VisionCrack3,W4,rev3_window,0.6,0.6803,1.7925553478570118,0,14
5_transparent_W_VisionCrack3,W4,rev3_window,0.65,0.7147,1.7925553478570118,0,14
5_transparent_W_VisionCrack3,W4,rev3_window,0.7,0.7467,1.7925553478570118,0,14
5_transparent_W_VisionCrack3,W4,rev3_window,0.75,0.7602,1.7925553478570118,0,14
5_transparent_W_VisionCrack3,W4,rev3_window,0.8,0.8692,1.7925553478570118,0,14
5_transparent_W_VisionCrack3,W4,rev3_window,0.85,0.9188,1.7925553478570118,0,14
5_transparent_W_VisionCrack3,W4,rev3_window,0.9,0.9525,1.7925553478570118,0,14
5_transparent_W_VisionCrack3,W4,rev3_window,0.95,0.9762,1.7925553478570118,0,14
5_transparent_W_VisionCrack3,W4,rev3_window,1.0,1.0161,1.7925553478570118,0,14
5_transparent_W_VisionCrack3,W4,rev3_window,1.5,1.5544,1.7925553478570118,0,14
5_transparent_W_VisionCrack3,W4,rev3_window,2.0,1.9764,1.7925553478570118,0,14
5_transparent_W_VisionCrack3,W4,rev3_window,2.5,2.3651,1.7925553478570118,0,14
5_transparent_W_VisionCrack3,W4,margin1.0,0.5,0.5487,1.7925553478570118,0,14
5_transparent_W_VisionCrack3,W4,margin1.0,0.55,0.5873,1.7925553478570118,0,14
5_transparent_W_VisionCrack3,W4,margin1.0,0.6,0.671,1.7925553478570118,0,14
5_transparent_W_VisionCrack3,W4,margin1.0,0.65,0.7032,1.7925553478570118,0,14
5_transparent_W_VisionCrack3,W4,margin1.0,0.7,0.7376,1.7925553478570118,0,14
5_transparent_W_VisionCrack3,W4,margin1.0,0.75,0.7583,1.7925553478570118,0,14
5_transparent_W_VisionCrack3,W4,margin1.0,0.8,0.8672,1.7925553478570118,0,14
5_transparent_W_VisionCrack3,W4,margin1.0,0.85,0.9122,1.7925553478570118,0,14
5_transparent_W_VisionCrack3,W4,margin1.0,0.9,0.9456,1.7925553478570118,0,14
5_transparent_W_VisionCrack3,W4,margin1.0,0.95,0.9822,1.7925553478570118,0,14
5_transparent_W_VisionCrack3,W4,margin1.0,1.0,1.0183,1.7925553478570118,0,14
5_transparent_W_VisionCrack3,W4,margin1.0,1.5,1.5485,1.7925553478570118,0,14
5_transparent_W_VisionCrack3,W4,margin1.0,2.0,1.9688,1.7925553478570118,0,14
5_transparent_W_VisionCrack3,W4,margin1.0,2.5,2.3624,1.7925553478570118,0,14
5_transparent_W_VisionCrack3,W4,margin2.0,0.5,0.5543,1.7925553478570118,0,14
5_transparent_W_VisionCrack3,W4,margin2.0,0.55,0.5957,1.7925553478570118,0,14
5_transparent_W_VisionCrack3,W4,margin2.0,0.6,0.6756,1.7925553478570118,0,14
5_transparent_W_VisionCrack3,W4,margin2.0,0.65,0.7086,1.7925553478570118,0,14
5_transparent_W_VisionCrack3,W4,margin2.0,0.7,0.7433,1.7925553478570118,0,14
5_transparent_W_VisionCrack3,W4,margin2.0,0.75,0.7666,1.7925553478570118,0,14
5_transparent_W_VisionCrack3,W4,margin2.0,0.8,0.8833,1.7925553478570118,0,14
5_transparent_W_VisionCrack3,W4,margin2.0,0.85,0.9253,1.7925553478570118,0,14
5_transparent_W_VisionCrack3,W4,margin2.0,0.9,0.9577,1.7925553478570118,0,14
5_transparent_W_VisionCrack3,W4,margin2.0,0.95,0.9924,1.7925553478570118,0,14
5_transparent_W_VisionCrack3,W4,margin2.0,1.0,1.0278,1.7925553478570118,0,14
5_transparent_W_VisionCrack3,W4,margin2.0,1.5,1.5611,1.7925553478570118,0,14
5_transparent_W_VisionCrack3,W4,margin2.0,2.0,1.9831,1.7925553478570118,0,14
5_transparent_W_VisionCrack3,W4,margin2.0,2.5,2.3982,1.7925553478570118,0,14
5_transparent_W_VisionCrack3,W4,smooth15,0.5,0.552,1.7925553478570118,0,14
5_transparent_W_VisionCrack3,W4,smooth15,0.55,0.5949,1.7925553478570118,0,14
5_transparent_W_VisionCrack3,W4,smooth15,0.6,0.6742,1.7925553478570118,0,14
5_transparent_W_VisionCrack3,W4,smooth15,0.65,0.7053,1.7925553478570118,0,14
5_transparent_W_VisionCrack3,W4,smooth15,0.7,0.7381,1.7925553478570118,0,14
5_transparent_W_VisionCrack3,W4,smooth15,0.75,0.7608,1.7925553478570118,0,14
5_transparent_W_VisionCrack3,W4,smooth15,0.8,0.8687,1.7925553478570118,0,14
5_transparent_W_VisionCrack3,W4,smooth15,0.85,0.9159,1.7925553478570118,0,14
5_transparent_W_VisionCrack3,W4,smooth15,0.9,0.951,1.7925553478570118,0,14
5_transparent_W_VisionCrack3,W4,smooth15,0.95,0.986,1.7925553478570118,0,14
5_transparent_W_VisionCrack3,W4,smooth15,1.0,1.0176,1.7925553478570118,0,14
5_transparent_W_VisionCrack3,W4,smooth15,1.5,1.5504,1.7925553478570118,0,14
5_transparent_W_VisionCrack3,W4,smooth15,2.0,1.9722,1.7925553478570118,0,14
5_transparent_W_VisionCrack3,W4,smooth15,2.5,2.3693,1.7925553478570118,0,14
5_transparent_W_VisionCrack3,W4,smooth35,0.5,0.5546,1.7925553478570118,0,14
5_transparent_W_VisionCrack3,W4,smooth35,0.55,0.597,1.7925553478570118,0,14
5_transparent_W_VisionCrack3,W4,smooth35,0.6,0.6766,1.7925553478570118,0,14
5_transparent_W_VisionCrack3,W4,smooth35,0.65,0.7073,1.7925553478570118,0,14
5_transparent_W_VisionCrack3,W4,smooth35,0.7,0.7418,1.7925553478570118,0,14
5_transparent_W_VisionCrack3,W4,smooth35,0.75,0.7653,1.7925553478570118,0,14
5_transparent_W_VisionCrack3,W4,smooth35,0.8,0.8813,1.7925553478570118,0,14
5_transparent_W_VisionCrack3,W4,smooth35,0.85,0.926,1.7925553478570118,0,14
5_transparent_W_VisionCrack3,W4,smooth35,0.9,0.9568,1.7925553478570118,0,14
5_transparent_W_VisionCrack3,W4,smooth35,0.95,0.9924,1.7925553478570118,0,14
5_transparent_W_VisionCrack3,W4,smooth35,1.0,1.026,1.7925553478570118,0,14
5_transparent_W_VisionCrack3,W4,smooth35,1.5,1.5603,1.7925553478570118,0,14
5_transparent_W_VisionCrack3,W4,smooth35,2.0,1.9846,1.7925553478570118,0,14
5_transparent_W_VisionCrack3,W4,smooth35,2.5,2.3918,1.7925553478570118,0,14
5_transparent_W_VisionCrack3,W4,band0.60,0.5,0.5525,1.7925553478570118,0,14
5_transparent_W_VisionCrack3,W4,band0.60,0.55,0.5947,1.7925553478570118,0,14
5_transparent_W_VisionCrack3,W4,band0.60,0.6,0.6748,1.7925553478570118,0,14
5_transparent_W_VisionCrack3,W4,band0.60,0.65,0.7062,1.7925553478570118,0,14
5_transparent_W_VisionCrack3,W4,band0.60,0.7,0.7395,1.7925553478570118,0,14
5_transparent_W_VisionCrack3,W4,band0.60,0.75,0.7621,1.7925553478570118,0,14
5_transparent_W_VisionCrack3,W4,band0.60,0.8,0.8743,1.7925553478570118,0,14
5_transparent_W_VisionCrack3,W4,band0.60,0.85,0.9179,1.7925553478570118,0,14
5_transparent_W_VisionCrack3,W4,band0.60,0.9,0.9523,1.7925553478570118,0,14
5_transparent_W_VisionCrack3,W4,band0.60,0.95,0.9886,1.7925553478570118,0,14
5_transparent_W_VisionCrack3,W4,band0.60,1.0,1.0221,1.7925553478570118,0,14
5_transparent_W_VisionCrack3,W4,band0.60,1.5,1.5559,1.7925553478570118,0,14
5_transparent_W_VisionCrack3,W4,band0.60,2.0,1.978,1.7925553478570118,0,14
5_transparent_W_VisionCrack3,W4,band0.60,2.5,2.3787,1.7925553478570118,0,14
5_transparent_W_VisionCrack3,W4,win0.4,0.5,0.5393,1.7925553478570118,0,14
5_transparent_W_VisionCrack3,W4,win0.4,0.55,0.5832,1.7925553478570118,0,14
5_transparent_W_VisionCrack3,W4,win0.4,0.6,0.6682,1.7925553478570118,0,14
5_transparent_W_VisionCrack3,W4,win0.4,0.65,0.6965,1.7925553478570118,0,14
5_transparent_W_VisionCrack3,W4,win0.4,0.7,0.7313,1.7925553478570118,0,14
5_transparent_W_VisionCrack3,W4,win0.4,0.75,0.7535,1.7925553478570118,0,14
5_transparent_W_VisionCrack3,W4,win0.4,0.8,0.8653,1.7925553478570118,0,14
5_transparent_W_VisionCrack3,W4,win0.4,0.85,0.9069,1.7925553478570118,0,14
5_transparent_W_VisionCrack3,W4,win0.4,0.9,0.9437,1.7925553478570118,0,14
5_transparent_W_VisionCrack3,W4,win0.4,0.95,0.9815,1.7925553478570118,0,14
5_transparent_W_VisionCrack3,W4,win0.4,1.0,1.0137,1.7925553478570118,0,14
5_transparent_W_VisionCrack3,W4,win0.4,1.5,1.5556,1.7925553478570118,0,14
5_transparent_W_VisionCrack3,W4,win0.4,2.0,1.98,1.7925553478570118,0,14
5_transparent_W_VisionCrack3,W4,win0.4,2.5,2.3876,1.7925553478570118,0,14
5_transparent_W_VisionCrack3,W4,win0.8,0.5,0.5542,1.7925553478570118,0,14
5_transparent_W_VisionCrack3,W4,win0.8,0.55,0.6005,1.7925553478570118,0,14
5_transparent_W_VisionCrack3,W4,win0.8,0.6,0.679,1.7925553478570118,0,14
5_transparent_W_VisionCrack3,W4,win0.8,0.65,0.7091,1.7925553478570118,0,14
5_transparent_W_VisionCrack3,W4,win0.8,0.7,0.7432,1.7925553478570118,0,14
5_transparent_W_VisionCrack3,W4,win0.8,0.75,0.7639,1.7925553478570118,0,14
5_transparent_W_VisionCrack3,W4,win0.8,0.8,0.8707,1.7925553478570118,0,14
5_transparent_W_VisionCrack3,W4,win0.8,0.85,0.9172,1.7925553478570118,0,14
5_transparent_W_VisionCrack3,W4,win0.8,0.9,0.9558,1.7925553478570118,0,14
5_transparent_W_VisionCrack3,W4,win0.8,0.95,0.988,1.7925553478570118,0,14
5_transparent_W_VisionCrack3,W4,win0.8,1.0,1.0188,1.7925553478570118,0,14
5_transparent_W_VisionCrack3,W4,win0.8,1.5,1.5533,1.7925553478570118,0,14
5_transparent_W_VisionCrack3,W4,win0.8,2.0,1.9782,1.7925553478570118,0,14
5_transparent_W_VisionCrack3,W4,win0.8,2.5,2.3803,1.7925553478570118,0,14
5_transparent_W_VisionCrack3,W5,full,0.5,0.5439,1.7672969938934573,0,14
5_transparent_W_VisionCrack3,W5,full,0.55,0.5857,1.7672969938934573,0,14
5_transparent_W_VisionCrack3,W5,full,0.6,0.662,1.7672969938934573,0,14
5_transparent_W_VisionCrack3,W5,full,0.65,0.6885,1.7672969938934573,0,14
5_transparent_W_VisionCrack3,W5,full,0.7,0.7141,1.7672969938934573,0,14
5_transparent_W_VisionCrack3,W5,full,0.75,0.752,1.7672969938934573,0,14
5_transparent_W_VisionCrack3,W5,full,0.8,0.8397,1.7672969938934573,0,14
5_transparent_W_VisionCrack3,W5,full,0.85,0.9077,1.7672969938934573,0,14
5_transparent_W_VisionCrack3,W5,full,0.9,0.931,1.7672969938934573,0,14
5_transparent_W_VisionCrack3,W5,full,0.95,0.9667,1.7672969938934573,0,14
5_transparent_W_VisionCrack3,W5,full,1.0,1.0132,1.7672969938934573,0,14
5_transparent_W_VisionCrack3,W5,full,1.5,1.5357,1.7672969938934573,0,14
5_transparent_W_VisionCrack3,W5,full,2.0,1.9631,1.7672969938934573,0,14
5_transparent_W_VisionCrack3,W5,full,2.5,2.3552,1.7672969938934573,0,14
5_transparent_W_VisionCrack3,W5,no_masked_bg,0.5,0.5512,1.7672969938934573,0,14
5_transparent_W_VisionCrack3,W5,no_masked_bg,0.55,0.5961,1.7672969938934573,0,14
5_transparent_W_VisionCrack3,W5,no_masked_bg,0.6,0.6755,1.7672969938934573,0,14
5_transparent_W_VisionCrack3,W5,no_masked_bg,0.65,0.6952,1.7672969938934573,0,14
5_transparent_W_VisionCrack3,W5,no_masked_bg,0.7,0.726,1.7672969938934573,0,14
5_transparent_W_VisionCrack3,W5,no_masked_bg,0.75,0.7636,1.7672969938934573,0,14
5_transparent_W_VisionCrack3,W5,no_masked_bg,0.8,0.8602,1.7672969938934573,0,14
5_transparent_W_VisionCrack3,W5,no_masked_bg,0.85,0.9429,1.7672969938934573,0,14
5_transparent_W_VisionCrack3,W5,no_masked_bg,0.9,0.9624,1.7672969938934573,0,14
5_transparent_W_VisionCrack3,W5,no_masked_bg,0.95,0.9877,1.7672969938934573,0,14
5_transparent_W_VisionCrack3,W5,no_masked_bg,1.0,1.0404,1.7672969938934573,0,14
5_transparent_W_VisionCrack3,W5,no_masked_bg,1.5,1.6278,1.7672969938934573,0,14
5_transparent_W_VisionCrack3,W5,no_masked_bg,2.0,2.1335,1.7672969938934573,0,14
5_transparent_W_VisionCrack3,W5,no_masked_bg,2.5,2.5346,1.7672969938934573,0,14
5_transparent_W_VisionCrack3,W5,lsf_sigma,0.5,0.537,1.9644496454453275,0,14
5_transparent_W_VisionCrack3,W5,lsf_sigma,0.55,0.5767,1.9644496454453275,0,14
5_transparent_W_VisionCrack3,W5,lsf_sigma,0.6,0.6581,1.9644496454453275,0,14
5_transparent_W_VisionCrack3,W5,lsf_sigma,0.65,0.6816,1.9644496454453275,0,14
5_transparent_W_VisionCrack3,W5,lsf_sigma,0.7,0.708,1.9644496454453275,0,14
5_transparent_W_VisionCrack3,W5,lsf_sigma,0.75,0.7479,1.9644496454453275,0,14
5_transparent_W_VisionCrack3,W5,lsf_sigma,0.8,0.8389,1.9644496454453275,0,14
5_transparent_W_VisionCrack3,W5,lsf_sigma,0.85,0.9058,1.9644496454453275,0,14
5_transparent_W_VisionCrack3,W5,lsf_sigma,0.9,0.9282,1.9644496454453275,0,14
5_transparent_W_VisionCrack3,W5,lsf_sigma,0.95,0.9643,1.9644496454453275,0,14
5_transparent_W_VisionCrack3,W5,lsf_sigma,1.0,1.0154,1.9644496454453275,0,14
5_transparent_W_VisionCrack3,W5,lsf_sigma,1.5,1.5357,1.9644496454453275,0,14
5_transparent_W_VisionCrack3,W5,lsf_sigma,2.0,1.9648,1.9644496454453275,0,14
5_transparent_W_VisionCrack3,W5,lsf_sigma,2.5,2.3663,1.9644496454453275,0,14
5_transparent_W_VisionCrack3,W5,no_deconv,0.5,0.4975,1.7672969938934573,0,14
5_transparent_W_VisionCrack3,W5,no_deconv,0.55,0.5388,1.7672969938934573,0,14
5_transparent_W_VisionCrack3,W5,no_deconv,0.6,0.615,1.7672969938934573,0,14
5_transparent_W_VisionCrack3,W5,no_deconv,0.65,0.6417,1.7672969938934573,0,14
5_transparent_W_VisionCrack3,W5,no_deconv,0.7,0.6675,1.7672969938934573,0,14
5_transparent_W_VisionCrack3,W5,no_deconv,0.75,0.706,1.7672969938934573,0,14
5_transparent_W_VisionCrack3,W5,no_deconv,0.8,0.7959,1.7672969938934573,0,14
5_transparent_W_VisionCrack3,W5,no_deconv,0.85,0.866,1.7672969938934573,0,14
5_transparent_W_VisionCrack3,W5,no_deconv,0.9,0.8904,1.7672969938934573,0,14
5_transparent_W_VisionCrack3,W5,no_deconv,0.95,0.9276,1.7672969938934573,0,14
5_transparent_W_VisionCrack3,W5,no_deconv,1.0,0.9763,1.7672969938934573,0,14
5_transparent_W_VisionCrack3,W5,no_deconv,1.5,1.525,1.7672969938934573,0,14
5_transparent_W_VisionCrack3,W5,no_deconv,2.0,1.9774,1.7672969938934573,0,14
5_transparent_W_VisionCrack3,W5,no_deconv,2.5,2.3941,1.7672969938934573,0,14
5_transparent_W_VisionCrack3,W5,rev3_window,0.5,0.5564,1.7672969938934573,0,14
5_transparent_W_VisionCrack3,W5,rev3_window,0.55,0.6011,1.7672969938934573,0,14
5_transparent_W_VisionCrack3,W5,rev3_window,0.6,0.6697,1.7672969938934573,0,14
5_transparent_W_VisionCrack3,W5,rev3_window,0.65,0.6883,1.7672969938934573,0,14
5_transparent_W_VisionCrack3,W5,rev3_window,0.7,0.7213,1.7672969938934573,0,14
5_transparent_W_VisionCrack3,W5,rev3_window,0.75,0.7554,1.7672969938934573,0,14
5_transparent_W_VisionCrack3,W5,rev3_window,0.8,0.8379,1.7672969938934573,0,14
5_transparent_W_VisionCrack3,W5,rev3_window,0.85,0.8992,1.7672969938934573,0,14
5_transparent_W_VisionCrack3,W5,rev3_window,0.9,0.9248,1.7672969938934573,0,14
5_transparent_W_VisionCrack3,W5,rev3_window,0.95,0.9621,1.7672969938934573,0,14
5_transparent_W_VisionCrack3,W5,rev3_window,1.0,1.0029,1.7672969938934573,0,14
5_transparent_W_VisionCrack3,W5,rev3_window,1.5,1.5287,1.7672969938934573,0,14
5_transparent_W_VisionCrack3,W5,rev3_window,2.0,1.9661,1.7672969938934573,0,14
5_transparent_W_VisionCrack3,W5,rev3_window,2.5,2.3427,1.7672969938934573,0,14
5_transparent_W_VisionCrack3,W5,margin1.0,0.5,0.5377,1.7672969938934573,0,14
5_transparent_W_VisionCrack3,W5,margin1.0,0.55,0.5805,1.7672969938934573,0,14
5_transparent_W_VisionCrack3,W5,margin1.0,0.6,0.656,1.7672969938934573,0,14
5_transparent_W_VisionCrack3,W5,margin1.0,0.65,0.6833,1.7672969938934573,0,14
5_transparent_W_VisionCrack3,W5,margin1.0,0.7,0.7091,1.7672969938934573,0,14
5_transparent_W_VisionCrack3,W5,margin1.0,0.75,0.7448,1.7672969938934573,0,14
5_transparent_W_VisionCrack3,W5,margin1.0,0.8,0.8282,1.7672969938934573,0,14
5_transparent_W_VisionCrack3,W5,margin1.0,0.85,0.8982,1.7672969938934573,0,14
5_transparent_W_VisionCrack3,W5,margin1.0,0.9,0.9235,1.7672969938934573,0,14
5_transparent_W_VisionCrack3,W5,margin1.0,0.95,0.9632,1.7672969938934573,0,14
5_transparent_W_VisionCrack3,W5,margin1.0,1.0,1.0074,1.7672969938934573,0,14
5_transparent_W_VisionCrack3,W5,margin1.0,1.5,1.5229,1.7672969938934573,0,14
5_transparent_W_VisionCrack3,W5,margin1.0,2.0,1.9403,1.7672969938934573,0,14
5_transparent_W_VisionCrack3,W5,margin1.0,2.5,2.3384,1.7672969938934573,0,14
5_transparent_W_VisionCrack3,W5,margin2.0,0.5,0.5477,1.7672969938934573,0,14
5_transparent_W_VisionCrack3,W5,margin2.0,0.55,0.5881,1.7672969938934573,0,14
5_transparent_W_VisionCrack3,W5,margin2.0,0.6,0.6686,1.7672969938934573,0,14
5_transparent_W_VisionCrack3,W5,margin2.0,0.65,0.6896,1.7672969938934573,0,14
5_transparent_W_VisionCrack3,W5,margin2.0,0.7,0.7154,1.7672969938934573,0,14
5_transparent_W_VisionCrack3,W5,margin2.0,0.75,0.7553,1.7672969938934573,0,14
5_transparent_W_VisionCrack3,W5,margin2.0,0.8,0.8472,1.7672969938934573,0,14
5_transparent_W_VisionCrack3,W5,margin2.0,0.85,0.9145,1.7672969938934573,0,14
5_transparent_W_VisionCrack3,W5,margin2.0,0.9,0.9376,1.7672969938934573,0,14
5_transparent_W_VisionCrack3,W5,margin2.0,0.95,0.972,1.7672969938934573,0,14
5_transparent_W_VisionCrack3,W5,margin2.0,1.0,1.0221,1.7672969938934573,0,14
5_transparent_W_VisionCrack3,W5,margin2.0,1.5,1.5403,1.7672969938934573,0,14
5_transparent_W_VisionCrack3,W5,margin2.0,2.0,1.9664,1.7672969938934573,0,14
5_transparent_W_VisionCrack3,W5,margin2.0,2.5,2.3647,1.7672969938934573,0,14
5_transparent_W_VisionCrack3,W5,smooth15,0.5,0.5425,1.7672969938934573,0,14
5_transparent_W_VisionCrack3,W5,smooth15,0.55,0.5856,1.7672969938934573,0,14
5_transparent_W_VisionCrack3,W5,smooth15,0.6,0.6604,1.7672969938934573,0,14
5_transparent_W_VisionCrack3,W5,smooth15,0.65,0.6878,1.7672969938934573,0,14
5_transparent_W_VisionCrack3,W5,smooth15,0.7,0.7136,1.7672969938934573,0,14
5_transparent_W_VisionCrack3,W5,smooth15,0.75,0.7507,1.7672969938934573,0,14
5_transparent_W_VisionCrack3,W5,smooth15,0.8,0.8364,1.7672969938934573,0,14
5_transparent_W_VisionCrack3,W5,smooth15,0.85,0.9032,1.7672969938934573,0,14
5_transparent_W_VisionCrack3,W5,smooth15,0.9,0.9274,1.7672969938934573,0,14
5_transparent_W_VisionCrack3,W5,smooth15,0.95,0.9644,1.7672969938934573,0,14
5_transparent_W_VisionCrack3,W5,smooth15,1.0,1.0099,1.7672969938934573,0,14
5_transparent_W_VisionCrack3,W5,smooth15,1.5,1.5281,1.7672969938934573,0,14
5_transparent_W_VisionCrack3,W5,smooth15,2.0,1.9568,1.7672969938934573,0,14
5_transparent_W_VisionCrack3,W5,smooth15,2.5,2.3499,1.7672969938934573,0,14
5_transparent_W_VisionCrack3,W5,smooth35,0.5,0.5469,1.7672969938934573,0,14
5_transparent_W_VisionCrack3,W5,smooth35,0.55,0.5869,1.7672969938934573,0,14
5_transparent_W_VisionCrack3,W5,smooth35,0.6,0.6668,1.7672969938934573,0,14
5_transparent_W_VisionCrack3,W5,smooth35,0.65,0.6895,1.7672969938934573,0,14
5_transparent_W_VisionCrack3,W5,smooth35,0.7,0.7162,1.7672969938934573,0,14
5_transparent_W_VisionCrack3,W5,smooth35,0.75,0.7551,1.7672969938934573,0,14
5_transparent_W_VisionCrack3,W5,smooth35,0.8,0.845,1.7672969938934573,0,14
5_transparent_W_VisionCrack3,W5,smooth35,0.85,0.9125,1.7672969938934573,0,14
5_transparent_W_VisionCrack3,W5,smooth35,0.9,0.9352,1.7672969938934573,0,14
5_transparent_W_VisionCrack3,W5,smooth35,0.95,0.9714,1.7672969938934573,0,14
5_transparent_W_VisionCrack3,W5,smooth35,1.0,1.0205,1.7672969938934573,0,14
5_transparent_W_VisionCrack3,W5,smooth35,1.5,1.5404,1.7672969938934573,0,14
5_transparent_W_VisionCrack3,W5,smooth35,2.0,1.971,1.7672969938934573,0,14
5_transparent_W_VisionCrack3,W5,smooth35,2.5,2.3611,1.7672969938934573,0,14
5_transparent_W_VisionCrack3,W5,band0.60,0.5,0.5439,1.7672969938934573,0,14
5_transparent_W_VisionCrack3,W5,band0.60,0.55,0.5857,1.7672969938934573,0,14
5_transparent_W_VisionCrack3,W5,band0.60,0.6,0.662,1.7672969938934573,0,14
5_transparent_W_VisionCrack3,W5,band0.60,0.65,0.6885,1.7672969938934573,0,14
5_transparent_W_VisionCrack3,W5,band0.60,0.7,0.7141,1.7672969938934573,0,14
5_transparent_W_VisionCrack3,W5,band0.60,0.75,0.752,1.7672969938934573,0,14
5_transparent_W_VisionCrack3,W5,band0.60,0.8,0.8397,1.7672969938934573,0,14
5_transparent_W_VisionCrack3,W5,band0.60,0.85,0.9077,1.7672969938934573,0,14
5_transparent_W_VisionCrack3,W5,band0.60,0.9,0.931,1.7672969938934573,0,14
5_transparent_W_VisionCrack3,W5,band0.60,0.95,0.9667,1.7672969938934573,0,14
5_transparent_W_VisionCrack3,W5,band0.60,1.0,1.0132,1.7672969938934573,0,14
5_transparent_W_VisionCrack3,W5,band0.60,1.5,1.5357,1.7672969938934573,0,14
5_transparent_W_VisionCrack3,W5,band0.60,2.0,1.9631,1.7672969938934573,0,14
5_transparent_W_VisionCrack3,W5,band0.60,2.5,2.3552,1.7672969938934573,0,14
5_transparent_W_VisionCrack3,W5,win0.4,0.5,0.5379,1.7672969938934573,0,14
5_transparent_W_VisionCrack3,W5,win0.4,0.55,0.5756,1.7672969938934573,0,14
5_transparent_W_VisionCrack3,W5,win0.4,0.6,0.6551,1.7672969938934573,0,14
5_transparent_W_VisionCrack3,W5,win0.4,0.65,0.6814,1.7672969938934573,0,14
5_transparent_W_VisionCrack3,W5,win0.4,0.7,0.7052,1.7672969938934573,0,14
5_transparent_W_VisionCrack3,W5,win0.4,0.75,0.7475,1.7672969938934573,0,14
5_transparent_W_VisionCrack3,W5,win0.4,0.8,0.8273,1.7672969938934573,0,14
5_transparent_W_VisionCrack3,W5,win0.4,0.85,0.89,1.7672969938934573,0,14
5_transparent_W_VisionCrack3,W5,win0.4,0.9,0.921,1.7672969938934573,0,14
5_transparent_W_VisionCrack3,W5,win0.4,0.95,0.955,1.7672969938934573,0,14
5_transparent_W_VisionCrack3,W5,win0.4,1.0,1.0023,1.7672969938934573,0,14
5_transparent_W_VisionCrack3,W5,win0.4,1.5,1.5343,1.7672969938934573,0,14
5_transparent_W_VisionCrack3,W5,win0.4,2.0,1.9643,1.7672969938934573,0,14
5_transparent_W_VisionCrack3,W5,win0.4,2.5,2.3589,1.7672969938934573,0,14
5_transparent_W_VisionCrack3,W5,win0.8,0.5,0.5511,1.7672969938934573,0,14
5_transparent_W_VisionCrack3,W5,win0.8,0.55,0.5863,1.7672969938934573,0,14
5_transparent_W_VisionCrack3,W5,win0.8,0.6,0.6675,1.7672969938934573,0,14
5_transparent_W_VisionCrack3,W5,win0.8,0.65,0.6916,1.7672969938934573,0,14
5_transparent_W_VisionCrack3,W5,win0.8,0.7,0.7203,1.7672969938934573,0,14
5_transparent_W_VisionCrack3,W5,win0.8,0.75,0.7546,1.7672969938934573,0,14
5_transparent_W_VisionCrack3,W5,win0.8,0.8,0.8388,1.7672969938934573,0,14
5_transparent_W_VisionCrack3,W5,win0.8,0.85,0.9018,1.7672969938934573,0,14
5_transparent_W_VisionCrack3,W5,win0.8,0.9,0.9309,1.7672969938934573,0,14
5_transparent_W_VisionCrack3,W5,win0.8,0.95,0.9646,1.7672969938934573,0,14
5_transparent_W_VisionCrack3,W5,win0.8,1.0,1.0091,1.7672969938934573,0,14
5_transparent_W_VisionCrack3,W5,win0.8,1.5,1.5304,1.7672969938934573,0,14
5_transparent_W_VisionCrack3,W5,win0.8,2.0,1.9634,1.7672969938934573,0,14
5_transparent_W_VisionCrack3,W5,win0.8,2.5,2.3554,1.7672969938934573,0,14
5_transparent_W_VisionCrack3,W6,full,0.5,0.5345,1.7654089699223372,0,14
5_transparent_W_VisionCrack3,W6,full,0.55,0.5726,1.7654089699223372,0,14
5_transparent_W_VisionCrack3,W6,full,0.6,0.6707,1.7654089699223372,0,14
5_transparent_W_VisionCrack3,W6,full,0.65,0.6849,1.7654089699223372,0,14
5_transparent_W_VisionCrack3,W6,full,0.7,0.7249,1.7654089699223372,0,14
5_transparent_W_VisionCrack3,W6,full,0.75,0.7473,1.7654089699223372,0,14
5_transparent_W_VisionCrack3,W6,full,0.8,0.8461,1.7654089699223372,0,14
5_transparent_W_VisionCrack3,W6,full,0.85,0.913,1.7654089699223372,0,14
5_transparent_W_VisionCrack3,W6,full,0.9,0.9358,1.7654089699223372,0,14
5_transparent_W_VisionCrack3,W6,full,0.95,0.9691,1.7654089699223372,0,14
5_transparent_W_VisionCrack3,W6,full,1.0,1.0121,1.7654089699223372,0,14
5_transparent_W_VisionCrack3,W6,full,1.5,1.5305,1.7654089699223372,0,14
5_transparent_W_VisionCrack3,W6,full,2.0,1.9617,1.7654089699223372,0,14
5_transparent_W_VisionCrack3,W6,full,2.5,2.3624,1.7654089699223372,0,14
5_transparent_W_VisionCrack3,W6,no_masked_bg,0.5,0.5446,1.7654089699223372,0,14
5_transparent_W_VisionCrack3,W6,no_masked_bg,0.55,0.5804,1.7654089699223372,0,14
5_transparent_W_VisionCrack3,W6,no_masked_bg,0.6,0.6756,1.7654089699223372,0,14
5_transparent_W_VisionCrack3,W6,no_masked_bg,0.65,0.6925,1.7654089699223372,0,14
5_transparent_W_VisionCrack3,W6,no_masked_bg,0.7,0.7366,1.7654089699223372,0,14
5_transparent_W_VisionCrack3,W6,no_masked_bg,0.75,0.7611,1.7654089699223372,0,14
5_transparent_W_VisionCrack3,W6,no_masked_bg,0.8,0.8621,1.7654089699223372,0,14
5_transparent_W_VisionCrack3,W6,no_masked_bg,0.85,0.9474,1.7654089699223372,0,14
5_transparent_W_VisionCrack3,W6,no_masked_bg,0.9,0.9769,1.7654089699223372,0,14
5_transparent_W_VisionCrack3,W6,no_masked_bg,0.95,1.0059,1.7654089699223372,0,14
5_transparent_W_VisionCrack3,W6,no_masked_bg,1.0,1.0364,1.7654089699223372,0,14
5_transparent_W_VisionCrack3,W6,no_masked_bg,1.5,1.6541,1.7654089699223372,0,14
5_transparent_W_VisionCrack3,W6,no_masked_bg,2.0,2.1263,1.7654089699223372,0,14
5_transparent_W_VisionCrack3,W6,no_masked_bg,2.5,2.4169,1.7654089699223372,0,14
5_transparent_W_VisionCrack3,W6,lsf_sigma,0.5,0.5217,2.024852437422771,0,14
5_transparent_W_VisionCrack3,W6,lsf_sigma,0.55,0.5618,2.024852437422771,0,14
5_transparent_W_VisionCrack3,W6,lsf_sigma,0.6,0.6621,2.024852437422771,0,14
5_transparent_W_VisionCrack3,W6,lsf_sigma,0.65,0.6761,2.024852437422771,0,14
5_transparent_W_VisionCrack3,W6,lsf_sigma,0.7,0.7176,2.024852437422771,0,14
5_transparent_W_VisionCrack3,W6,lsf_sigma,0.75,0.7419,2.024852437422771,0,14
5_transparent_W_VisionCrack3,W6,lsf_sigma,0.8,0.8418,2.024852437422771,0,14
5_transparent_W_VisionCrack3,W6,lsf_sigma,0.85,0.9117,2.024852437422771,0,14
5_transparent_W_VisionCrack3,W6,lsf_sigma,0.9,0.9382,2.024852437422771,0,14
5_transparent_W_VisionCrack3,W6,lsf_sigma,0.95,0.9734,2.024852437422771,0,14
5_transparent_W_VisionCrack3,W6,lsf_sigma,1.0,1.0141,2.024852437422771,0,14
5_transparent_W_VisionCrack3,W6,lsf_sigma,1.5,1.5369,2.024852437422771,0,14
5_transparent_W_VisionCrack3,W6,lsf_sigma,2.0,1.9704,2.024852437422771,0,14
5_transparent_W_VisionCrack3,W6,lsf_sigma,2.5,2.3801,2.024852437422771,0,14
5_transparent_W_VisionCrack3,W6,no_deconv,0.5,0.4932,1.7654089699223372,0,14
5_transparent_W_VisionCrack3,W6,no_deconv,0.55,0.5306,1.7654089699223372,0,14
5_transparent_W_VisionCrack3,W6,no_deconv,0.6,0.6283,1.7654089699223372,0,14
5_transparent_W_VisionCrack3,W6,no_deconv,0.65,0.6425,1.7654089699223372,0,14
5_transparent_W_VisionCrack3,W6,no_deconv,0.7,0.6827,1.7654089699223372,0,14
5_transparent_W_VisionCrack3,W6,no_deconv,0.75,0.7054,1.7654089699223372,0,14
5_transparent_W_VisionCrack3,W6,no_deconv,0.8,0.8064,1.7654089699223372,0,14
5_transparent_W_VisionCrack3,W6,no_deconv,0.85,0.8753,1.7654089699223372,0,14
5_transparent_W_VisionCrack3,W6,no_deconv,0.9,0.8991,1.7654089699223372,0,14
5_transparent_W_VisionCrack3,W6,no_deconv,0.95,0.9338,1.7654089699223372,0,14
5_transparent_W_VisionCrack3,W6,no_deconv,1.0,0.9787,1.7654089699223372,0,14
5_transparent_W_VisionCrack3,W6,no_deconv,1.5,1.5218,1.7654089699223372,0,14
5_transparent_W_VisionCrack3,W6,no_deconv,2.0,1.977,1.7654089699223372,0,14
5_transparent_W_VisionCrack3,W6,no_deconv,2.5,2.4016,1.7654089699223372,0,14
5_transparent_W_VisionCrack3,W6,rev3_window,0.5,0.5415,1.7654089699223372,0,14
5_transparent_W_VisionCrack3,W6,rev3_window,0.55,0.5815,1.7654089699223372,0,14
5_transparent_W_VisionCrack3,W6,rev3_window,0.6,0.683,1.7654089699223372,0,14
5_transparent_W_VisionCrack3,W6,rev3_window,0.65,0.6978,1.7654089699223372,0,14
5_transparent_W_VisionCrack3,W6,rev3_window,0.7,0.7332,1.7654089699223372,0,14
5_transparent_W_VisionCrack3,W6,rev3_window,0.75,0.7507,1.7654089699223372,0,14
5_transparent_W_VisionCrack3,W6,rev3_window,0.8,0.8446,1.7654089699223372,0,14
5_transparent_W_VisionCrack3,W6,rev3_window,0.85,0.9016,1.7654089699223372,0,14
5_transparent_W_VisionCrack3,W6,rev3_window,0.9,0.9323,1.7654089699223372,0,14
5_transparent_W_VisionCrack3,W6,rev3_window,0.95,0.9649,1.7654089699223372,0,14
5_transparent_W_VisionCrack3,W6,rev3_window,1.0,1.0101,1.7654089699223372,0,14
5_transparent_W_VisionCrack3,W6,rev3_window,1.5,1.5279,1.7654089699223372,0,14
5_transparent_W_VisionCrack3,W6,rev3_window,2.0,1.9625,1.7654089699223372,0,14
5_transparent_W_VisionCrack3,W6,rev3_window,2.5,2.346,1.7654089699223372,0,14
5_transparent_W_VisionCrack3,W6,margin1.0,0.5,0.529,1.7654089699223372,0,14
5_transparent_W_VisionCrack3,W6,margin1.0,0.55,0.5692,1.7654089699223372,0,14
5_transparent_W_VisionCrack3,W6,margin1.0,0.6,0.6647,1.7654089699223372,0,14
5_transparent_W_VisionCrack3,W6,margin1.0,0.65,0.6781,1.7654089699223372,0,14
5_transparent_W_VisionCrack3,W6,margin1.0,0.7,0.7185,1.7654089699223372,0,14
5_transparent_W_VisionCrack3,W6,margin1.0,0.75,0.7397,1.7654089699223372,0,14
5_transparent_W_VisionCrack3,W6,margin1.0,0.8,0.8368,1.7654089699223372,0,14
5_transparent_W_VisionCrack3,W6,margin1.0,0.85,0.9031,1.7654089699223372,0,14
5_transparent_W_VisionCrack3,W6,margin1.0,0.9,0.9257,1.7654089699223372,0,14
5_transparent_W_VisionCrack3,W6,margin1.0,0.95,0.9622,1.7654089699223372,0,14
5_transparent_W_VisionCrack3,W6,margin1.0,1.0,1.0088,1.7654089699223372,0,14
5_transparent_W_VisionCrack3,W6,margin1.0,1.5,1.5265,1.7654089699223372,0,14
5_transparent_W_VisionCrack3,W6,margin1.0,2.0,1.9476,1.7654089699223372,0,14
5_transparent_W_VisionCrack3,W6,margin1.0,2.5,2.3413,1.7654089699223372,0,14
5_transparent_W_VisionCrack3,W6,margin2.0,0.5,0.5353,1.7654089699223372,0,14
5_transparent_W_VisionCrack3,W6,margin2.0,0.55,0.5737,1.7654089699223372,0,14
5_transparent_W_VisionCrack3,W6,margin2.0,0.6,0.6723,1.7654089699223372,0,14
5_transparent_W_VisionCrack3,W6,margin2.0,0.65,0.6856,1.7654089699223372,0,14
5_transparent_W_VisionCrack3,W6,margin2.0,0.7,0.7264,1.7654089699223372,0,14
5_transparent_W_VisionCrack3,W6,margin2.0,0.75,0.7505,1.7654089699223372,0,14
5_transparent_W_VisionCrack3,W6,margin2.0,0.8,0.8508,1.7654089699223372,0,14
5_transparent_W_VisionCrack3,W6,margin2.0,0.85,0.9205,1.7654089699223372,0,14
5_transparent_W_VisionCrack3,W6,margin2.0,0.9,0.9467,1.7654089699223372,0,14
5_transparent_W_VisionCrack3,W6,margin2.0,0.95,0.9819,1.7654089699223372,0,14
5_transparent_W_VisionCrack3,W6,margin2.0,1.0,1.02,1.7654089699223372,0,14
5_transparent_W_VisionCrack3,W6,margin2.0,1.5,1.5388,1.7654089699223372,0,14
5_transparent_W_VisionCrack3,W6,margin2.0,2.0,1.9662,1.7654089699223372,0,14
5_transparent_W_VisionCrack3,W6,margin2.0,2.5,2.3728,1.7654089699223372,0,14
5_transparent_W_VisionCrack3,W6,smooth15,0.5,0.534,1.7654089699223372,0,14
5_transparent_W_VisionCrack3,W6,smooth15,0.55,0.5723,1.7654089699223372,0,14
5_transparent_W_VisionCrack3,W6,smooth15,0.6,0.6667,1.7654089699223372,0,14
5_transparent_W_VisionCrack3,W6,smooth15,0.65,0.6839,1.7654089699223372,0,14
5_transparent_W_VisionCrack3,W6,smooth15,0.7,0.7236,1.7654089699223372,0,14
5_transparent_W_VisionCrack3,W6,smooth15,0.75,0.7453,1.7654089699223372,0,14
5_transparent_W_VisionCrack3,W6,smooth15,0.8,0.8448,1.7654089699223372,0,14
5_transparent_W_VisionCrack3,W6,smooth15,0.85,0.9093,1.7654089699223372,0,14
5_transparent_W_VisionCrack3,W6,smooth15,0.9,0.9321,1.7654089699223372,0,14
5_transparent_W_VisionCrack3,W6,smooth15,0.95,0.9648,1.7654089699223372,0,14
5_transparent_W_VisionCrack3,W6,smooth15,1.0,1.009,1.7654089699223372,0,14
5_transparent_W_VisionCrack3,W6,smooth15,1.5,1.5259,1.7654089699223372,0,14
5_transparent_W_VisionCrack3,W6,smooth15,2.0,1.9561,1.7654089699223372,0,14
5_transparent_W_VisionCrack3,W6,smooth15,2.5,2.3562,1.7654089699223372,0,14
5_transparent_W_VisionCrack3,W6,smooth35,0.5,0.5359,1.7654089699223372,0,14
5_transparent_W_VisionCrack3,W6,smooth35,0.55,0.5752,1.7654089699223372,0,14
5_transparent_W_VisionCrack3,W6,smooth35,0.6,0.6719,1.7654089699223372,0,14
5_transparent_W_VisionCrack3,W6,smooth35,0.65,0.6857,1.7654089699223372,0,14
5_transparent_W_VisionCrack3,W6,smooth35,0.7,0.727,1.7654089699223372,0,14
5_transparent_W_VisionCrack3,W6,smooth35,0.75,0.75,1.7654089699223372,0,14
5_transparent_W_VisionCrack3,W6,smooth35,0.8,0.8507,1.7654089699223372,0,14
5_transparent_W_VisionCrack3,W6,smooth35,0.85,0.9191,1.7654089699223372,0,14
5_transparent_W_VisionCrack3,W6,smooth35,0.9,0.9449,1.7654089699223372,0,14
5_transparent_W_VisionCrack3,W6,smooth35,0.95,0.9775,1.7654089699223372,0,14
5_transparent_W_VisionCrack3,W6,smooth35,1.0,1.0173,1.7654089699223372,0,14
5_transparent_W_VisionCrack3,W6,smooth35,1.5,1.5342,1.7654089699223372,0,14
5_transparent_W_VisionCrack3,W6,smooth35,2.0,1.9666,1.7654089699223372,0,14
5_transparent_W_VisionCrack3,W6,smooth35,2.5,2.3701,1.7654089699223372,0,14
5_transparent_W_VisionCrack3,W6,band0.60,0.5,0.5345,1.7654089699223372,0,14
5_transparent_W_VisionCrack3,W6,band0.60,0.55,0.5726,1.7654089699223372,0,14
5_transparent_W_VisionCrack3,W6,band0.60,0.6,0.6707,1.7654089699223372,0,14
5_transparent_W_VisionCrack3,W6,band0.60,0.65,0.6849,1.7654089699223372,0,14
5_transparent_W_VisionCrack3,W6,band0.60,0.7,0.7249,1.7654089699223372,0,14
5_transparent_W_VisionCrack3,W6,band0.60,0.75,0.7473,1.7654089699223372,0,14
5_transparent_W_VisionCrack3,W6,band0.60,0.8,0.8461,1.7654089699223372,0,14
5_transparent_W_VisionCrack3,W6,band0.60,0.85,0.913,1.7654089699223372,0,14
5_transparent_W_VisionCrack3,W6,band0.60,0.9,0.9358,1.7654089699223372,0,14
5_transparent_W_VisionCrack3,W6,band0.60,0.95,0.9691,1.7654089699223372,0,14
5_transparent_W_VisionCrack3,W6,band0.60,1.0,1.0121,1.7654089699223372,0,14
5_transparent_W_VisionCrack3,W6,band0.60,1.5,1.5305,1.7654089699223372,0,14
5_transparent_W_VisionCrack3,W6,band0.60,2.0,1.9617,1.7654089699223372,0,14
5_transparent_W_VisionCrack3,W6,band0.60,2.5,2.3624,1.7654089699223372,0,14
5_transparent_W_VisionCrack3,W6,win0.4,0.5,0.5305,1.7654089699223372,0,14
5_transparent_W_VisionCrack3,W6,win0.4,0.55,0.5648,1.7654089699223372,0,14
5_transparent_W_VisionCrack3,W6,win0.4,0.6,0.6596,1.7654089699223372,0,14
5_transparent_W_VisionCrack3,W6,win0.4,0.65,0.6792,1.7654089699223372,0,14
5_transparent_W_VisionCrack3,W6,win0.4,0.7,0.7151,1.7654089699223372,0,14
5_transparent_W_VisionCrack3,W6,win0.4,0.75,0.7394,1.7654089699223372,0,14
5_transparent_W_VisionCrack3,W6,win0.4,0.8,0.8388,1.7654089699223372,0,14
5_transparent_W_VisionCrack3,W6,win0.4,0.85,0.9042,1.7654089699223372,0,14
5_transparent_W_VisionCrack3,W6,win0.4,0.9,0.9267,1.7654089699223372,0,14
5_transparent_W_VisionCrack3,W6,win0.4,0.95,0.9636,1.7654089699223372,0,14
5_transparent_W_VisionCrack3,W6,win0.4,1.0,1.0059,1.7654089699223372,0,14
5_transparent_W_VisionCrack3,W6,win0.4,1.5,1.5301,1.7654089699223372,0,14
5_transparent_W_VisionCrack3,W6,win0.4,2.0,1.9624,1.7654089699223372,0,14
5_transparent_W_VisionCrack3,W6,win0.4,2.5,2.3682,1.7654089699223372,0,14
5_transparent_W_VisionCrack3,W6,win0.8,0.5,0.5386,1.7654089699223372,0,14
5_transparent_W_VisionCrack3,W6,win0.8,0.55,0.5797,1.7654089699223372,0,14
5_transparent_W_VisionCrack3,W6,win0.8,0.6,0.6715,1.7654089699223372,0,14
5_transparent_W_VisionCrack3,W6,win0.8,0.65,0.6908,1.7654089699223372,0,14
5_transparent_W_VisionCrack3,W6,win0.8,0.7,0.7307,1.7654089699223372,0,14
5_transparent_W_VisionCrack3,W6,win0.8,0.75,0.7515,1.7654089699223372,0,14
5_transparent_W_VisionCrack3,W6,win0.8,0.8,0.8477,1.7654089699223372,0,14
5_transparent_W_VisionCrack3,W6,win0.8,0.85,0.9133,1.7654089699223372,0,14
5_transparent_W_VisionCrack3,W6,win0.8,0.9,0.9342,1.7654089699223372,0,14
5_transparent_W_VisionCrack3,W6,win0.8,0.95,0.9722,1.7654089699223372,0,14
5_transparent_W_VisionCrack3,W6,win0.8,1.0,1.0102,1.7654089699223372,0,14
5_transparent_W_VisionCrack3,W6,win0.8,1.5,1.5287,1.7654089699223372,0,14
5_transparent_W_VisionCrack3,W6,win0.8,2.0,1.9605,1.7654089699223372,0,14
5_transparent_W_VisionCrack3,W6,win0.8,2.5,2.365,1.7654089699223372,0,14
5_transparent_W_VisionCrack3,W7,full,0.5,0.5441,1.6954678667716672,0,14
5_transparent_W_VisionCrack3,W7,full,0.55,0.5862,1.6954678667716672,0,14
5_transparent_W_VisionCrack3,W7,full,0.6,0.6722,1.6954678667716672,0,14
5_transparent_W_VisionCrack3,W7,full,0.65,0.6878,1.6954678667716672,0,14
5_transparent_W_VisionCrack3,W7,full,0.7,0.7272,1.6954678667716672,0,14
5_transparent_W_VisionCrack3,W7,full,0.75,0.7523,1.6954678667716672,0,14
5_transparent_W_VisionCrack3,W7,full,0.8,0.8592,1.6954678667716672,0,14
5_transparent_W_VisionCrack3,W7,full,0.85,0.9005,1.6954678667716672,0,14
5_transparent_W_VisionCrack3,W7,full,0.9,0.9609,1.6954678667716672,0,14
5_transparent_W_VisionCrack3,W7,full,0.95,0.9741,1.6954678667716672,0,14
5_transparent_W_VisionCrack3,W7,full,1.0,1.0166,1.6954678667716672,0,14
5_transparent_W_VisionCrack3,W7,full,1.5,1.5381,1.6954678667716672,0,14
5_transparent_W_VisionCrack3,W7,full,2.0,1.9636,1.6954678667716672,0,14
5_transparent_W_VisionCrack3,W7,full,2.5,2.3543,1.6954678667716672,0,14
5_transparent_W_VisionCrack3,W7,no_masked_bg,0.5,0.5509,1.6954678667716672,0,14
5_transparent_W_VisionCrack3,W7,no_masked_bg,0.55,0.5962,1.6954678667716672,0,14
5_transparent_W_VisionCrack3,W7,no_masked_bg,0.6,0.6773,1.6954678667716672,0,14
5_transparent_W_VisionCrack3,W7,no_masked_bg,0.65,0.696,1.6954678667716672,0,14
5_transparent_W_VisionCrack3,W7,no_masked_bg,0.7,0.7369,1.6954678667716672,0,14
5_transparent_W_VisionCrack3,W7,no_masked_bg,0.75,0.763,1.6954678667716672,0,14
5_transparent_W_VisionCrack3,W7,no_masked_bg,0.8,0.874,1.6954678667716672,0,14
5_transparent_W_VisionCrack3,W7,no_masked_bg,0.85,0.9446,1.6954678667716672,0,14
5_transparent_W_VisionCrack3,W7,no_masked_bg,0.9,0.9971,1.6954678667716672,0,14
5_transparent_W_VisionCrack3,W7,no_masked_bg,0.95,1.0,1.6954678667716672,0,14
5_transparent_W_VisionCrack3,W7,no_masked_bg,1.0,1.0459,1.6954678667716672,0,14
5_transparent_W_VisionCrack3,W7,no_masked_bg,1.5,1.6334,1.6954678667716672,0,14
5_transparent_W_VisionCrack3,W7,no_masked_bg,2.0,2.1461,1.6954678667716672,0,14
5_transparent_W_VisionCrack3,W7,no_masked_bg,2.5,2.4179,1.6954678667716672,0,14
5_transparent_W_VisionCrack3,W7,lsf_sigma,0.5,0.5329,1.9970791378993626,0,14
5_transparent_W_VisionCrack3,W7,lsf_sigma,0.55,0.5771,1.9970791378993626,0,14
5_transparent_W_VisionCrack3,W7,lsf_sigma,0.6,0.6643,1.9970791378993626,0,14
5_transparent_W_VisionCrack3,W7,lsf_sigma,0.65,0.6813,1.9970791378993626,0,14
5_transparent_W_VisionCrack3,W7,lsf_sigma,0.7,0.7216,1.9970791378993626,0,14
5_transparent_W_VisionCrack3,W7,lsf_sigma,0.75,0.7461,1.9970791378993626,0,14
5_transparent_W_VisionCrack3,W7,lsf_sigma,0.8,0.8564,1.9970791378993626,0,14
5_transparent_W_VisionCrack3,W7,lsf_sigma,0.85,0.8975,1.9970791378993626,0,14
5_transparent_W_VisionCrack3,W7,lsf_sigma,0.9,0.9605,1.9970791378993626,0,14
5_transparent_W_VisionCrack3,W7,lsf_sigma,0.95,0.9752,1.9970791378993626,0,14
5_transparent_W_VisionCrack3,W7,lsf_sigma,1.0,1.0176,1.9970791378993626,0,14
5_transparent_W_VisionCrack3,W7,lsf_sigma,1.5,1.5469,1.9970791378993626,0,14
5_transparent_W_VisionCrack3,W7,lsf_sigma,2.0,1.9777,1.9970791378993626,0,14
5_transparent_W_VisionCrack3,W7,lsf_sigma,2.5,2.3787,1.9970791378993626,0,14
5_transparent_W_VisionCrack3,W7,no_deconv,0.5,0.4897,1.6954678667716672,0,14
5_transparent_W_VisionCrack3,W7,no_deconv,0.55,0.532,1.6954678667716672,0,14
5_transparent_W_VisionCrack3,W7,no_deconv,0.6,0.6194,1.6954678667716672,0,14
5_transparent_W_VisionCrack3,W7,no_deconv,0.65,0.6353,1.6954678667716672,0,14
5_transparent_W_VisionCrack3,W7,no_deconv,0.7,0.6755,1.6954678667716672,0,14
5_transparent_W_VisionCrack3,W7,no_deconv,0.75,0.7013,1.6954678667716672,0,14
5_transparent_W_VisionCrack3,W7,no_deconv,0.8,0.8124,1.6954678667716672,0,14
5_transparent_W_VisionCrack3,W7,no_deconv,0.85,0.8556,1.6954678667716672,0,14
5_transparent_W_VisionCrack3,W7,no_deconv,0.9,0.9192,1.6954678667716672,0,14
5_transparent_W_VisionCrack3,W7,no_deconv,0.95,0.9334,1.6954678667716672,0,14
5_transparent_W_VisionCrack3,W7,no_deconv,1.0,0.9787,1.6954678667716672,0,14
5_transparent_W_VisionCrack3,W7,no_deconv,1.5,1.5323,1.6954678667716672,0,14
5_transparent_W_VisionCrack3,W7,no_deconv,2.0,1.9873,1.6954678667716672,0,14
5_transparent_W_VisionCrack3,W7,no_deconv,2.5,2.4062,1.6954678667716672,0,14
5_transparent_W_VisionCrack3,W7,rev3_window,0.5,0.5594,1.6954678667716672,0,14
5_transparent_W_VisionCrack3,W7,rev3_window,0.55,0.5989,1.6954678667716672,0,14
5_transparent_W_VisionCrack3,W7,rev3_window,0.6,0.6768,1.6954678667716672,0,14
5_transparent_W_VisionCrack3,W7,rev3_window,0.65,0.6867,1.6954678667716672,0,14
5_transparent_W_VisionCrack3,W7,rev3_window,0.7,0.7301,1.6954678667716672,0,14
5_transparent_W_VisionCrack3,W7,rev3_window,0.75,0.7513,1.6954678667716672,0,14
5_transparent_W_VisionCrack3,W7,rev3_window,0.8,0.8591,1.6954678667716672,0,14
5_transparent_W_VisionCrack3,W7,rev3_window,0.85,0.8926,1.6954678667716672,0,14
5_transparent_W_VisionCrack3,W7,rev3_window,0.9,0.9556,1.6954678667716672,0,14
5_transparent_W_VisionCrack3,W7,rev3_window,0.95,0.9694,1.6954678667716672,0,14
5_transparent_W_VisionCrack3,W7,rev3_window,1.0,1.0124,1.6954678667716672,0,14
5_transparent_W_VisionCrack3,W7,rev3_window,1.5,1.5374,1.6954678667716672,0,14
5_transparent_W_VisionCrack3,W7,rev3_window,2.0,1.9605,1.6954678667716672,0,14
5_transparent_W_VisionCrack3,W7,rev3_window,2.5,2.3385,1.6954678667716672,0,14
5_transparent_W_VisionCrack3,W7,margin1.0,0.5,0.5407,1.6954678667716672,0,14
5_transparent_W_VisionCrack3,W7,margin1.0,0.55,0.5822,1.6954678667716672,0,14
5_transparent_W_VisionCrack3,W7,margin1.0,0.6,0.6678,1.6954678667716672,0,14
5_transparent_W_VisionCrack3,W7,margin1.0,0.65,0.6839,1.6954678667716672,0,14
5_transparent_W_VisionCrack3,W7,margin1.0,0.7,0.7215,1.6954678667716672,0,14
5_transparent_W_VisionCrack3,W7,margin1.0,0.75,0.7459,1.6954678667716672,0,14
5_transparent_W_VisionCrack3,W7,margin1.0,0.8,0.8553,1.6954678667716672,0,14
5_transparent_W_VisionCrack3,W7,margin1.0,0.85,0.8915,1.6954678667716672,0,14
5_transparent_W_VisionCrack3,W7,margin1.0,0.9,0.9466,1.6954678667716672,0,14
5_transparent_W_VisionCrack3,W7,margin1.0,0.95,0.9706,1.6954678667716672,0,14
5_transparent_W_VisionCrack3,W7,margin1.0,1.0,1.0139,1.6954678667716672,0,14
5_transparent_W_VisionCrack3,W7,margin1.0,1.5,1.5331,1.6954678667716672,0,14
5_transparent_W_VisionCrack3,W7,margin1.0,2.0,1.9486,1.6954678667716672,0,14
5_transparent_W_VisionCrack3,W7,margin1.0,2.5,2.34,1.6954678667716672,0,14
5_transparent_W_VisionCrack3,W7,margin2.0,0.5,0.5466,1.6954678667716672,0,14
5_transparent_W_VisionCrack3,W7,margin2.0,0.55,0.5907,1.6954678667716672,0,14
5_transparent_W_VisionCrack3,W7,margin2.0,0.6,0.6739,1.6954678667716672,0,14
5_transparent_W_VisionCrack3,W7,margin2.0,0.65,0.6913,1.6954678667716672,0,14
5_transparent_W_VisionCrack3,W7,margin2.0,0.7,0.7307,1.6954678667716672,0,14
5_transparent_W_VisionCrack3,W7,margin2.0,0.75,0.7531,1.6954678667716672,0,14
5_transparent_W_VisionCrack3,W7,margin2.0,0.8,0.8628,1.6954678667716672,0,14
5_transparent_W_VisionCrack3,W7,margin2.0,0.85,0.9086,1.6954678667716672,0,14
5_transparent_W_VisionCrack3,W7,margin2.0,0.9,0.9669,1.6954678667716672,0,14
5_transparent_W_VisionCrack3,W7,margin2.0,0.95,0.9801,1.6954678667716672,0,14
5_transparent_W_VisionCrack3,W7,margin2.0,1.0,1.0218,1.6954678667716672,0,14
5_transparent_W_VisionCrack3,W7,margin2.0,1.5,1.5467,1.6954678667716672,0,14
5_transparent_W_VisionCrack3,W7,margin2.0,2.0,1.9681,1.6954678667716672,0,14
5_transparent_W_VisionCrack3,W7,margin2.0,2.5,2.371,1.6954678667716672,0,14
5_transparent_W_VisionCrack3,W7,smooth15,0.5,0.5435,1.6954678667716672,0,14
5_transparent_W_VisionCrack3,W7,smooth15,0.55,0.5859,1.6954678667716672,0,14
5_transparent_W_VisionCrack3,W7,smooth15,0.6,0.6695,1.6954678667716672,0,14
5_transparent_W_VisionCrack3,W7,smooth15,0.65,0.6864,1.6954678667716672,0,14
5_transparent_W_VisionCrack3,W7,smooth15,0.7,0.7261,1.6954678667716672,0,14
5_transparent_W_VisionCrack3,W7,smooth15,0.75,0.7521,1.6954678667716672,0,14
5_transparent_W_VisionCrack3,W7,smooth15,0.8,0.8575,1.6954678667716672,0,14
5_transparent_W_VisionCrack3,W7,smooth15,0.85,0.8976,1.6954678667716672,0,14
5_transparent_W_VisionCrack3,W7,smooth15,0.9,0.9585,1.6954678667716672,0,14
5_transparent_W_VisionCrack3,W7,smooth15,0.95,0.9712,1.6954678667716672,0,14
5_transparent_W_VisionCrack3,W7,smooth15,1.0,1.0134,1.6954678667716672,0,14
5_transparent_W_VisionCrack3,W7,smooth15,1.5,1.5327,1.6954678667716672,0,14
5_transparent_W_VisionCrack3,W7,smooth15,2.0,1.9568,1.6954678667716672,0,14
5_transparent_W_VisionCrack3,W7,smooth15,2.5,2.3469,1.6954678667716672,0,14
5_transparent_W_VisionCrack3,W7,smooth35,0.5,0.5465,1.6954678667716672,0,14
5_transparent_W_VisionCrack3,W7,smooth35,0.55,0.59,1.6954678667716672,0,14
5_transparent_W_VisionCrack3,W7,smooth35,0.6,0.6735,1.6954678667716672,0,14
5_transparent_W_VisionCrack3,W7,smooth35,0.65,0.6894,1.6954678667716672,0,14
5_transparent_W_VisionCrack3,W7,smooth35,0.7,0.7307,1.6954678667716672,0,14
5_transparent_W_VisionCrack3,W7,smooth35,0.75,0.7543,1.6954678667716672,0,14
5_transparent_W_VisionCrack3,W7,smooth35,0.8,0.863,1.6954678667716672,0,14
5_transparent_W_VisionCrack3,W7,smooth35,0.85,0.9089,1.6954678667716672,0,14
5_transparent_W_VisionCrack3,W7,smooth35,0.9,0.9671,1.6954678667716672,0,14
5_transparent_W_VisionCrack3,W7,smooth35,0.95,0.9789,1.6954678667716672,0,14
5_transparent_W_VisionCrack3,W7,smooth35,1.0,1.0213,1.6954678667716672,0,14
5_transparent_W_VisionCrack3,W7,smooth35,1.5,1.548,1.6954678667716672,0,14
5_transparent_W_VisionCrack3,W7,smooth35,2.0,1.9702,1.6954678667716672,0,14
5_transparent_W_VisionCrack3,W7,smooth35,2.5,2.363,1.6954678667716672,0,14
5_transparent_W_VisionCrack3,W7,band0.60,0.5,0.5441,1.6954678667716672,0,14
5_transparent_W_VisionCrack3,W7,band0.60,0.55,0.5862,1.6954678667716672,0,14
5_transparent_W_VisionCrack3,W7,band0.60,0.6,0.6722,1.6954678667716672,0,14
5_transparent_W_VisionCrack3,W7,band0.60,0.65,0.6878,1.6954678667716672,0,14
5_transparent_W_VisionCrack3,W7,band0.60,0.7,0.7272,1.6954678667716672,0,14
5_transparent_W_VisionCrack3,W7,band0.60,0.75,0.7523,1.6954678667716672,0,14
5_transparent_W_VisionCrack3,W7,band0.60,0.8,0.8592,1.6954678667716672,0,14
5_transparent_W_VisionCrack3,W7,band0.60,0.85,0.9005,1.6954678667716672,0,14
5_transparent_W_VisionCrack3,W7,band0.60,0.9,0.9609,1.6954678667716672,0,14
5_transparent_W_VisionCrack3,W7,band0.60,0.95,0.9741,1.6954678667716672,0,14
5_transparent_W_VisionCrack3,W7,band0.60,1.0,1.0166,1.6954678667716672,0,14
5_transparent_W_VisionCrack3,W7,band0.60,1.5,1.5381,1.6954678667716672,0,14
5_transparent_W_VisionCrack3,W7,band0.60,2.0,1.9636,1.6954678667716672,0,14
5_transparent_W_VisionCrack3,W7,band0.60,2.5,2.3543,1.6954678667716672,0,14
5_transparent_W_VisionCrack3,W7,win0.4,0.5,0.5375,1.6954678667716672,0,14
5_transparent_W_VisionCrack3,W7,win0.4,0.55,0.5807,1.6954678667716672,0,14
5_transparent_W_VisionCrack3,W7,win0.4,0.6,0.6633,1.6954678667716672,0,14
5_transparent_W_VisionCrack3,W7,win0.4,0.65,0.676,1.6954678667716672,0,14
5_transparent_W_VisionCrack3,W7,win0.4,0.7,0.7191,1.6954678667716672,0,14
5_transparent_W_VisionCrack3,W7,win0.4,0.75,0.7459,1.6954678667716672,0,14
5_transparent_W_VisionCrack3,W7,win0.4,0.8,0.8506,1.6954678667716672,0,14
5_transparent_W_VisionCrack3,W7,win0.4,0.85,0.8876,1.6954678667716672,0,14
5_transparent_W_VisionCrack3,W7,win0.4,0.9,0.9426,1.6954678667716672,0,14
5_transparent_W_VisionCrack3,W7,win0.4,0.95,0.9658,1.6954678667716672,0,14
5_transparent_W_VisionCrack3,W7,win0.4,1.0,1.0076,1.6954678667716672,0,14
5_transparent_W_VisionCrack3,W7,win0.4,1.5,1.5413,1.6954678667716672,0,14
5_transparent_W_VisionCrack3,W7,win0.4,2.0,1.9656,1.6954678667716672,0,14
5_transparent_W_VisionCrack3,W7,win0.4,2.5,2.3609,1.6954678667716672,0,14
5_transparent_W_VisionCrack3,W7,win0.8,0.5,0.5502,1.6954678667716672,0,14
5_transparent_W_VisionCrack3,W7,win0.8,0.55,0.5926,1.6954678667716672,0,14
5_transparent_W_VisionCrack3,W7,win0.8,0.6,0.6748,1.6954678667716672,0,14
5_transparent_W_VisionCrack3,W7,win0.8,0.65,0.6887,1.6954678667716672,0,14
5_transparent_W_VisionCrack3,W7,win0.8,0.7,0.7324,1.6954678667716672,0,14
5_transparent_W_VisionCrack3,W7,win0.8,0.75,0.7563,1.6954678667716672,0,14
5_transparent_W_VisionCrack3,W7,win0.8,0.8,0.864,1.6954678667716672,0,14
5_transparent_W_VisionCrack3,W7,win0.8,0.85,0.8994,1.6954678667716672,0,14
5_transparent_W_VisionCrack3,W7,win0.8,0.9,0.9601,1.6954678667716672,0,14
5_transparent_W_VisionCrack3,W7,win0.8,0.95,0.9737,1.6954678667716672,0,14
5_transparent_W_VisionCrack3,W7,win0.8,1.0,1.0144,1.6954678667716672,0,14
5_transparent_W_VisionCrack3,W7,win0.8,1.5,1.5357,1.6954678667716672,0,14
5_transparent_W_VisionCrack3,W7,win0.8,2.0,1.9626,1.6954678667716672,0,14
5_transparent_W_VisionCrack3,W7,win0.8,2.5,2.3566,1.6954678667716672,0,14
5_transparent_W_VisionCrack3,W8,full,0.5,0.5391,1.753908984766505,0,14
5_transparent_W_VisionCrack3,W8,full,0.55,0.5997,1.753908984766505,0,14
5_transparent_W_VisionCrack3,W8,full,0.6,0.6734,1.753908984766505,0,14
5_transparent_W_VisionCrack3,W8,full,0.65,0.6934,1.753908984766505,0,14
5_transparent_W_VisionCrack3,W8,full,0.7,0.7358,1.753908984766505,0,14
5_transparent_W_VisionCrack3,W8,full,0.75,0.7564,1.753908984766505,0,14
5_transparent_W_VisionCrack3,W8,full,0.8,0.8489,1.753908984766505,0,14
5_transparent_W_VisionCrack3,W8,full,0.85,0.906,1.753908984766505,0,14
5_transparent_W_VisionCrack3,W8,full,0.9,0.9295,1.753908984766505,0,14
5_transparent_W_VisionCrack3,W8,full,0.95,0.9784,1.753908984766505,0,14
5_transparent_W_VisionCrack3,W8,full,1.0,1.0152,1.753908984766505,0,14
5_transparent_W_VisionCrack3,W8,full,1.5,1.5337,1.753908984766505,0,14
5_transparent_W_VisionCrack3,W8,full,2.0,1.964,1.753908984766505,0,14
5_transparent_W_VisionCrack3,W8,full,2.5,2.3603,1.753908984766505,0,14
5_transparent_W_VisionCrack3,W8,no_masked_bg,0.5,0.5451,1.753908984766505,0,14
5_transparent_W_VisionCrack3,W8,no_masked_bg,0.55,0.605,1.753908984766505,0,14
5_transparent_W_VisionCrack3,W8,no_masked_bg,0.6,0.6771,1.753908984766505,0,14
5_transparent_W_VisionCrack3,W8,no_masked_bg,0.65,0.6986,1.753908984766505,0,14
5_transparent_W_VisionCrack3,W8,no_masked_bg,0.7,0.7466,1.753908984766505,0,14
5_transparent_W_VisionCrack3,W8,no_masked_bg,0.75,0.7729,1.753908984766505,0,14
5_transparent_W_VisionCrack3,W8,no_masked_bg,0.8,0.8694,1.753908984766505,0,14
5_transparent_W_VisionCrack3,W8,no_masked_bg,0.85,0.9511,1.753908984766505,0,14
5_transparent_W_VisionCrack3,W8,no_masked_bg,0.9,0.9726,1.753908984766505,0,14
5_transparent_W_VisionCrack3,W8,no_masked_bg,0.95,1.0074,1.753908984766505,0,14
5_transparent_W_VisionCrack3,W8,no_masked_bg,1.0,1.0462,1.753908984766505,0,14
5_transparent_W_VisionCrack3,W8,no_masked_bg,1.5,1.6361,1.753908984766505,0,14
5_transparent_W_VisionCrack3,W8,no_masked_bg,2.0,2.1269,1.753908984766505,0,14
5_transparent_W_VisionCrack3,W8,no_masked_bg,2.5,2.5623,1.753908984766505,0,14
5_transparent_W_VisionCrack3,W8,lsf_sigma,0.5,0.5242,2.0400132846753465,0,14
5_transparent_W_VisionCrack3,W8,lsf_sigma,0.55,0.5868,2.0400132846753465,0,14
5_transparent_W_VisionCrack3,W8,lsf_sigma,0.6,0.6627,2.0400132846753465,0,14
5_transparent_W_VisionCrack3,W8,lsf_sigma,0.65,0.6822,2.0400132846753465,0,14
5_transparent_W_VisionCrack3,W8,lsf_sigma,0.7,0.7275,2.0400132846753465,0,14
5_transparent_W_VisionCrack3,W8,lsf_sigma,0.75,0.7496,2.0400132846753465,0,14
5_transparent_W_VisionCrack3,W8,lsf_sigma,0.8,0.8421,2.0400132846753465,0,14
5_transparent_W_VisionCrack3,W8,lsf_sigma,0.85,0.8991,2.0400132846753465,0,14
5_transparent_W_VisionCrack3,W8,lsf_sigma,0.9,0.9234,2.0400132846753465,0,14
5_transparent_W_VisionCrack3,W8,lsf_sigma,0.95,0.9735,2.0400132846753465,0,14
5_transparent_W_VisionCrack3,W8,lsf_sigma,1.0,1.0128,2.0400132846753465,0,14
5_transparent_W_VisionCrack3,W8,lsf_sigma,1.5,1.5337,2.0400132846753465,0,14
5_transparent_W_VisionCrack3,W8,lsf_sigma,2.0,1.9671,2.0400132846753465,0,14
5_transparent_W_VisionCrack3,W8,lsf_sigma,2.5,2.3705,2.0400132846753465,0,14
5_transparent_W_VisionCrack3,W8,no_deconv,0.5,0.489,1.753908984766505,0,14
5_transparent_W_VisionCrack3,W8,no_deconv,0.55,0.5493,1.753908984766505,0,14
5_transparent_W_VisionCrack3,W8,no_deconv,0.6,0.6236,1.753908984766505,0,14
5_transparent_W_VisionCrack3,W8,no_deconv,0.65,0.6439,1.753908984766505,0,14
5_transparent_W_VisionCrack3,W8,no_deconv,0.7,0.6871,1.753908984766505,0,14
5_transparent_W_VisionCrack3,W8,no_deconv,0.75,0.7081,1.753908984766505,0,14
5_transparent_W_VisionCrack3,W8,no_deconv,0.8,0.8035,1.753908984766505,0,14
5_transparent_W_VisionCrack3,W8,no_deconv,0.85,0.8631,1.753908984766505,0,14
5_transparent_W_VisionCrack3,W8,no_deconv,0.9,0.8878,1.753908984766505,0,14
5_transparent_W_VisionCrack3,W8,no_deconv,0.95,0.9391,1.753908984766505,0,14
5_transparent_W_VisionCrack3,W8,no_deconv,1.0,0.978,1.753908984766505,0,14
5_transparent_W_VisionCrack3,W8,no_deconv,1.5,1.5256,1.753908984766505,0,14
5_transparent_W_VisionCrack3,W8,no_deconv,2.0,1.9837,1.753908984766505,0,14
5_transparent_W_VisionCrack3,W8,no_deconv,2.5,2.4069,1.753908984766505,0,14
5_transparent_W_VisionCrack3,W8,rev3_window,0.5,0.5496,1.753908984766505,0,14
5_transparent_W_VisionCrack3,W8,rev3_window,0.55,0.6041,1.753908984766505,0,14
5_transparent_W_VisionCrack3,W8,rev3_window,0.6,0.6746,1.753908984766505,0,14
5_transparent_W_VisionCrack3,W8,rev3_window,0.65,0.6972,1.753908984766505,0,14
5_transparent_W_VisionCrack3,W8,rev3_window,0.7,0.7418,1.753908984766505,0,14
5_transparent_W_VisionCrack3,W8,rev3_window,0.75,0.7556,1.753908984766505,0,14
5_transparent_W_VisionCrack3,W8,rev3_window,0.8,0.8478,1.753908984766505,0,14
5_transparent_W_VisionCrack3,W8,rev3_window,0.85,0.9003,1.753908984766505,0,14
5_transparent_W_VisionCrack3,W8,rev3_window,0.9,0.9343,1.753908984766505,0,14
5_transparent_W_VisionCrack3,W8,rev3_window,0.95,0.9711,1.753908984766505,0,14
5_transparent_W_VisionCrack3,W8,rev3_window,1.0,1.0073,1.753908984766505,0,14
5_transparent_W_VisionCrack3,W8,rev3_window,1.5,1.5306,1.753908984766505,0,14
5_transparent_W_VisionCrack3,W8,rev3_window,2.0,1.9641,1.753908984766505,0,14
5_transparent_W_VisionCrack3,W8,rev3_window,2.5,2.3418,1.753908984766505,0,14
5_transparent_W_VisionCrack3,W8,margin1.0,0.5,0.5346,1.753908984766505,0,14
5_transparent_W_VisionCrack3,W8,margin1.0,0.55,0.593,1.753908984766505,0,14
5_transparent_W_VisionCrack3,W8,margin1.0,0.6,0.6701,1.753908984766505,0,14
5_transparent_W_VisionCrack3,W8,margin1.0,0.65,0.6879,1.753908984766505,0,14
5_transparent_W_VisionCrack3,W8,margin1.0,0.7,0.7287,1.753908984766505,0,14
5_transparent_W_VisionCrack3,W8,margin1.0,0.75,0.749,1.753908984766505,0,14
5_transparent_W_VisionCrack3,W8,margin1.0,0.8,0.839,1.753908984766505,0,14
5_transparent_W_VisionCrack3,W8,margin1.0,0.85,0.8965,1.753908984766505,0,14
5_transparent_W_VisionCrack3,W8,margin1.0,0.9,0.923,1.753908984766505,0,14
5_transparent_W_VisionCrack3,W8,margin1.0,0.95,0.9728,1.753908984766505,0,14
5_transparent_W_VisionCrack3,W8,margin1.0,1.0,1.0112,1.753908984766505,0,14
5_transparent_W_VisionCrack3,W8,margin1.0,1.5,1.5288,1.753908984766505,0,14
5_transparent_W_VisionCrack3,W8,margin1.0,2.0,1.9491,1.753908984766505,0,14
5_transparent_W_VisionCrack3,W8,margin1.0,2.5,2.3398,1.753908984766505,0,14
5_transparent_W_VisionCrack3,W8,margin2.0,0.5,0.54,1.753908984766505,0,14
5_transparent_W_VisionCrack3,W8,margin2.0,0.55,0.6008,1.753908984766505,0,14
5_transparent_W_VisionCrack3,W8,margin2.0,0.6,0.675,1.753908984766505,0,14
5_transparent_W_VisionCrack3,W8,margin2.0,0.65,0.6955,1.753908984766505,0,14
5_transparent_W_VisionCrack3,W8,margin2.0,0.7,0.7387,1.753908984766505,0,14
5_transparent_W_VisionCrack3,W8,margin2.0,0.75,0.7621,1.753908984766505,0,14
5_transparent_W_VisionCrack3,W8,margin2.0,0.8,0.8554,1.753908984766505,0,14
5_transparent_W_VisionCrack3,W8,margin2.0,0.85,0.9098,1.753908984766505,0,14
5_transparent_W_VisionCrack3,W8,margin2.0,0.9,0.9336,1.753908984766505,0,14
5_transparent_W_VisionCrack3,W8,margin2.0,0.95,0.9862,1.753908984766505,0,14
5_transparent_W_VisionCrack3,W8,margin2.0,1.0,1.0234,1.753908984766505,0,14
5_transparent_W_VisionCrack3,W8,margin2.0,1.5,1.5379,1.753908984766505,0,14
5_transparent_W_VisionCrack3,W8,margin2.0,2.0,1.9672,1.753908984766505,0,14
5_transparent_W_VisionCrack3,W8,margin2.0,2.5,2.3712,1.753908984766505,0,14
5_transparent_W_VisionCrack3,W8,smooth15,0.5,0.5375,1.753908984766505,0,14
5_transparent_W_VisionCrack3,W8,smooth15,0.55,0.5956,1.753908984766505,0,14
5_transparent_W_VisionCrack3,W8,smooth15,0.6,0.6711,1.753908984766505,0,14
5_transparent_W_VisionCrack3,W8,smooth15,0.65,0.6929,1.753908984766505,0,14
5_transparent_W_VisionCrack3,W8,smooth15,0.7,0.7341,1.753908984766505,0,14
5_transparent_W_VisionCrack3,W8,smooth15,0.75,0.7559,1.753908984766505,0,14
5_transparent_W_VisionCrack3,W8,smooth15,0.8,0.8456,1.753908984766505,0,14
5_transparent_W_VisionCrack3,W8,smooth15,0.85,0.9051,1.753908984766505,0,14
5_transparent_W_VisionCrack3,W8,smooth15,0.9,0.9274,1.753908984766505,0,14
5_transparent_W_VisionCrack3,W8,smooth15,0.95,0.975,1.753908984766505,0,14
5_transparent_W_VisionCrack3,W8,smooth15,1.0,1.0116,1.753908984766505,0,14
5_transparent_W_VisionCrack3,W8,smooth15,1.5,1.5293,1.753908984766505,0,14
5_transparent_W_VisionCrack3,W8,smooth15,2.0,1.9581,1.753908984766505,0,14
5_transparent_W_VisionCrack3,W8,smooth15,2.5,2.3527,1.753908984766505,0,14
5_transparent_W_VisionCrack3,W8,smooth35,0.5,0.5409,1.753908984766505,0,14
5_transparent_W_VisionCrack3,W8,smooth35,0.55,0.6002,1.753908984766505,0,14
5_transparent_W_VisionCrack3,W8,smooth35,0.6,0.6746,1.753908984766505,0,14
5_transparent_W_VisionCrack3,W8,smooth35,0.65,0.6959,1.753908984766505,0,14
5_transparent_W_VisionCrack3,W8,smooth35,0.7,0.7385,1.753908984766505,0,14
5_transparent_W_VisionCrack3,W8,smooth35,0.75,0.761,1.753908984766505,0,14
5_transparent_W_VisionCrack3,W8,smooth35,0.8,0.8526,1.753908984766505,0,14
5_transparent_W_VisionCrack3,W8,smooth35,0.85,0.9095,1.753908984766505,0,14
5_transparent_W_VisionCrack3,W8,smooth35,0.9,0.9331,1.753908984766505,0,14
5_transparent_W_VisionCrack3,W8,smooth35,0.95,0.9853,1.753908984766505,0,14
5_transparent_W_VisionCrack3,W8,smooth35,1.0,1.0223,1.753908984766505,0,14
5_transparent_W_VisionCrack3,W8,smooth35,1.5,1.5374,1.753908984766505,0,14
5_transparent_W_VisionCrack3,W8,smooth35,2.0,1.9723,1.753908984766505,0,14
5_transparent_W_VisionCrack3,W8,smooth35,2.5,2.3683,1.753908984766505,0,14
5_transparent_W_VisionCrack3,W8,band0.60,0.5,0.5391,1.753908984766505,0,14
5_transparent_W_VisionCrack3,W8,band0.60,0.55,0.5997,1.753908984766505,0,14
5_transparent_W_VisionCrack3,W8,band0.60,0.6,0.6734,1.753908984766505,0,14
5_transparent_W_VisionCrack3,W8,band0.60,0.65,0.6934,1.753908984766505,0,14
5_transparent_W_VisionCrack3,W8,band0.60,0.7,0.7358,1.753908984766505,0,14
5_transparent_W_VisionCrack3,W8,band0.60,0.75,0.7564,1.753908984766505,0,14
5_transparent_W_VisionCrack3,W8,band0.60,0.8,0.8489,1.753908984766505,0,14
5_transparent_W_VisionCrack3,W8,band0.60,0.85,0.906,1.753908984766505,0,14
5_transparent_W_VisionCrack3,W8,band0.60,0.9,0.9295,1.753908984766505,0,14
5_transparent_W_VisionCrack3,W8,band0.60,0.95,0.9784,1.753908984766505,0,14
5_transparent_W_VisionCrack3,W8,band0.60,1.0,1.0152,1.753908984766505,0,14
5_transparent_W_VisionCrack3,W8,band0.60,1.5,1.5337,1.753908984766505,0,14
5_transparent_W_VisionCrack3,W8,band0.60,2.0,1.964,1.753908984766505,0,14
5_transparent_W_VisionCrack3,W8,band0.60,2.5,2.3603,1.753908984766505,0,14
5_transparent_W_VisionCrack3,W8,win0.4,0.5,0.5345,1.753908984766505,0,14
5_transparent_W_VisionCrack3,W8,win0.4,0.55,0.5899,1.753908984766505,0,14
5_transparent_W_VisionCrack3,W8,win0.4,0.6,0.667,1.753908984766505,0,14
5_transparent_W_VisionCrack3,W8,win0.4,0.65,0.6869,1.753908984766505,0,14
5_transparent_W_VisionCrack3,W8,win0.4,0.7,0.7273,1.753908984766505,0,14
5_transparent_W_VisionCrack3,W8,win0.4,0.75,0.7457,1.753908984766505,0,14
5_transparent_W_VisionCrack3,W8,win0.4,0.8,0.84,1.753908984766505,0,14
5_transparent_W_VisionCrack3,W8,win0.4,0.85,0.895,1.753908984766505,0,14
5_transparent_W_VisionCrack3,W8,win0.4,0.9,0.9216,1.753908984766505,0,14
5_transparent_W_VisionCrack3,W8,win0.4,0.95,0.9675,1.753908984766505,0,14
5_transparent_W_VisionCrack3,W8,win0.4,1.0,1.0031,1.753908984766505,0,14
5_transparent_W_VisionCrack3,W8,win0.4,1.5,1.5345,1.753908984766505,0,14
5_transparent_W_VisionCrack3,W8,win0.4,2.0,1.9672,1.753908984766505,0,14
5_transparent_W_VisionCrack3,W8,win0.4,2.5,2.3646,1.753908984766505,0,14
5_transparent_W_VisionCrack3,W8,win0.8,0.5,0.5478,1.753908984766505,0,14
5_transparent_W_VisionCrack3,W8,win0.8,0.55,0.5993,1.753908984766505,0,14
5_transparent_W_VisionCrack3,W8,win0.8,0.6,0.6767,1.753908984766505,0,14
5_transparent_W_VisionCrack3,W8,win0.8,0.65,0.6955,1.753908984766505,0,14
5_transparent_W_VisionCrack3,W8,win0.8,0.7,0.7389,1.753908984766505,0,14
5_transparent_W_VisionCrack3,W8,win0.8,0.75,0.7566,1.753908984766505,0,14
5_transparent_W_VisionCrack3,W8,win0.8,0.8,0.8499,1.753908984766505,0,14
5_transparent_W_VisionCrack3,W8,win0.8,0.85,0.906,1.753908984766505,0,14
5_transparent_W_VisionCrack3,W8,win0.8,0.9,0.9302,1.753908984766505,0,14
5_transparent_W_VisionCrack3,W8,win0.8,0.95,0.976,1.753908984766505,0,14
5_transparent_W_VisionCrack3,W8,win0.8,1.0,1.0134,1.753908984766505,0,14
5_transparent_W_VisionCrack3,W8,win0.8,1.5,1.5319,1.753908984766505,0,14
5_transparent_W_VisionCrack3,W8,win0.8,2.0,1.9642,1.753908984766505,0,14
5_transparent_W_VisionCrack3,W8,win0.8,2.5,2.3605,1.753908984766505,0,14
5_transparent_W_VisionCrack3,W9,full,0.5,0.5421,1.6937395730766183,0,14
5_transparent_W_VisionCrack3,W9,full,0.55,0.5816,1.6937395730766183,0,14
5_transparent_W_VisionCrack3,W9,full,0.6,0.6684,1.6937395730766183,0,14
5_transparent_W_VisionCrack3,W9,full,0.65,0.6851,1.6937395730766183,0,14
5_transparent_W_VisionCrack3,W9,full,0.7,0.7214,1.6937395730766183,0,14
5_transparent_W_VisionCrack3,W9,full,0.75,0.7403,1.6937395730766183,0,14
5_transparent_W_VisionCrack3,W9,full,0.8,0.8277,1.6937395730766183,0,14
5_transparent_W_VisionCrack3,W9,full,0.85,0.8864,1.6937395730766183,0,14
5_transparent_W_VisionCrack3,W9,full,0.9,0.922,1.6937395730766183,0,14
5_transparent_W_VisionCrack3,W9,full,0.95,0.965,1.6937395730766183,0,14
5_transparent_W_VisionCrack3,W9,full,1.0,1.0052,1.6937395730766183,0,14
5_transparent_W_VisionCrack3,W9,full,1.5,1.525,1.6937395730766183,0,14
5_transparent_W_VisionCrack3,W9,full,2.0,1.9417,1.6937395730766183,0,14
5_transparent_W_VisionCrack3,W9,full,2.5,2.3399,1.6937395730766183,0,14
5_transparent_W_VisionCrack3,W9,no_masked_bg,0.5,0.5494,1.6937395730766183,0,14
5_transparent_W_VisionCrack3,W9,no_masked_bg,0.55,0.5872,1.6937395730766183,0,14
5_transparent_W_VisionCrack3,W9,no_masked_bg,0.6,0.679,1.6937395730766183,0,14
5_transparent_W_VisionCrack3,W9,no_masked_bg,0.65,0.6943,1.6937395730766183,0,14
5_transparent_W_VisionCrack3,W9,no_masked_bg,0.7,0.7309,1.6937395730766183,0,14
5_transparent_W_VisionCrack3,W9,no_masked_bg,0.75,0.7542,1.6937395730766183,0,14
5_transparent_W_VisionCrack3,W9,no_masked_bg,0.8,0.8424,1.6937395730766183,0,14
5_transparent_W_VisionCrack3,W9,no_masked_bg,0.85,0.9498,1.6937395730766183,0,14
5_transparent_W_VisionCrack3,W9,no_masked_bg,0.9,0.942,1.6937395730766183,0,14
5_transparent_W_VisionCrack3,W9,no_masked_bg,0.95,0.9966,1.6937395730766183,0,14
5_transparent_W_VisionCrack3,W9,no_masked_bg,1.0,1.0284,1.6937395730766183,0,14
5_transparent_W_VisionCrack3,W9,no_masked_bg,1.5,1.6282,1.6937395730766183,0,14
5_transparent_W_VisionCrack3,W9,no_masked_bg,2.0,2.1201,1.6937395730766183,0,14
5_transparent_W_VisionCrack3,W9,no_masked_bg,2.5,2.5024,1.6937395730766183,0,14
5_transparent_W_VisionCrack3,W9,lsf_sigma,0.5,0.5324,1.9101076598976148,0,14
5_transparent_W_VisionCrack3,W9,lsf_sigma,0.55,0.5724,1.9101076598976148,0,14
5_transparent_W_VisionCrack3,W9,lsf_sigma,0.6,0.6619,1.9101076598976148,0,14
5_transparent_W_VisionCrack3,W9,lsf_sigma,0.65,0.6771,1.9101076598976148,0,14
5_transparent_W_VisionCrack3,W9,lsf_sigma,0.7,0.7141,1.9101076598976148,0,14
5_transparent_W_VisionCrack3,W9,lsf_sigma,0.75,0.7339,1.9101076598976148,0,14
5_transparent_W_VisionCrack3,W9,lsf_sigma,0.8,0.8233,1.9101076598976148,0,14
5_transparent_W_VisionCrack3,W9,lsf_sigma,0.85,0.8871,1.9101076598976148,0,14
5_transparent_W_VisionCrack3,W9,lsf_sigma,0.9,0.9181,1.9101076598976148,0,14
5_transparent_W_VisionCrack3,W9,lsf_sigma,0.95,0.965,1.9101076598976148,0,14
5_transparent_W_VisionCrack3,W9,lsf_sigma,1.0,1.0023,1.9101076598976148,0,14
5_transparent_W_VisionCrack3,W9,lsf_sigma,1.5,1.5279,1.9101076598976148,0,14
5_transparent_W_VisionCrack3,W9,lsf_sigma,2.0,1.9453,1.9101076598976148,0,14
5_transparent_W_VisionCrack3,W9,lsf_sigma,2.5,2.3501,1.9101076598976148,0,14
5_transparent_W_VisionCrack3,W9,no_deconv,0.5,0.4961,1.6937395730766183,0,14
5_transparent_W_VisionCrack3,W9,no_deconv,0.55,0.5353,1.6937395730766183,0,14
5_transparent_W_VisionCrack3,W9,no_deconv,0.6,0.6224,1.6937395730766183,0,14
5_transparent_W_VisionCrack3,W9,no_deconv,0.65,0.6392,1.6937395730766183,0,14
5_transparent_W_VisionCrack3,W9,no_deconv,0.7,0.6758,1.6937395730766183,0,14
5_transparent_W_VisionCrack3,W9,no_deconv,0.75,0.695,1.6937395730766183,0,14
5_transparent_W_VisionCrack3,W9,no_deconv,0.8,0.7848,1.6937395730766183,0,14
5_transparent_W_VisionCrack3,W9,no_deconv,0.85,0.8454,1.6937395730766183,0,14
5_transparent_W_VisionCrack3,W9,no_deconv,0.9,0.8824,1.6937395730766183,0,14
5_transparent_W_VisionCrack3,W9,no_deconv,0.95,0.9274,1.6937395730766183,0,14
5_transparent_W_VisionCrack3,W9,no_deconv,1.0,0.9696,1.6937395730766183,0,14
5_transparent_W_VisionCrack3,W9,no_deconv,1.5,1.5159,1.6937395730766183,0,14
5_transparent_W_VisionCrack3,W9,no_deconv,2.0,1.9573,1.6937395730766183,0,14
5_transparent_W_VisionCrack3,W9,no_deconv,2.5,2.3805,1.6937395730766183,0,14
5_transparent_W_VisionCrack3,W9,rev3_window,0.5,0.5552,1.6937395730766183,0,14
5_transparent_W_VisionCrack3,W9,rev3_window,0.55,0.596,1.6937395730766183,0,14
5_transparent_W_VisionCrack3,W9,rev3_window,0.6,0.681,1.6937395730766183,0,14
5_transparent_W_VisionCrack3,W9,rev3_window,0.65,0.6843,1.6937395730766183,0,14
5_transparent_W_VisionCrack3,W9,rev3_window,0.7,0.7225,1.6937395730766183,0,14
5_transparent_W_VisionCrack3,W9,rev3_window,0.75,0.7334,1.6937395730766183,0,14
5_transparent_W_VisionCrack3,W9,rev3_window,0.8,0.8281,1.6937395730766183,0,14
5_transparent_W_VisionCrack3,W9,rev3_window,0.85,0.8756,1.6937395730766183,0,14
5_transparent_W_VisionCrack3,W9,rev3_window,0.9,0.923,1.6937395730766183,0,14
5_transparent_W_VisionCrack3,W9,rev3_window,0.95,0.9576,1.6937395730766183,0,14
5_transparent_W_VisionCrack3,W9,rev3_window,1.0,1.0012,1.6937395730766183,0,14
5_transparent_W_VisionCrack3,W9,rev3_window,1.5,1.5213,1.6937395730766183,0,14
5_transparent_W_VisionCrack3,W9,rev3_window,2.0,1.9413,1.6937395730766183,0,14
5_transparent_W_VisionCrack3,W9,rev3_window,2.5,2.3306,1.6937395730766183,0,14
5_transparent_W_VisionCrack3,W9,margin1.0,0.5,0.536,1.6937395730766183,0,14
5_transparent_W_VisionCrack3,W9,margin1.0,0.55,0.5783,1.6937395730766183,0,14
5_transparent_W_VisionCrack3,W9,margin1.0,0.6,0.6647,1.6937395730766183,0,14
5_transparent_W_VisionCrack3,W9,margin1.0,0.65,0.6815,1.6937395730766183,0,14
5_transparent_W_VisionCrack3,W9,margin1.0,0.7,0.7182,1.6937395730766183,0,14
5_transparent_W_VisionCrack3,W9,margin1.0,0.75,0.7335,1.6937395730766183,0,14
5_transparent_W_VisionCrack3,W9,margin1.0,0.8,0.8197,1.6937395730766183,0,14
5_transparent_W_VisionCrack3,W9,margin1.0,0.85,0.8808,1.6937395730766183,0,14
5_transparent_W_VisionCrack3,W9,margin1.0,0.9,0.9134,1.6937395730766183,0,14
5_transparent_W_VisionCrack3,W9,margin1.0,0.95,0.957,1.6937395730766183,0,14
5_transparent_W_VisionCrack3,W9,margin1.0,1.0,1.0005,1.6937395730766183,0,14
5_transparent_W_VisionCrack3,W9,margin1.0,1.5,1.5173,1.6937395730766183,0,14
5_transparent_W_VisionCrack3,W9,margin1.0,2.0,1.9253,1.6937395730766183,0,14
5_transparent_W_VisionCrack3,W9,margin1.0,2.5,2.323,1.6937395730766183,0,14
5_transparent_W_VisionCrack3,W9,margin2.0,0.5,0.5451,1.6937395730766183,0,14
5_transparent_W_VisionCrack3,W9,margin2.0,0.55,0.5829,1.6937395730766183,0,14
5_transparent_W_VisionCrack3,W9,margin2.0,0.6,0.6727,1.6937395730766183,0,14
5_transparent_W_VisionCrack3,W9,margin2.0,0.65,0.6877,1.6937395730766183,0,14
5_transparent_W_VisionCrack3,W9,margin2.0,0.7,0.7231,1.6937395730766183,0,14
5_transparent_W_VisionCrack3,W9,margin2.0,0.75,0.7454,1.6937395730766183,0,14
5_transparent_W_VisionCrack3,W9,margin2.0,0.8,0.8334,1.6937395730766183,0,14
5_transparent_W_VisionCrack3,W9,margin2.0,0.85,0.9019,1.6937395730766183,0,14
5_transparent_W_VisionCrack3,W9,margin2.0,0.9,0.9246,1.6937395730766183,0,14
5_transparent_W_VisionCrack3,W9,margin2.0,0.95,0.9774,1.6937395730766183,0,14
5_transparent_W_VisionCrack3,W9,margin2.0,1.0,1.0087,1.6937395730766183,0,14
5_transparent_W_VisionCrack3,W9,margin2.0,1.5,1.5295,1.6937395730766183,0,14
5_transparent_W_VisionCrack3,W9,margin2.0,2.0,1.947,1.6937395730766183,0,14
5_transparent_W_VisionCrack3,W9,margin2.0,2.5,2.3501,1.6937395730766183,0,14
5_transparent_W_VisionCrack3,W9,smooth15,0.5,0.5416,1.6937395730766183,0,14
5_transparent_W_VisionCrack3,W9,smooth15,0.55,0.5814,1.6937395730766183,0,14
5_transparent_W_VisionCrack3,W9,smooth15,0.6,0.6653,1.6937395730766183,0,14
5_transparent_W_VisionCrack3,W9,smooth15,0.65,0.6847,1.6937395730766183,0,14
5_transparent_W_VisionCrack3,W9,smooth15,0.7,0.7209,1.6937395730766183,0,14
5_transparent_W_VisionCrack3,W9,smooth15,0.75,0.7376,1.6937395730766183,0,14
5_transparent_W_VisionCrack3,W9,smooth15,0.8,0.827,1.6937395730766183,0,14
5_transparent_W_VisionCrack3,W9,smooth15,0.85,0.8821,1.6937395730766183,0,14
5_transparent_W_VisionCrack3,W9,smooth15,0.9,0.9203,1.6937395730766183,0,14
5_transparent_W_VisionCrack3,W9,smooth15,0.95,0.9614,1.6937395730766183,0,14
5_transparent_W_VisionCrack3,W9,smooth15,1.0,1.0026,1.6937395730766183,0,14
5_transparent_W_VisionCrack3,W9,smooth15,1.5,1.5198,1.6937395730766183,0,14
5_transparent_W_VisionCrack3,W9,smooth15,2.0,1.9353,1.6937395730766183,0,14
5_transparent_W_VisionCrack3,W9,smooth15,2.5,2.3341,1.6937395730766183,0,14
5_transparent_W_VisionCrack3,W9,smooth35,0.5,0.5431,1.6937395730766183,0,14
5_transparent_W_VisionCrack3,W9,smooth35,0.55,0.5831,1.6937395730766183,0,14
5_transparent_W_VisionCrack3,W9,smooth35,0.6,0.6713,1.6937395730766183,0,14
5_transparent_W_VisionCrack3,W9,smooth35,0.65,0.6861,1.6937395730766183,0,14
5_transparent_W_VisionCrack3,W9,smooth35,0.7,0.7228,1.6937395730766183,0,14
5_transparent_W_VisionCrack3,W9,smooth35,0.75,0.7424,1.6937395730766183,0,14
5_transparent_W_VisionCrack3,W9,smooth35,0.8,0.8333,1.6937395730766183,0,14
5_transparent_W_VisionCrack3,W9,smooth35,0.85,0.8975,1.6937395730766183,0,14
5_transparent_W_VisionCrack3,W9,smooth35,0.9,0.925,1.6937395730766183,0,14
5_transparent_W_VisionCrack3,W9,smooth35,0.95,0.973,1.6937395730766183,0,14
5_transparent_W_VisionCrack3,W9,smooth35,1.0,1.008,1.6937395730766183,0,14
5_transparent_W_VisionCrack3,W9,smooth35,1.5,1.5295,1.6937395730766183,0,14
5_transparent_W_VisionCrack3,W9,smooth35,2.0,1.9467,1.6937395730766183,0,14
5_transparent_W_VisionCrack3,W9,smooth35,2.5,2.3468,1.6937395730766183,0,14
5_transparent_W_VisionCrack3,W9,band0.60,0.5,0.5421,1.6937395730766183,0,14
5_transparent_W_VisionCrack3,W9,band0.60,0.55,0.5816,1.6937395730766183,0,14
5_transparent_W_VisionCrack3,W9,band0.60,0.6,0.6684,1.6937395730766183,0,14
5_transparent_W_VisionCrack3,W9,band0.60,0.65,0.6851,1.6937395730766183,0,14
5_transparent_W_VisionCrack3,W9,band0.60,0.7,0.7214,1.6937395730766183,0,14
5_transparent_W_VisionCrack3,W9,band0.60,0.75,0.7403,1.6937395730766183,0,14
5_transparent_W_VisionCrack3,W9,band0.60,0.8,0.8277,1.6937395730766183,0,14
5_transparent_W_VisionCrack3,W9,band0.60,0.85,0.8864,1.6937395730766183,0,14
5_transparent_W_VisionCrack3,W9,band0.60,0.9,0.922,1.6937395730766183,0,14
5_transparent_W_VisionCrack3,W9,band0.60,0.95,0.965,1.6937395730766183,0,14
5_transparent_W_VisionCrack3,W9,band0.60,1.0,1.0052,1.6937395730766183,0,14
5_transparent_W_VisionCrack3,W9,band0.60,1.5,1.525,1.6937395730766183,0,14
5_transparent_W_VisionCrack3,W9,band0.60,2.0,1.9417,1.6937395730766183,0,14
5_transparent_W_VisionCrack3,W9,band0.60,2.5,2.3399,1.6937395730766183,0,14
5_transparent_W_VisionCrack3,W9,win0.4,0.5,0.5372,1.6937395730766183,0,14
5_transparent_W_VisionCrack3,W9,win0.4,0.55,0.5702,1.6937395730766183,0,14
5_transparent_W_VisionCrack3,W9,win0.4,0.6,0.6566,1.6937395730766183,0,14
5_transparent_W_VisionCrack3,W9,win0.4,0.65,0.6745,1.6937395730766183,0,14
5_transparent_W_VisionCrack3,W9,win0.4,0.7,0.713,1.6937395730766183,0,14
5_transparent_W_VisionCrack3,W9,win0.4,0.75,0.7293,1.6937395730766183,0,14
5_transparent_W_VisionCrack3,W9,win0.4,0.8,0.819,1.6937395730766183,0,14
5_transparent_W_VisionCrack3,W9,win0.4,0.85,0.8717,1.6937395730766183,0,14
5_transparent_W_VisionCrack3,W9,win0.4,0.9,0.9106,1.6937395730766183,0,14
5_transparent_W_VisionCrack3,W9,win0.4,0.95,0.9506,1.6937395730766183,0,14
5_transparent_W_VisionCrack3,W9,win0.4,1.0,0.9958,1.6937395730766183,0,14
5_transparent_W_VisionCrack3,W9,win0.4,1.5,1.5253,1.6937395730766183,0,14
5_transparent_W_VisionCrack3,W9,win0.4,2.0,1.9431,1.6937395730766183,0,14
5_transparent_W_VisionCrack3,W9,win0.4,2.5,2.3447,1.6937395730766183,0,14
5_transparent_W_VisionCrack3,W9,win0.8,0.5,0.5517,1.6937395730766183,0,14
5_transparent_W_VisionCrack3,W9,win0.8,0.55,0.5867,1.6937395730766183,0,14
5_transparent_W_VisionCrack3,W9,win0.8,0.6,0.672,1.6937395730766183,0,14
5_transparent_W_VisionCrack3,W9,win0.8,0.65,0.6856,1.6937395730766183,0,14
5_transparent_W_VisionCrack3,W9,win0.8,0.7,0.7251,1.6937395730766183,0,14
5_transparent_W_VisionCrack3,W9,win0.8,0.75,0.7385,1.6937395730766183,0,14
5_transparent_W_VisionCrack3,W9,win0.8,0.8,0.8308,1.6937395730766183,0,14
5_transparent_W_VisionCrack3,W9,win0.8,0.85,0.8869,1.6937395730766183,0,14
5_transparent_W_VisionCrack3,W9,win0.8,0.9,0.9259,1.6937395730766183,0,14
5_transparent_W_VisionCrack3,W9,win0.8,0.95,0.9671,1.6937395730766183,0,14
5_transparent_W_VisionCrack3,W9,win0.8,1.0,1.0033,1.6937395730766183,0,14
5_transparent_W_VisionCrack3,W9,win0.8,1.5,1.5234,1.6937395730766183,0,14
5_transparent_W_VisionCrack3,W9,win0.8,2.0,1.9411,1.6937395730766183,0,14
5_transparent_W_VisionCrack3,W9,win0.8,2.5,2.3405,1.6937395730766183,0,14
