folder,tag,variant,truth,est,sigma,subres,n
6_transparent_WW_VisionCrack3,WW1,full,0.5,0.4812,1.9063724550039254,0,14
6_transparent_WW_VisionCrack3,WW1,full,0.55,0.5185,1.9063724550039254,0,14
6_transparent_WW_VisionCrack3,WW1,full,0.6,0.6067,1.9063724550039254,0,14
6_transparent_WW_VisionCrack3,WW1,full,0.65,0.6362,1.9063724550039254,0,14
6_transparent_WW_VisionCrack3,WW1,full,0.7,0.6873,1.9063724550039254,0,14
6_transparent_WW_VisionCrack3,WW1,full,0.75,0.7282,1.9063724550039254,0,14
6_transparent_WW_VisionCrack3,WW1,full,0.8,0.8294,1.9063724550039254,0,14
6_transparent_WW_VisionCrack3,WW1,full,0.85,0.877,1.9063724550039254,0,14
6_transparent_WW_VisionCrack3,WW1,full,0.9,0.9142,1.9063724550039254,0,14
6_transparent_WW_VisionCrack3,WW1,full,0.95,0.9577,1.9063724550039254,0,14
6_transparent_WW_VisionCrack3,WW1,full,1.0,1.074,1.9063724550039254,0,14
6_transparent_WW_VisionCrack3,WW1,full,1.5,1.7224,1.9063724550039254,0,14
6_transparent_WW_VisionCrack3,WW1,full,2.0,2.0104,1.9063724550039254,0,14
6_transparent_WW_VisionCrack3,WW1,full,2.5,2.3881,1.9063724550039254,0,14
6_transparent_WW_VisionCrack3,WW1,no_masked_bg,0.5,0.4973,1.9063724550039254,0,14
6_transparent_WW_VisionCrack3,WW1,no_masked_bg,0.55,0.528,1.9063724550039254,0,14
6_transparent_WW_VisionCrack3,WW1,no_masked_bg,0.6,0.6214,1.9063724550039254,0,14
6_transparent_WW_VisionCrack3,WW1,no_masked_bg,0.65,0.646,1.9063724550039254,0,14
6_transparent_WW_VisionCrack3,WW1,no_masked_bg,0.7,0.6958,1.9063724550039254,0,14
6_transparent_WW_VisionCrack3,WW1,no_masked_bg,0.75,0.7415,1.9063724550039254,0,14
6_transparent_WW_VisionCrack3,WW1,no_masked_bg,0.8,0.8507,1.9063724550039254,0,14
6_transparent_WW_VisionCrack3,WW1,no_masked_bg,0.85,0.9219,1.9063724550039254,0,14
6_transparent_WW_VisionCrack3,WW1,no_masked_bg,0.9,0.938,1.9063724550039254,0,14
6_transparent_WW_VisionCrack3,WW1,no_masked_bg,0.95,1.0813,1.9063724550039254,0,14
6_transparent_WW_VisionCrack3,WW1,no_masked_bg,1.0,1.2232,1.9063724550039254,0,14
6_transparent_WW_VisionCrack3,WW1,no_masked_bg,1.5,1.9472,1.9063724550039254,0,14
6_transparent_WW_VisionCrack3,WW1,no_masked_bg,2.0,2.3656,1.9063724550039254,0,14
6_transparent_WW_VisionCrack3,WW1,no_masked_bg,2.5,2.6631,1.9063724550039254,0,14
6_transparent_WW_VisionCrack3,WW1,lsf_sigma,0.5,0.4586,2.2660380070234627,0,14
6_transparent_WW_VisionCrack3,WW1,lsf_sigma,0.55,0.496,2.2660380070234627,0,14
6_transparent_WW_VisionCrack3,WW1,lsf_sigma,0.6,0.5884,2.2660380070234627,0,14
6_transparent_WW_VisionCrack3,WW1,lsf_sigma,0.65,0.6178,2.2660380070234627,0,14
6_transparent_WW_VisionCrack3,WW1,lsf_sigma,0.7,0.6702,2.2660380070234627,0,14
6_transparent_WW_VisionCrack3,WW1,lsf_sigma,0.75,0.7129,2.2660380070234627,0,14
6_transparent_WW_VisionCrack3,WW1,lsf_sigma,0.8,0.8181,2.2660380070234627,0,14
6_transparent_WW_VisionCrack3,WW1,lsf_sigma,0.85,0.866,2.2660380070234627,0,14
6_transparent_WW_VisionCrack3,WW1,lsf_sigma,0.9,0.9063,2.2660380070234627,0,14
6_transparent_WW_VisionCrack3,WW1,lsf_sigma,0.95,0.9518,2.2660380070234627,0,14
6_transparent_WW_VisionCrack3,WW1,lsf_sigma,1.0,1.1296,2.2660380070234627,0,14
6_transparent_WW_VisionCrack3,WW1,lsf_sigma,1.5,1.7387,2.2660380070234627,0,14
6_transparent_WW_VisionCrack3,WW1,lsf_sigma,2.0,2.0195,2.2660380070234627,0,14
6_transparent_WW_VisionCrack3,WW1,lsf_sigma,2.5,2.3984,2.2660380070234627,0,14
6_transparent_WW_VisionCrack3,WW1,no_deconv,0.5,0.5064,1.9063724550039254,0,14
6_transparent_WW_VisionCrack3,WW1,no_deconv,0.55,0.5403,1.9063724550039254,0,14
6_transparent_WW_VisionCrack3,WW1,no_deconv,0.6,0.6222,1.9063724550039254,0,14
6_transparent_WW_VisionCrack3,WW1,no_deconv,0.65,0.6499,1.9063724550039254,0,14
6_transparent_WW_VisionCrack3,WW1,no_deconv,0.7,0.6986,1.9063724550039254,0,14
6_transparent_WW_VisionCrack3,WW1,no_deconv,0.75,0.7377,1.9063724550039254,0,14
6_transparent_WW_VisionCrack3,WW1,no_deconv,0.8,0.8355,1.9063724550039254,0,14
6_transparent_WW_VisionCrack3,WW1,no_deconv,0.85,0.8818,1.9063724550039254,0,14
6_transparent_WW_VisionCrack3,WW1,no_deconv,0.9,0.918,1.9063724550039254,0,14
6_transparent_WW_VisionCrack3,WW1,no_deconv,0.95,0.9605,1.9063724550039254,0,14
6_transparent_WW_VisionCrack3,WW1,no_deconv,1.0,1.0752,1.9063724550039254,0,14
6_transparent_WW_VisionCrack3,WW1,no_deconv,1.5,1.7232,1.9063724550039254,0,14
6_transparent_WW_VisionCrack3,WW1,no_deconv,2.0,2.0132,1.9063724550039254,0,14
6_transparent_WW_VisionCrack3,WW1,no_deconv,2.5,2.3945,1.9063724550039254,0,14
6_transparent_WW_VisionCrack3,WW1,rev3_window,0.5,0.4949,1.9063724550039254,0,14
6_transparent_WW_VisionCrack3,WW1,rev3_window,0.55,0.529,1.9063724550039254,0,14
6_transparent_WW_VisionCrack3,WW1,rev3_window,0.6,0.6146,1.9063724550039254,0,14
6_transparent_WW_VisionCrack3,WW1,rev3_window,0.65,0.6401,1.9063724550039254,0,14
6_transparent_WW_VisionCrack3,WW1,rev3_window,0.7,0.6857,1.9063724550039254,0,14
6_transparent_WW_VisionCrack3,WW1,rev3_window,0.75,0.7295,1.9063724550039254,0,14
6_transparent_WW_VisionCrack3,WW1,rev3_window,0.8,0.83,1.9063724550039254,0,14
6_transparent_WW_VisionCrack3,WW1,rev3_window,0.85,0.8755,1.9063724550039254,0,14
6_transparent_WW_VisionCrack3,WW1,rev3_window,0.9,0.9108,1.9063724550039254,0,14
6_transparent_WW_VisionCrack3,WW1,rev3_window,0.95,0.9475,1.9063724550039254,0,14
6_transparent_WW_VisionCrack3,WW1,rev3_window,1.0,1.0194,1.9063724550039254,0,14
6_transparent_WW_VisionCrack3,WW1,rev3_window,1.5,1.7645,1.9063724550039254,0,14
6_transparent_WW_VisionCrack3,WW1,rev3_window,2.0,1.9959,1.9063724550039254,0,14
6_transparent_WW_VisionCrack3,WW1,rev3_window,2.5,2.3683,1.9063724550039254,0,14
6_transparent_WW_VisionCrack3,WW1,margin1.0,0.5,0.4696,1.9063724550039254,0,14
6_transparent_WW_VisionCrack3,WW1,margin1.0,0.55,0.5145,1.9063724550039254,0,14
6_transparent_WW_VisionCrack3,WW1,margin1.0,0.6,0.6032,1.9063724550039254,0,14
6_transparent_WW_VisionCrack3,WW1,margin1.0,0.65,0.6333,1.9063724550039254,0,14
6_transparent_WW_VisionCrack3,WW1,margin1.0,0.7,0.6836,1.9063724550039254,0,14
6_transparent_WW_VisionCrack3,WW1,margin1.0,0.75,0.7226,1.9063724550039254,0,14
6_transparent_WW_VisionCrack3,WW1,margin1.0,0.8,0.823,1.9063724550039254,0,14
6_transparent_WW_VisionCrack3,WW1,margin1.0,0.85,0.8733,1.9063724550039254,0,14
6_transparent_WW_VisionCrack3,WW1,margin1.0,0.9,0.9065,1.9063724550039254,0,14
6_transparent_WW_VisionCrack3,WW1,margin1.0,0.95,0.9454,1.9063724550039254,0,14
6_transparent_WW_VisionCrack3,WW1,margin1.0,1.0,1.0022,1.9063724550039254,0,14
6_transparent_WW_VisionCrack3,WW1,margin1.0,1.5,1.5601,1.9063724550039254,0,14
6_transparent_WW_VisionCrack3,WW1,margin1.0,2.0,1.9841,1.9063724550039254,0,14
6_transparent_WW_VisionCrack3,WW1,margin1.0,2.5,2.3726,1.9063724550039254,0,14
6_transparent_WW_VisionCrack3,WW1,margin2.0,0.5,0.4855,1.9063724550039254,0,14
6_transparent_WW_VisionCrack3,WW1,margin2.0,0.55,0.5208,1.9063724550039254,0,14
6_transparent_WW_VisionCrack3,WW1,margin2.0,0.6,0.6098,1.9063724550039254,0,14
6_transparent_WW_VisionCrack3,WW1,margin2.0,0.65,0.6383,1.9063724550039254,0,14
6_transparent_WW_VisionCrack3,WW1,margin2.0,0.7,0.6893,1.9063724550039254,0,14
6_transparent_WW_VisionCrack3,WW1,margin2.0,0.75,0.7296,1.9063724550039254,0,14
6_transparent_WW_VisionCrack3,WW1,margin2.0,0.8,0.8333,1.9063724550039254,0,14
6_transparent_WW_VisionCrack3,WW1,margin2.0,0.85,0.8822,1.9063724550039254,0,14
6_transparent_WW_VisionCrack3,WW1,margin2.0,0.9,0.92,1.9063724550039254,0,14
6_transparent_WW_VisionCrack3,WW1,margin2.0,0.95,0.9751,1.9063724550039254,0,14
6_transparent_WW_VisionCrack3,WW1,margin2.0,1.0,1.1445,1.9063724550039254,0,14
6_transparent_WW_VisionCrack3,WW1,margin2.0,1.5,1.7518,1.9063724550039254,0,14
6_transparent_WW_VisionCrack3,WW1,margin2.0,2.0,2.1088,1.9063724550039254,0,14
6_transparent_WW_VisionCrack3,WW1,margin2.0,2.5,2.4037,1.9063724550039254,0,14
6_transparent_WW_VisionCrack3,WW1,smooth15,0.5,0.4851,1.9063724550039254,0,14
6_transparent_WW_VisionCrack3,WW1,smooth15,0.55,0.5195,1.9063724550039254,0,14
6_transparent_WW_VisionCrack3,WW1,smooth15,0.6,0.6074,1.9063724550039254,0,14
6_transparent_WW_VisionCrack3,WW1,smooth15,0.65,0.6369,1.9063724550039254,0,14
6_transparent_WW_VisionCrack3,WW1,smooth15,0.7,0.6874,1.9063724550039254,0,14
6_transparent_WW_VisionCrack3,WW1,smooth15,0.75,0.7287,1.9063724550039254,0,14
6_transparent_WW_VisionCrack3,WW1,smooth15,0.8,0.8291,1.9063724550039254,0,14
6_transparent_WW_VisionCrack3,WW1,smooth15,0.85,0.8753,1.9063724550039254,0,14
6_transparent_WW_VisionCrack3,WW1,smooth15,0.9,0.9127,1.9063724550039254,0,14
6_transparent_WW_VisionCrack3,WW1,smooth15,0.95,0.9555,1.9063724550039254,0,14
6_transparent_WW_VisionCrack3,WW1,smooth15,1.0,1.0219,1.9063724550039254,0,14
6_transparent_WW_VisionCrack3,WW1,smooth15,1.5,1.6899,1.9063724550039254,0,14
6_transparent_WW_VisionCrack3,WW1,smooth15,2.0,2.0035,1.9063724550039254,0,14
6_transparent_WW_VisionCrack3,WW1,smooth15,2.5,2.3714,1.9063724550039254,0,14
6_transparent_WW_VisionCrack3,WW1,smooth35,0.5,0.4819,1.9063724550039254,0,14
6_transparent_WW_VisionCrack3,WW1,smooth35,0.55,0.519,1.9063724550039254,0,14
6_transparent_WW_VisionCrack3,WW1,smooth35,0.6,0.608,1.9063724550039254,0,14
6_transparent_WW_VisionCrack3,WW1,smooth35,0.65,0.6368,1.9063724550039254,0,14
6_transparent_WW_VisionCrack3,WW1,smooth35,0.7,0.6881,1.9063724550039254,0,14
6_transparent_WW_VisionCrack3,WW1,smooth35,0.75,0.7294,1.9063724550039254,0,14
6_transparent_WW_VisionCrack3,WW1,smooth35,0.8,0.8303,1.9063724550039254,0,14
6_transparent_WW_VisionCrack3,WW1,smooth35,0.85,0.8803,1.9063724550039254,0,14
6_transparent_WW_VisionCrack3,WW1,smooth35,0.9,0.9171,1.9063724550039254,0,14
6_transparent_WW_VisionCrack3,WW1,smooth35,0.95,0.9605,1.9063724550039254,0,14
6_transparent_WW_VisionCrack3,WW1,smooth35,1.0,1.1297,1.9063724550039254,0,14
6_transparent_WW_VisionCrack3,WW1,smooth35,1.5,1.7543,1.9063724550039254,0,14
6_transparent_WW_VisionCrack3,WW1,smooth35,2.0,2.1447,1.9063724550039254,0,14
6_transparent_WW_VisionCrack3,WW1,smooth35,2.5,2.4174,1.9063724550039254,0,14
6_transparent_WW_VisionCrack3,WW1,band0.60,0.5,0.4812,1.9063724550039254,0,14
6_transparent_WW_VisionCrack3,WW1,band0.60,0.55,0.5185,1.9063724550039254,0,14
6_transparent_WW_VisionCrack3,WW1,band0.60,0.6,0.6067,1.9063724550039254,0,14
6_transparent_WW_VisionCrack3,WW1,band0.60,0.65,0.6362,1.9063724550039254,0,14
6_transparent_WW_VisionCrack3,WW1,band0.60,0.7,0.6873,1.9063724550039254,0,14
6_transparent_WW_VisionCrack3,WW1,band0.60,0.75,0.7282,1.9063724550039254,0,14
6_transparent_WW_VisionCrack3,WW1,band0.60,0.8,0.8294,1.9063724550039254,0,14
6_transparent_WW_VisionCrack3,WW1,band0.60,0.85,0.877,1.9063724550039254,0,14
6_transparent_WW_VisionCrack3,WW1,band0.60,0.9,0.9142,1.9063724550039254,0,14
6_transparent_WW_VisionCrack3,WW1,band0.60,0.95,0.9577,1.9063724550039254,0,14
6_transparent_WW_VisionCrack3,WW1,band0.60,1.0,1.074,1.9063724550039254,0,14
6_transparent_WW_VisionCrack3,WW1,band0.60,1.5,1.7224,1.9063724550039254,0,14
6_transparent_WW_VisionCrack3,WW1,band0.60,2.0,2.0104,1.9063724550039254,0,14
6_transparent_WW_VisionCrack3,WW1,band0.60,2.5,2.3881,1.9063724550039254,0,14
6_transparent_WW_VisionCrack3,WW1,win0.4,0.5,0.4628,1.9063724550039254,0,14
6_transparent_WW_VisionCrack3,WW1,win0.4,0.55,0.5061,1.9063724550039254,0,14
6_transparent_WW_VisionCrack3,WW1,win0.4,0.6,0.5958,1.9063724550039254,0,14
6_transparent_WW_VisionCrack3,WW1,win0.4,0.65,0.6302,1.9063724550039254,0,14
6_transparent_WW_VisionCrack3,WW1,win0.4,0.7,0.6818,1.9063724550039254,0,14
6_transparent_WW_VisionCrack3,WW1,win0.4,0.75,0.721,1.9063724550039254,0,14
6_transparent_WW_VisionCrack3,WW1,win0.4,0.8,0.8197,1.9063724550039254,0,14
6_transparent_WW_VisionCrack3,WW1,win0.4,0.85,0.8685,1.9063724550039254,0,14
6_transparent_WW_VisionCrack3,WW1,win0.4,0.9,0.9034,1.9063724550039254,0,14
6_transparent_WW_VisionCrack3,WW1,win0.4,0.95,0.9569,1.9063724550039254,0,14
6_transparent_WW_VisionCrack3,WW1,win0.4,1.0,1.0042,1.9063724550039254,0,14
6_transparent_WW_VisionCrack3,WW1,win0.4,1.5,1.7267,1.9063724550039254,0,14
6_transparent_WW_VisionCrack3,WW1,win0.4,2.0,2.0153,1.9063724550039254,0,14
6_transparent_WW_VisionCrack3,WW1,win0.4,2.5,2.3873,1.9063724550039254,0,14
6_transparent_WW_VisionCrack3,WW1,win0.8,0.5,0.4976,1.9063724550039254,0,14
6_transparent_WW_VisionCrack3,WW1,win0.8,0.55,0.5258,1.9063724550039254,0,14
6_transparent_WW_VisionCrack3,WW1,win0.8,0.6,0.6137,1.9063724550039254,0,14
6_transparent_WW_VisionCrack3,WW1,win0.8,0.65,0.642,1.9063724550039254,0,14
6_transparent_WW_VisionCrack3,WW1,win0.8,0.7,0.6886,1.9063724550039254,0,14
6_transparent_WW_VisionCrack3,WW1,win0.8,0.75,0.7319,1.9063724550039254,0,14
6_transparent_WW_VisionCrack3,WW1,win0.8,0.8,0.827,1.9063724550039254,0,14
6_transparent_WW_VisionCrack3,WW1,win0.8,0.85,0.8775,1.9063724550039254,0,14
6_transparent_WW_VisionCrack3,WW1,win0.8,0.9,0.9111,1.9063724550039254,0,14
6_transparent_WW_VisionCrack3,WW1,win0.8,0.95,0.9581,1.9063724550039254,0,14
6_transparent_WW_VisionCrack3,WW1,win0.8,1.0,1.0791,1.9063724550039254,0,14
6_transparent_WW_VisionCrack3,WW1,win0.8,1.5,1.7141,1.9063724550039254,0,14
6_transparent_WW_VisionCrack3,WW1,win0.8,2.0,2.0163,1.9063724550039254,0,14
6_transparent_WW_VisionCrack3,WW1,win0.8,2.5,2.3804,1.9063724550039254,0,14
6_transparent_WW_VisionCrack3,WW10,full,0.5,0.5936,2.574303805658617,1,14
6_transparent_WW_VisionCrack3,WW10,full,0.55,0.4467,2.574303805658617,1,14
6_transparent_WW_VisionCrack3,WW10,full,0.6,0.567,2.574303805658617,1,14
6_transparent_WW_VisionCrack3,WW10,full,0.65,0.6028,2.574303805658617,1,14
6_transparent_WW_VisionCrack3,WW10,full,0.7,0.6552,2.574303805658617,1,14
6_transparent_WW_VisionCrack3,WW10,full,0.75,0.703,2.574303805658617,1,14
6_transparent_WW_VisionCrack3,WW10,full,0.8,0.8123,2.574303805658617,1,14
6_transparent_WW_VisionCrack3,WW10,full,0.85,0.9636,2.574303805658617,1,14
6_transparent_WW_VisionCrack3,WW10,full,0.9,0.9542,2.574303805658617,1,14
6_transparent_WW_VisionCrack3,WW10,full,0.95,0.9827,2.574303805658617,1,14
6_transparent_WW_VisionCrack3,WW10,full,1.0,1.2176,2.574303805658617,1,14
6_transparent_WW_VisionCrack3,WW10,full,1.5,1.8011,2.574303805658617,1,14
6_transparent_WW_VisionCrack3,WW10,full,2.0,2.2631,2.574303805658617,1,14
6_transparent_WW_VisionCrack3,WW10,full,2.5,2.4253,2.574303805658617,1,14
6_transparent_WW_VisionCrack3,WW10,no_masked_bg,0.5,0.6198,2.574303805658617,1,14
6_transparent_WW_VisionCrack3,WW10,no_masked_bg,0.55,0.4554,2.574303805658617,1,14
6_transparent_WW_VisionCrack3,WW10,no_masked_bg,0.6,0.577,2.574303805658617,1,14
6_transparent_WW_VisionCrack3,WW10,no_masked_bg,0.65,0.6108,2.574303805658617,1,14
6_transparent_WW_VisionCrack3,WW10,no_masked_bg,0.7,0.6649,2.574303805658617,1,14
6_transparent_WW_VisionCrack3,WW10,no_masked_bg,0.75,0.7157,2.574303805658617,1,14
6_transparent_WW_VisionCrack3,WW10,no_masked_bg,0.8,0.9436,2.574303805658617,1,14
6_transparent_WW_VisionCrack3,WW10,no_masked_bg,0.85,1.0557,2.574303805658617,1,14
6_transparent_WW_VisionCrack3,WW10,no_masked_bg,0.9,1.1503,2.574303805658617,1,14
6_transparent_WW_VisionCrack3,WW10,no_masked_bg,0.95,1.1883,2.574303805658617,1,14
6_transparent_WW_VisionCrack3,WW10,no_masked_bg,1.0,1.2697,2.574303805658617,1,14
6_transparent_WW_VisionCrack3,WW10,no_masked_bg,1.5,1.9724,2.574303805658617,1,14
6_transparent_WW_VisionCrack3,WW10,no_masked_bg,2.0,2.3755,2.574303805658617,1,14
6_transparent_WW_VisionCrack3,WW10,no_masked_bg,2.5,2.5866,2.574303805658617,1,14
6_transparent_WW_VisionCrack3,WW10,lsf_sigma,0.5,0.5964,2.464518260799035,1,14
6_transparent_WW_VisionCrack3,WW10,lsf_sigma,0.55,0.4565,2.464518260799035,1,14
6_transparent_WW_VisionCrack3,WW10,lsf_sigma,0.6,0.5745,2.464518260799035,1,14
6_transparent_WW_VisionCrack3,WW10,lsf_sigma,0.65,0.6099,2.464518260799035,1,14
6_transparent_WW_VisionCrack3,WW10,lsf_sigma,0.7,0.6617,2.464518260799035,1,14
6_transparent_WW_VisionCrack3,WW10,lsf_sigma,0.75,0.7089,2.464518260799035,1,14
6_transparent_WW_VisionCrack3,WW10,lsf_sigma,0.8,0.8172,2.464518260799035,1,14
6_transparent_WW_VisionCrack3,WW10,lsf_sigma,0.85,0.9674,2.464518260799035,1,14
6_transparent_WW_VisionCrack3,WW10,lsf_sigma,0.9,0.958,2.464518260799035,1,14
6_transparent_WW_VisionCrack3,WW10,lsf_sigma,0.95,0.9863,2.464518260799035,1,14
6_transparent_WW_VisionCrack3,WW10,lsf_sigma,1.0,1.22,2.464518260799035,1,14
6_transparent_WW_VisionCrack3,WW10,lsf_sigma,1.5,1.8015,2.464518260799035,1,14
6_transparent_WW_VisionCrack3,WW10,lsf_sigma,2.0,2.2625,2.464518260799035,1,14
6_transparent_WW_VisionCrack3,WW10,lsf_sigma,2.5,2.4243,2.464518260799035,1,14
6_transparent_WW_VisionCrack3,WW10,no_deconv,0.5,0.5085,2.574303805658617,0,14
6_transparent_WW_VisionCrack3,WW10,no_deconv,0.55,0.5518,2.574303805658617,0,14
6_transparent_WW_VisionCrack3,WW10,no_deconv,0.6,0.6463,2.574303805658617,0,14
6_transparent_WW_VisionCrack3,WW10,no_deconv,0.65,0.6757,2.574303805658617,0,14
6_transparent_WW_VisionCrack3,WW10,no_deconv,0.7,0.7197,2.574303805658617,0,14
6_transparent_WW_VisionCrack3,WW10,no_deconv,0.75,0.7601,2.574303805658617,0,14
6_transparent_WW_VisionCrack3,WW10,no_deconv,0.8,0.8538,2.574303805658617,0,14
6_transparent_WW_VisionCrack3,WW10,no_deconv,0.85,0.9865,2.574303805658617,0,14
6_transparent_WW_VisionCrack3,WW10,no_deconv,0.9,0.9778,2.574303805658617,0,14
6_transparent_WW_VisionCrack3,WW10,no_deconv,0.95,1.0026,2.574303805658617,0,14
6_transparent_WW_VisionCrack3,WW10,no_deconv,1.0,1.2123,2.574303805658617,0,14
6_transparent_WW_VisionCrack3,WW10,no_deconv,1.5,1.7461,2.574303805658617,0,14
6_transparent_WW_VisionCrack3,WW10,no_deconv,2.0,2.1735,2.574303805658617,0,14
6_transparent_WW_VisionCrack3,WW10,no_deconv,2.5,2.3238,2.574303805658617,0,14
6_transparent_WW_VisionCrack3,WW10,rev3_window,0.5,0.598,2.574303805658617,1,14
6_transparent_WW_VisionCrack3,WW10,rev3_window,0.55,0.457,2.574303805658617,1,14
6_transparent_WW_VisionCrack3,WW10,rev3_window,0.6,0.5685,2.574303805658617,1,14
6_transparent_WW_VisionCrack3,WW10,rev3_window,0.65,0.6019,2.574303805658617,1,14
6_transparent_WW_VisionCrack3,WW10,rev3_window,0.7,0.6574,2.574303805658617,1,14
6_transparent_WW_VisionCrack3,WW10,rev3_window,0.75,0.7078,2.574303805658617,1,14
6_transparent_WW_VisionCrack3,WW10,rev3_window,0.8,0.8166,2.574303805658617,1,14
6_transparent_WW_VisionCrack3,WW10,rev3_window,0.85,0.9885,2.574303805658617,1,14
6_transparent_WW_VisionCrack3,WW10,rev3_window,0.9,1.0432,2.574303805658617,1,14
6_transparent_WW_VisionCrack3,WW10,rev3_window,0.95,0.9699,2.574303805658617,1,14
6_transparent_WW_VisionCrack3,WW10,rev3_window,1.0,1.226,2.574303805658617,1,14
6_transparent_WW_VisionCrack3,WW10,rev3_window,1.5,1.8007,2.574303805658617,1,14
6_transparent_WW_VisionCrack3,WW10,rev3_window,2.0,2.2281,2.574303805658617,1,14
6_transparent_WW_VisionCrack3,WW10,rev3_window,2.5,2.3898,2.574303805658617,1,14
6_transparent_WW_VisionCrack3,WW10,margin1.0,0.5,0.6014,2.574303805658617,1,14
6_transparent_WW_VisionCrack3,WW10,margin1.0,0.55,0.4432,2.574303805658617,1,14
6_transparent_WW_VisionCrack3,WW10,margin1.0,0.6,0.5641,2.574303805658617,1,14
6_transparent_WW_VisionCrack3,WW10,margin1.0,0.65,0.5998,2.574303805658617,1,14
6_transparent_WW_VisionCrack3,WW10,margin1.0,0.7,0.6485,2.574303805658617,1,14
6_transparent_WW_VisionCrack3,WW10,margin1.0,0.75,0.7009,2.574303805658617,1,14
6_transparent_WW_VisionCrack3,WW10,margin1.0,0.8,0.8061,2.574303805658617,1,14
6_transparent_WW_VisionCrack3,WW10,margin1.0,0.85,0.8883,2.574303805658617,1,14
6_transparent_WW_VisionCrack3,WW10,margin1.0,0.9,0.9047,2.574303805658617,1,14
6_transparent_WW_VisionCrack3,WW10,margin1.0,0.95,0.9516,2.574303805658617,1,14
6_transparent_WW_VisionCrack3,WW10,margin1.0,1.0,1.181,2.574303805658617,1,14
6_transparent_WW_VisionCrack3,WW10,margin1.0,1.5,1.7546,2.574303805658617,1,14
6_transparent_WW_VisionCrack3,WW10,margin1.0,2.0,2.0132,2.574303805658617,1,14
6_transparent_WW_VisionCrack3,WW10,margin1.0,2.5,2.3856,2.574303805658617,1,14
6_transparent_WW_VisionCrack3,WW10,margin2.0,0.5,0.5959,2.574303805658617,1,14
6_transparent_WW_VisionCrack3,WW10,margin2.0,0.55,0.4504,2.574303805658617,1,14
6_transparent_WW_VisionCrack3,WW10,margin2.0,0.6,0.5738,2.574303805658617,1,14
6_transparent_WW_VisionCrack3,WW10,margin2.0,0.65,0.6061,2.574303805658617,1,14
6_transparent_WW_VisionCrack3,WW10,margin2.0,0.7,0.6577,2.574303805658617,1,14
6_transparent_WW_VisionCrack3,WW10,margin2.0,0.75,0.7089,2.574303805658617,1,14
6_transparent_WW_VisionCrack3,WW10,margin2.0,0.8,0.8362,2.574303805658617,1,14
6_transparent_WW_VisionCrack3,WW10,margin2.0,0.85,1.013,2.574303805658617,1,14
6_transparent_WW_VisionCrack3,WW10,margin2.0,0.9,1.0986,2.574303805658617,1,14
6_transparent_WW_VisionCrack3,WW10,margin2.0,0.95,1.0809,2.574303805658617,1,14
6_transparent_WW_VisionCrack3,WW10,margin2.0,1.0,1.22,2.574303805658617,1,14
6_transparent_WW_VisionCrack3,WW10,margin2.0,1.5,1.8218,2.574303805658617,1,14
6_transparent_WW_VisionCrack3,WW10,margin2.0,2.0,2.2835,2.574303805658617,1,14
6_transparent_WW_VisionCrack3,WW10,margin2.0,2.5,2.4747,2.574303805658617,1,14
6_transparent_WW_VisionCrack3,WW10,smooth15,0.5,0.5979,2.574303805658617,1,14
6_transparent_WW_VisionCrack3,WW10,smooth15,0.55,0.4476,2.574303805658617,1,14
6_transparent_WW_VisionCrack3,WW10,smooth15,0.6,0.5689,2.574303805658617,1,14
6_transparent_WW_VisionCrack3,WW10,smooth15,0.65,0.6036,2.574303805658617,1,14
6_transparent_WW_VisionCrack3,WW10,smooth15,0.7,0.6558,2.574303805658617,1,14
6_transparent_WW_VisionCrack3,WW10,smooth15,0.75,0.7034,2.574303805658617,1,14
6_transparent_WW_VisionCrack3,WW10,smooth15,0.8,0.8132,2.574303805658617,1,14
6_transparent_WW_VisionCrack3,WW10,smooth15,0.85,0.9537,2.574303805658617,1,14
6_transparent_WW_VisionCrack3,WW10,smooth15,0.9,0.9547,2.574303805658617,1,14
6_transparent_WW_VisionCrack3,WW10,smooth15,0.95,0.9827,2.574303805658617,1,14
6_transparent_WW_VisionCrack3,WW10,smooth15,1.0,1.2185,2.574303805658617,1,14
6_transparent_WW_VisionCrack3,WW10,smooth15,1.5,1.791,2.574303805658617,1,14
6_transparent_WW_VisionCrack3,WW10,smooth15,2.0,2.2383,2.574303805658617,1,14
6_transparent_WW_VisionCrack3,WW10,smooth15,2.5,2.4101,2.574303805658617,1,14
6_transparent_WW_VisionCrack3,WW10,smooth35,0.5,0.5929,2.574303805658617,1,14
6_transparent_WW_VisionCrack3,WW10,smooth35,0.55,0.4473,2.574303805658617,1,14
6_transparent_WW_VisionCrack3,WW10,smooth35,0.6,0.5673,2.574303805658617,1,14
6_transparent_WW_VisionCrack3,WW10,smooth35,0.65,0.6028,2.574303805658617,1,14
6_transparent_WW_VisionCrack3,WW10,smooth35,0.7,0.6546,2.574303805658617,1,14
6_transparent_WW_VisionCrack3,WW10,smooth35,0.75,0.7034,2.574303805658617,1,14
6_transparent_WW_VisionCrack3,WW10,smooth35,0.8,0.8129,2.574303805658617,1,14
6_transparent_WW_VisionCrack3,WW10,smooth35,0.85,0.9738,2.574303805658617,1,14
6_transparent_WW_VisionCrack3,WW10,smooth35,0.9,0.9633,2.574303805658617,1,14
6_transparent_WW_VisionCrack3,WW10,smooth35,0.95,1.0241,2.574303805658617,1,14
6_transparent_WW_VisionCrack3,WW10,smooth35,1.0,1.2185,2.574303805658617,1,14
6_transparent_WW_VisionCrack3,WW10,smooth35,1.5,1.8135,2.574303805658617,1,14
6_transparent_WW_VisionCrack3,WW10,smooth35,2.0,2.2916,2.574303805658617,1,14
6_transparent_WW_VisionCrack3,WW10,smooth35,2.5,2.4682,2.574303805658617,1,14
6_transparent_WW_VisionCrack3,WW10,band0.60,0.5,0.5936,2.574303805658617,1,14
6_transparent_WW_VisionCrack3,WW10,band0.60,0.55,0.4467,2.574303805658617,1,14
6_transparent_WW_VisionCrack3,WW10,band0.60,0.6,0.567,2.574303805658617,1,14
6_transparent_WW_VisionCrack3,WW10,band0.60,0.65,0.6028,2.574303805658617,1,14
6_transparent_WW_VisionCrack3,WW10,band0.60,0.7,0.6552,2.574303805658617,1,14
6_transparent_WW_VisionCrack3,WW10,band0.60,0.75,0.703,2.574303805658617,1,14
6_transparent_WW_VisionCrack3,WW10,band0.60,0.8,0.8123,2.574303805658617,1,14
6_transparent_WW_VisionCrack3,WW10,band0.60,0.85,0.9636,2.574303805658617,1,14
6_transparent_WW_VisionCrack3,WW10,band0.60,0.9,0.9542,2.574303805658617,1,14
6_transparent_WW_VisionCrack3,WW10,band0.60,0.95,0.9827,2.574303805658617,1,14
6_transparent_WW_VisionCrack3,WW10,band0.60,1.0,1.2176,2.574303805658617,1,14
6_transparent_WW_VisionCrack3,WW10,band0.60,1.5,1.8011,2.574303805658617,1,14
6_transparent_WW_VisionCrack3,WW10,band0.60,2.0,2.2631,2.574303805658617,1,14
6_transparent_WW_VisionCrack3,WW10,band0.60,2.5,2.4253,2.574303805658617,1,14
6_transparent_WW_VisionCrack3,WW10,win0.4,0.5,0.5936,2.574303805658617,1,14
6_transparent_WW_VisionCrack3,WW10,win0.4,0.55,0.4413,2.574303805658617,1,14
6_transparent_WW_VisionCrack3,WW10,win0.4,0.6,0.5553,2.574303805658617,1,14
6_transparent_WW_VisionCrack3,WW10,win0.4,0.65,0.597,2.574303805658617,1,14
6_transparent_WW_VisionCrack3,WW10,win0.4,0.7,0.6509,2.574303805658617,1,14
6_transparent_WW_VisionCrack3,WW10,win0.4,0.75,0.6953,2.574303805658617,1,14
6_transparent_WW_VisionCrack3,WW10,win0.4,0.8,0.7958,2.574303805658617,1,14
6_transparent_WW_VisionCrack3,WW10,win0.4,0.85,0.8689,2.574303805658617,1,14
6_transparent_WW_VisionCrack3,WW10,win0.4,0.9,0.9098,2.574303805658617,1,14
6_transparent_WW_VisionCrack3,WW10,win0.4,0.95,0.9549,2.574303805658617,1,14
6_transparent_WW_VisionCrack3,WW10,win0.4,1.0,1.2059,2.574303805658617,1,14
6_transparent_WW_VisionCrack3,WW10,win0.4,1.5,1.7981,2.574303805658617,1,14
6_transparent_WW_VisionCrack3,WW10,win0.4,2.0,2.2374,2.574303805658617,1,14
6_transparent_WW_VisionCrack3,WW10,win0.4,2.5,2.4284,2.574303805658617,1,14
6_transparent_WW_VisionCrack3,WW10,win0.8,0.5,0.5936,2.574303805658617,1,14
6_transparent_WW_VisionCrack3,WW10,win0.8,0.55,0.453,2.574303805658617,1,14
6_transparent_WW_VisionCrack3,WW10,win0.8,0.6,0.5717,2.574303805658617,1,14
6_transparent_WW_VisionCrack3,WW10,win0.8,0.65,0.6073,2.574303805658617,1,14
6_transparent_WW_VisionCrack3,WW10,win0.8,0.7,0.6609,2.574303805658617,1,14
6_transparent_WW_VisionCrack3,WW10,win0.8,0.75,0.7056,2.574303805658617,1,14
6_transparent_WW_VisionCrack3,WW10,win0.8,0.8,0.8178,2.574303805658617,1,14
6_transparent_WW_VisionCrack3,WW10,win0.8,0.85,0.9794,2.574303805658617,1,14
6_transparent_WW_VisionCrack3,WW10,win0.8,0.9,1.0919,2.574303805658617,1,14
6_transparent_WW_VisionCrack3,WW10,win0.8,0.95,0.9848,2.574303805658617,1,14
6_transparent_WW_VisionCrack3,WW10,win0.8,1.0,1.2257,2.574303805658617,1,14
6_transparent_WW_VisionCrack3,WW10,win0.8,1.5,1.7956,2.574303805658617,1,14
6_transparent_WW_VisionCrack3,WW10,win0.8,2.0,2.2531,2.574303805658617,1,14
6_transparent_WW_VisionCrack3,WW10,win0.8,2.5,2.4118,2.574303805658617,1,14
6_transparent_WW_VisionCrack3,WW2,full,0.5,0.4745,1.9696635638724422,0,14
6_transparent_WW_VisionCrack3,WW2,full,0.55,0.5189,1.9696635638724422,0,14
6_transparent_WW_VisionCrack3,WW2,full,0.6,0.6179,1.9696635638724422,0,14
6_transparent_WW_VisionCrack3,WW2,full,0.65,0.6406,1.9696635638724422,0,14
6_transparent_WW_VisionCrack3,WW2,full,0.7,0.6891,1.9696635638724422,0,14
6_transparent_WW_VisionCrack3,WW2,full,0.75,0.7394,1.9696635638724422,0,14
6_transparent_WW_VisionCrack3,WW2,full,0.8,0.8416,1.9696635638724422,0,14
6_transparent_WW_VisionCrack3,WW2,full,0.85,0.9207,1.9696635638724422,0,14
6_transparent_WW_VisionCrack3,WW2,full,0.9,1.017,1.9696635638724422,0,14
6_transparent_WW_VisionCrack3,WW2,full,0.95,1.0703,1.9696635638724422,0,14
6_transparent_WW_VisionCrack3,WW2,full,1.0,1.1551,1.9696635638724422,0,14
6_transparent_WW_VisionCrack3,WW2,full,1.5,1.7658,1.9696635638724422,0,14
6_transparent_WW_VisionCrack3,WW2,full,2.0,2.0249,1.9696635638724422,0,14
6_transparent_WW_VisionCrack3,WW2,full,2.5,2.3715,1.9696635638724422,0,14
6_transparent_WW_VisionCrack3,WW2,no_masked_bg,0.5,0.4867,1.9696635638724422,0,14
6_transparent_WW_VisionCrack3,WW2,no_masked_bg,0.55,0.5279,1.9696635638724422,0,14
6_transparent_WW_VisionCrack3,WW2,no_masked_bg,0.6,0.6398,1.9696635638724422,0,14
6_transparent_WW_VisionCrack3,WW2,no_masked_bg,0.65,0.6537,1.9696635638724422,0,14
6_transparent_WW_VisionCrack3,WW2,no_masked_bg,0.7,0.7069,1.9696635638724422,0,14
6_transparent_WW_VisionCrack3,WW2,no_masked_bg,0.75,0.7589,1.9696635638724422,0,14
6_transparent_WW_VisionCrack3,WW2,no_masked_bg,0.8,0.9501,1.9696635638724422,0,14
6_transparent_WW_VisionCrack3,WW2,no_masked_bg,0.85,1.0188,1.9696635638724422,0,14
6_transparent_WW_VisionCrack3,WW2,no_masked_bg,0.9,1.1041,1.9696635638724422,0,14
6_transparent_WW_VisionCrack3,WW2,no_masked_bg,0.95,1.1861,1.9696635638724422,0,14
6_transparent_WW_VisionCrack3,WW2,no_masked_bg,1.0,1.2405,1.9696635638724422,0,14
6_transparent_WW_VisionCrack3,WW2,no_masked_bg,1.5,1.993,1.9696635638724422,0,14
6_transparent_WW_VisionCrack3,WW2,no_masked_bg,2.0,2.331,1.9696635638724422,0,14
6_transparent_WW_VisionCrack3,WW2,no_masked_bg,2.5,2.5264,1.9696635638724422,0,14
6_transparent_WW_VisionCrack3,WW2,lsf_sigma,0.5,0.5369,2.41345227978299,1,14
6_transparent_WW_VisionCrack3,WW2,lsf_sigma,0.55,0.4928,2.41345227978299,1,14
6_transparent_WW_VisionCrack3,WW2,lsf_sigma,0.6,0.5998,2.41345227978299,1,14
6_transparent_WW_VisionCrack3,WW2,lsf_sigma,0.65,0.6204,2.41345227978299,1,14
6_transparent_WW_VisionCrack3,WW2,lsf_sigma,0.7,0.6723,2.41345227978299,1,14
6_transparent_WW_VisionCrack3,WW2,lsf_sigma,0.75,0.7281,2.41345227978299,1,14
6_transparent_WW_VisionCrack3,WW2,lsf_sigma,0.8,0.8408,2.41345227978299,1,14
6_transparent_WW_VisionCrack3,WW2,lsf_sigma,0.85,0.9486,2.41345227978299,1,14
6_transparent_WW_VisionCrack3,WW2,lsf_sigma,0.9,1.0356,2.41345227978299,1,14
6_transparent_WW_VisionCrack3,WW2,lsf_sigma,0.95,1.0995,2.41345227978299,1,14
6_transparent_WW_VisionCrack3,WW2,lsf_sigma,1.0,1.1807,2.41345227978299,1,14
6_transparent_WW_VisionCrack3,WW2,lsf_sigma,1.5,1.7856,2.41345227978299,1,14
6_transparent_WW_VisionCrack3,WW2,lsf_sigma,2.0,2.1892,2.41345227978299,1,14
6_transparent_WW_VisionCrack3,WW2,lsf_sigma,2.5,2.3938,2.41345227978299,1,14
6_transparent_WW_VisionCrack3,WW2,no_deconv,0.5,0.4854,1.9696635638724422,0,14
6_transparent_WW_VisionCrack3,WW2,no_deconv,0.55,0.5265,1.9696635638724422,0,14
6_transparent_WW_VisionCrack3,WW2,no_deconv,0.6,0.6205,1.9696635638724422,0,14
6_transparent_WW_VisionCrack3,WW2,no_deconv,0.65,0.6424,1.9696635638724422,0,14
6_transparent_WW_VisionCrack3,WW2,no_deconv,0.7,0.6895,1.9696635638724422,0,14
6_transparent_WW_VisionCrack3,WW2,no_deconv,0.75,0.7387,1.9696635638724422,0,14
6_transparent_WW_VisionCrack3,WW2,no_deconv,0.8,0.8397,1.9696635638724422,0,14
6_transparent_WW_VisionCrack3,WW2,no_deconv,0.85,0.9186,1.9696635638724422,0,14
6_transparent_WW_VisionCrack3,WW2,no_deconv,0.9,1.0152,1.9696635638724422,0,14
6_transparent_WW_VisionCrack3,WW2,no_deconv,0.95,1.069,1.9696635638724422,0,14
6_transparent_WW_VisionCrack3,WW2,no_deconv,1.0,1.155,1.9696635638724422,0,14
6_transparent_WW_VisionCrack3,WW2,no_deconv,1.5,1.7793,1.9696635638724422,0,14
6_transparent_WW_VisionCrack3,WW2,no_deconv,2.0,2.046,1.9696635638724422,0,14
6_transparent_WW_VisionCrack3,WW2,no_deconv,2.5,2.4036,1.9696635638724422,0,14
6_transparent_WW_VisionCrack3,WW2,rev3_window,0.5,0.472,1.9696635638724422,0,14
6_transparent_WW_VisionCrack3,WW2,rev3_window,0.55,0.529,1.9696635638724422,0,14
6_transparent_WW_VisionCrack3,WW2,rev3_window,0.6,0.6146,1.9696635638724422,0,14
6_transparent_WW_VisionCrack3,WW2,rev3_window,0.65,0.6495,1.9696635638724422,0,14
6_transparent_WW_VisionCrack3,WW2,rev3_window,0.7,0.6872,1.9696635638724422,0,14
6_transparent_WW_VisionCrack3,WW2,rev3_window,0.75,0.7346,1.9696635638724422,0,14
6_transparent_WW_VisionCrack3,WW2,rev3_window,0.8,0.8333,1.9696635638724422,0,14
6_transparent_WW_VisionCrack3,WW2,rev3_window,0.85,0.9151,1.9696635638724422,0,14
6_transparent_WW_VisionCrack3,WW2,rev3_window,0.9,0.9273,1.9696635638724422,0,14
6_transparent_WW_VisionCrack3,WW2,rev3_window,0.95,1.0153,1.9696635638724422,0,14
6_transparent_WW_VisionCrack3,WW2,rev3_window,1.0,1.1714,1.9696635638724422,0,14
6_transparent_WW_VisionCrack3,WW2,rev3_window,1.5,1.7723,1.9696635638724422,0,14
6_transparent_WW_VisionCrack3,WW2,rev3_window,2.0,1.9809,1.9696635638724422,0,14
6_transparent_WW_VisionCrack3,WW2,rev3_window,2.5,2.3584,1.9696635638724422,0,14
6_transparent_WW_VisionCrack3,WW2,margin1.0,0.5,0.4715,1.9696635638724422,0,14
6_transparent_WW_VisionCrack3,WW2,margin1.0,0.55,0.5157,1.9696635638724422,0,14
6_transparent_WW_VisionCrack3,WW2,margin1.0,0.6,0.6111,1.9696635638724422,0,14
6_transparent_WW_VisionCrack3,WW2,margin1.0,0.65,0.6352,1.9696635638724422,0,14
6_transparent_WW_VisionCrack3,WW2,margin1.0,0.7,0.6861,1.9696635638724422,0,14
6_transparent_WW_VisionCrack3,WW2,margin1.0,0.75,0.7306,1.9696635638724422,0,14
6_transparent_WW_VisionCrack3,WW2,margin1.0,0.8,0.8291,1.9696635638724422,0,14
6_transparent_WW_VisionCrack3,WW2,margin1.0,0.85,0.8937,1.9696635638724422,0,14
6_transparent_WW_VisionCrack3,WW2,margin1.0,0.9,0.9283,1.9696635638724422,0,14
6_transparent_WW_VisionCrack3,WW2,margin1.0,0.95,0.9583,1.9696635638724422,0,14
6_transparent_WW_VisionCrack3,WW2,margin1.0,1.0,1.106,1.9696635638724422,0,14
6_transparent_WW_VisionCrack3,WW2,margin1.0,1.5,1.7219,1.9696635638724422,0,14
6_transparent_WW_VisionCrack3,WW2,margin1.0,2.0,1.9694,1.9696635638724422,0,14
6_transparent_WW_VisionCrack3,WW2,margin1.0,2.5,2.3534,1.9696635638724422,0,14
6_transparent_WW_VisionCrack3,WW2,margin2.0,0.5,0.476,1.9696635638724422,0,14
6_transparent_WW_VisionCrack3,WW2,margin2.0,0.55,0.5212,1.9696635638724422,0,14
6_transparent_WW_VisionCrack3,WW2,margin2.0,0.6,0.6225,1.9696635638724422,0,14
6_transparent_WW_VisionCrack3,WW2,margin2.0,0.65,0.6422,1.9696635638724422,0,14
6_transparent_WW_VisionCrack3,WW2,margin2.0,0.7,0.6921,1.9696635638724422,0,14
6_transparent_WW_VisionCrack3,WW2,margin2.0,0.75,0.7459,1.9696635638724422,0,14
6_transparent_WW_VisionCrack3,WW2,margin2.0,0.8,0.8551,1.9696635638724422,0,14
6_transparent_WW_VisionCrack3,WW2,margin2.0,0.85,0.9601,1.9696635638724422,0,14
6_transparent_WW_VisionCrack3,WW2,margin2.0,0.9,1.0451,1.9696635638724422,0,14
6_transparent_WW_VisionCrack3,WW2,margin2.0,0.95,1.1076,1.9696635638724422,0,14
6_transparent_WW_VisionCrack3,WW2,margin2.0,1.0,1.1871,1.9696635638724422,0,14
6_transparent_WW_VisionCrack3,WW2,margin2.0,1.5,1.7841,1.9696635638724422,0,14
6_transparent_WW_VisionCrack3,WW2,margin2.0,2.0,2.1838,1.9696635638724422,0,14
6_transparent_WW_VisionCrack3,WW2,margin2.0,2.5,2.3865,1.9696635638724422,0,14
6_transparent_WW_VisionCrack3,WW2,smooth15,0.5,0.4752,1.9696635638724422,0,14
6_transparent_WW_VisionCrack3,WW2,smooth15,0.55,0.5201,1.9696635638724422,0,14
6_transparent_WW_VisionCrack3,WW2,smooth15,0.6,0.6183,1.9696635638724422,0,14
6_transparent_WW_VisionCrack3,WW2,smooth15,0.65,0.6422,1.9696635638724422,0,14
6_transparent_WW_VisionCrack3,WW2,smooth15,0.7,0.6895,1.9696635638724422,0,14
6_transparent_WW_VisionCrack3,WW2,smooth15,0.75,0.7399,1.9696635638724422,0,14
6_transparent_WW_VisionCrack3,WW2,smooth15,0.8,0.8411,1.9696635638724422,0,14
6_transparent_WW_VisionCrack3,WW2,smooth15,0.85,0.9187,1.9696635638724422,0,14
6_transparent_WW_VisionCrack3,WW2,smooth15,0.9,1.0076,1.9696635638724422,0,14
6_transparent_WW_VisionCrack3,WW2,smooth15,0.95,1.0481,1.9696635638724422,0,14
6_transparent_WW_VisionCrack3,WW2,smooth15,1.0,1.1449,1.9696635638724422,0,14
6_transparent_WW_VisionCrack3,WW2,smooth15,1.5,1.7501,1.9696635638724422,0,14
6_transparent_WW_VisionCrack3,WW2,smooth15,2.0,1.9863,1.9696635638724422,0,14
6_transparent_WW_VisionCrack3,WW2,smooth15,2.5,2.3597,1.9696635638724422,0,14
6_transparent_WW_VisionCrack3,WW2,smooth35,0.5,0.4747,1.9696635638724422,0,14
6_transparent_WW_VisionCrack3,WW2,smooth35,0.55,0.5204,1.9696635638724422,0,14
6_transparent_WW_VisionCrack3,WW2,smooth35,0.6,0.6191,1.9696635638724422,0,14
6_transparent_WW_VisionCrack3,WW2,smooth35,0.65,0.6405,1.9696635638724422,0,14
6_transparent_WW_VisionCrack3,WW2,smooth35,0.7,0.6903,1.9696635638724422,0,14
6_transparent_WW_VisionCrack3,WW2,smooth35,0.75,0.7423,1.9696635638724422,0,14
6_transparent_WW_VisionCrack3,WW2,smooth35,0.8,0.8468,1.9696635638724422,0,14
6_transparent_WW_VisionCrack3,WW2,smooth35,0.85,0.9599,1.9696635638724422,0,14
6_transparent_WW_VisionCrack3,WW2,smooth35,0.9,1.0298,1.9696635638724422,0,14
6_transparent_WW_VisionCrack3,WW2,smooth35,0.95,1.1,1.9696635638724422,0,14
6_transparent_WW_VisionCrack3,WW2,smooth35,1.0,1.1703,1.9696635638724422,0,14
6_transparent_WW_VisionCrack3,WW2,smooth35,1.5,1.7906,1.9696635638724422,0,14
6_transparent_WW_VisionCrack3,WW2,smooth35,2.0,2.1927,1.9696635638724422,0,14
6_transparent_WW_VisionCrack3,WW2,smooth35,2.5,2.3987,1.9696635638724422,0,14
6_transparent_WW_VisionCrack3,WW2,band0.60,0.5,0.4745,1.9696635638724422,0,14
6_transparent_WW_VisionCrack3,WW2,band0.60,0.55,0.5189,1.9696635638724422,0,14
6_transparent_WW_VisionCrack3,WW2,band0.60,0.6,0.6179,1.9696635638724422,0,14
6_transparent_WW_VisionCrack3,WW2,band0.60,0.65,0.6406,1.9696635638724422,0,14
6_transparent_WW_VisionCrack3,WW2,band0.60,0.7,0.6891,1.9696635638724422,0,14
6_transparent_WW_VisionCrack3,WW2,band0.60,0.75,0.7394,1.9696635638724422,0,14
6_transparent_WW_VisionCrack3,WW2,band0.60,0.8,0.8416,1.9696635638724422,0,14
6_transparent_WW_VisionCrack3,WW2,band0.60,0.85,0.9207,1.9696635638724422,0,14
6_transparent_WW_VisionCrack3,WW2,band0.60,0.9,1.017,1.9696635638724422,0,14
6_transparent_WW_VisionCrack3,WW2,band0.60,0.95,1.0703,1.9696635638724422,0,14
6_transparent_WW_VisionCrack3,WW2,band0.60,1.0,1.1551,1.9696635638724422,0,14
6_transparent_WW_VisionCrack3,WW2,band0.60,1.5,1.7658,1.9696635638724422,0,14
6_transparent_WW_VisionCrack3,WW2,band0.60,2.0,2.0249,1.9696635638724422,0,14
6_transparent_WW_VisionCrack3,WW2,band0.60,2.5,2.3715,1.9696635638724422,0,14
6_transparent_WW_VisionCrack3,WW2,win0.4,0.5,0.4635,1.9696635638724422,0,14
6_transparent_WW_VisionCrack3,WW2,win0.4,0.55,0.5023,1.9696635638724422,0,14
6_transparent_WW_VisionCrack3,WW2,win0.4,0.6,0.6064,1.9696635638724422,0,14
6_transparent_WW_VisionCrack3,WW2,win0.4,0.65,0.631,1.9696635638724422,0,14
6_transparent_WW_VisionCrack3,WW2,win0.4,0.7,0.6811,1.9696635638724422,0,14
6_transparent_WW_VisionCrack3,WW2,win0.4,0.75,0.7304,1.9696635638724422,0,14
6_transparent_WW_VisionCrack3,WW2,win0.4,0.8,0.8194,1.9696635638724422,0,14
6_transparent_WW_VisionCrack3,WW2,win0.4,0.85,0.8961,1.9696635638724422,0,14
6_transparent_WW_VisionCrack3,WW2,win0.4,0.9,0.9394,1.9696635638724422,0,14
6_transparent_WW_VisionCrack3,WW2,win0.4,0.95,1.0436,1.9696635638724422,0,14
6_transparent_WW_VisionCrack3,WW2,win0.4,1.0,1.1274,1.9696635638724422,0,14
6_transparent_WW_VisionCrack3,WW2,win0.4,1.5,1.7581,1.9696635638724422,0,14
6_transparent_WW_VisionCrack3,WW2,win0.4,2.0,2.0275,1.9696635638724422,0,14
6_transparent_WW_VisionCrack3,WW2,win0.4,2.5,2.3795,1.9696635638724422,0,14
6_transparent_WW_VisionCrack3,WW2,win0.8,0.5,0.4804,1.9696635638724422,0,14
6_transparent_WW_VisionCrack3,WW2,win0.8,0.55,0.5229,1.9696635638724422,0,14
6_transparent_WW_VisionCrack3,WW2,win0.8,0.6,0.6171,1.9696635638724422,0,14
6_transparent_WW_VisionCrack3,WW2,win0.8,0.65,0.6459,1.9696635638724422,0,14
6_transparent_WW_VisionCrack3,WW2,win0.8,0.7,0.6948,1.9696635638724422,0,14
6_transparent_WW_VisionCrack3,WW2,win0.8,0.75,0.7394,1.9696635638724422,0,14
6_transparent_WW_VisionCrack3,WW2,win0.8,0.8,0.8379,1.9696635638724422,0,14
6_transparent_WW_VisionCrack3,WW2,win0.8,0.85,0.9524,1.9696635638724422,0,14
6_transparent_WW_VisionCrack3,WW2,win0.8,0.9,0.9531,1.9696635638724422,0,14
6_transparent_WW_VisionCrack3,WW2,win0.8,0.95,1.0925,1.9696635638724422,0,14
6_transparent_WW_VisionCrack3,WW2,win0.8,1.0,1.1541,1.9696635638724422,0,14
6_transparent_WW_VisionCrack3,WW2,win0.8,1.5,1.7618,1.9696635638724422,0,14
6_transparent_WW_VisionCrack3,WW2,win0.8,2.0,2.0192,1.9696635638724422,0,14
6_transparent_WW_VisionCrack3,WW2,win0.8,2.5,2.3689,1.9696635638724422,0,14
6_transparent_WW_VisionCrack3,WW3,full,0.5,0.4229,2.2550720179035615,0,14
6_transparent_WW_VisionCrack3,WW3,full,0.55,0.4847,2.2550720179035615,0,14
6_transparent_WW_VisionCrack3,WW3,full,0.6,0.5824,2.2550720179035615,0,14
6_transparent_WW_VisionCrack3,WW3,full,0.65,0.6231,2.2550720179035615,0,14
6_transparent_WW_VisionCrack3,WW3,full,0.7,0.6635,2.2550720179035615,0,14
6_transparent_WW_VisionCrack3,WW3,full,0.75,0.7086,2.2550720179035615,0,14
6_transparent_WW_VisionCrack3,WW3,full,0.8,0.8193,2.2550720179035615,0,14
6_transparent_WW_VisionCrack3,WW3,full,0.85,0.8974,2.2550720179035615,0,14
6_transparent_WW_VisionCrack3,WW3,full,0.9,0.913,2.2550720179035615,0,14
6_transparent_WW_VisionCrack3,WW3,full,0.95,0.9574,2.2550720179035615,0,14
6_transparent_WW_VisionCrack3,WW3,full,1.0,1.163,2.2550720179035615,0,14
6_transparent_WW_VisionCrack3,WW3,full,1.5,1.7655,2.2550720179035615,0,14
6_transparent_WW_VisionCrack3,WW3,full,2.0,2.2106,2.2550720179035615,0,14
6_transparent_WW_VisionCrack3,WW3,full,2.5,2.3742,2.2550720179035615,0,14
6_transparent_WW_VisionCrack3,WW3,no_masked_bg,0.5,0.4379,2.2550720179035615,0,14
6_transparent_WW_VisionCrack3,WW3,no_masked_bg,0.55,0.5033,2.2550720179035615,0,14
6_transparent_WW_VisionCrack3,WW3,no_masked_bg,0.6,0.6028,2.2550720179035615,0,14
6_transparent_WW_VisionCrack3,WW3,no_masked_bg,0.65,0.6361,2.2550720179035615,0,14
6_transparent_WW_VisionCrack3,WW3,no_masked_bg,0.7,0.6744,2.2550720179035615,0,14
6_transparent_WW_VisionCrack3,WW3,no_masked_bg,0.75,0.7204,2.2550720179035615,0,14
6_transparent_WW_VisionCrack3,WW3,no_masked_bg,0.8,0.8964,2.2550720179035615,0,14
6_transparent_WW_VisionCrack3,WW3,no_masked_bg,0.85,1.0056,2.2550720179035615,0,14
6_transparent_WW_VisionCrack3,WW3,no_masked_bg,0.9,1.092,2.2550720179035615,0,14
6_transparent_WW_VisionCrack3,WW3,no_masked_bg,0.95,1.1421,2.2550720179035615,0,14
6_transparent_WW_VisionCrack3,WW3,no_masked_bg,1.0,1.2369,2.2550720179035615,0,14
6_transparent_WW_VisionCrack3,WW3,no_masked_bg,1.5,1.9831,2.2550720179035615,0,14
6_transparent_WW_VisionCrack3,WW3,no_masked_bg,2.0,2.3454,2.2550720179035615,0,14
6_transparent_WW_VisionCrack3,WW3,no_masked_bg,2.5,2.5372,2.2550720179035615,0,14
6_transparent_WW_VisionCrack3,WW3,lsf_sigma,0.5,0.4217,2.2698556548574924,0,14
6_transparent_WW_VisionCrack3,WW3,lsf_sigma,0.55,0.4837,2.2698556548574924,0,14
6_transparent_WW_VisionCrack3,WW3,lsf_sigma,0.6,0.5815,2.2698556548574924,0,14
6_transparent_WW_VisionCrack3,WW3,lsf_sigma,0.65,0.6223,2.2698556548574924,0,14
6_transparent_WW_VisionCrack3,WW3,lsf_sigma,0.7,0.6628,2.2698556548574924,0,14
6_transparent_WW_VisionCrack3,WW3,lsf_sigma,0.75,0.7079,2.2698556548574924,0,14
6_transparent_WW_VisionCrack3,WW3,lsf_sigma,0.8,0.8187,2.2698556548574924,0,14
6_transparent_WW_VisionCrack3,WW3,lsf_sigma,0.85,0.8969,2.2698556548574924,0,14
6_transparent_WW_VisionCrack3,WW3,lsf_sigma,0.9,0.9125,2.2698556548574924,0,14
6_transparent_WW_VisionCrack3,WW3,lsf_sigma,0.95,0.9569,2.2698556548574924,0,14
6_transparent_WW_VisionCrack3,WW3,lsf_sigma,1.0,1.1627,2.2698556548574924,0,14
6_transparent_WW_VisionCrack3,WW3,lsf_sigma,1.5,1.7654,2.2698556548574924,0,14
6_transparent_WW_VisionCrack3,WW3,lsf_sigma,2.0,2.2107,2.2698556548574924,0,14
6_transparent_WW_VisionCrack3,WW3,lsf_sigma,2.5,2.3743,2.2698556548574924,0,14
6_transparent_WW_VisionCrack3,WW3,no_deconv,0.5,0.4651,2.2550720179035615,0,14
6_transparent_WW_VisionCrack3,WW3,no_deconv,0.55,0.5188,2.2550720179035615,0,14
6_transparent_WW_VisionCrack3,WW3,no_deconv,0.6,0.6073,2.2550720179035615,0,14
6_transparent_WW_VisionCrack3,WW3,no_deconv,0.65,0.6452,2.2550720179035615,0,14
6_transparent_WW_VisionCrack3,WW3,no_deconv,0.7,0.6834,2.2550720179035615,0,14
6_transparent_WW_VisionCrack3,WW3,no_deconv,0.75,0.7262,2.2550720179035615,0,14
6_transparent_WW_VisionCrack3,WW3,no_deconv,0.8,0.8328,2.2550720179035615,0,14
6_transparent_WW_VisionCrack3,WW3,no_deconv,0.85,0.9091,2.2550720179035615,0,14
6_transparent_WW_VisionCrack3,WW3,no_deconv,0.9,0.9243,2.2550720179035615,0,14
6_transparent_WW_VisionCrack3,WW3,no_deconv,0.95,0.9679,2.2550720179035615,0,14
6_transparent_WW_VisionCrack3,WW3,no_deconv,1.0,1.1722,2.2550720179035615,0,14
6_transparent_WW_VisionCrack3,WW3,no_deconv,1.5,1.781,2.2550720179035615,0,14
6_transparent_WW_VisionCrack3,WW3,no_deconv,2.0,2.2351,2.2550720179035615,0,14
6_transparent_WW_VisionCrack3,WW3,no_deconv,2.5,2.4025,2.2550720179035615,0,14
6_transparent_WW_VisionCrack3,WW3,rev3_window,0.5,0.4325,2.2550720179035615,0,14
6_transparent_WW_VisionCrack3,WW3,rev3_window,0.55,0.4984,2.2550720179035615,0,14
6_transparent_WW_VisionCrack3,WW3,rev3_window,0.6,0.5902,2.2550720179035615,0,14
6_transparent_WW_VisionCrack3,WW3,rev3_window,0.65,0.6298,2.2550720179035615,0,14
6_transparent_WW_VisionCrack3,WW3,rev3_window,0.7,0.6645,2.2550720179035615,0,14
6_transparent_WW_VisionCrack3,WW3,rev3_window,0.75,0.7088,2.2550720179035615,0,14
6_transparent_WW_VisionCrack3,WW3,rev3_window,0.8,0.8086,2.2550720179035615,0,14
6_transparent_WW_VisionCrack3,WW3,rev3_window,0.85,0.8935,2.2550720179035615,0,14
6_transparent_WW_VisionCrack3,WW3,rev3_window,0.9,0.9303,2.2550720179035615,0,14
6_transparent_WW_VisionCrack3,WW3,rev3_window,0.95,0.9473,2.2550720179035615,0,14
6_transparent_WW_VisionCrack3,WW3,rev3_window,1.0,1.1499,2.2550720179035615,0,14
6_transparent_WW_VisionCrack3,WW3,rev3_window,1.5,1.7935,2.2550720179035615,0,14
6_transparent_WW_VisionCrack3,WW3,rev3_window,2.0,2.0104,2.2550720179035615,0,14
6_transparent_WW_VisionCrack3,WW3,rev3_window,2.5,2.3596,2.2550720179035615,0,14
6_transparent_WW_VisionCrack3,WW3,margin1.0,0.5,0.4186,2.2550720179035615,0,14
6_transparent_WW_VisionCrack3,WW3,margin1.0,0.55,0.4778,2.2550720179035615,0,14
6_transparent_WW_VisionCrack3,WW3,margin1.0,0.6,0.5768,2.2550720179035615,0,14
6_transparent_WW_VisionCrack3,WW3,margin1.0,0.65,0.62,2.2550720179035615,0,14
6_transparent_WW_VisionCrack3,WW3,margin1.0,0.7,0.6604,2.2550720179035615,0,14
6_transparent_WW_VisionCrack3,WW3,margin1.0,0.75,0.7051,2.2550720179035615,0,14
6_transparent_WW_VisionCrack3,WW3,margin1.0,0.8,0.8032,2.2550720179035615,0,14
6_transparent_WW_VisionCrack3,WW3,margin1.0,0.85,0.869,2.2550720179035615,0,14
6_transparent_WW_VisionCrack3,WW3,margin1.0,0.9,0.8997,2.2550720179035615,0,14
6_transparent_WW_VisionCrack3,WW3,margin1.0,0.95,0.9362,2.2550720179035615,0,14
6_transparent_WW_VisionCrack3,WW3,margin1.0,1.0,0.9936,2.2550720179035615,0,14
6_transparent_WW_VisionCrack3,WW3,margin1.0,1.5,1.732,2.2550720179035615,0,14
6_transparent_WW_VisionCrack3,WW3,margin1.0,2.0,1.9739,2.2550720179035615,0,14
6_transparent_WW_VisionCrack3,WW3,margin1.0,2.5,2.35,2.2550720179035615,0,14
6_transparent_WW_VisionCrack3,WW3,margin2.0,0.5,0.4294,2.2550720179035615,0,14
6_transparent_WW_VisionCrack3,WW3,margin2.0,0.55,0.4878,2.2550720179035615,0,14
6_transparent_WW_VisionCrack3,WW3,margin2.0,0.6,0.5844,2.2550720179035615,0,14
6_transparent_WW_VisionCrack3,WW3,margin2.0,0.65,0.628,2.2550720179035615,0,14
6_transparent_WW_VisionCrack3,WW3,margin2.0,0.7,0.6673,2.2550720179035615,0,14
6_transparent_WW_VisionCrack3,WW3,margin2.0,0.75,0.7149,2.2550720179035615,0,14
6_transparent_WW_VisionCrack3,WW3,margin2.0,0.8,0.8369,2.2550720179035615,0,14
6_transparent_WW_VisionCrack3,WW3,margin2.0,0.85,0.9405,2.2550720179035615,0,14
6_transparent_WW_VisionCrack3,WW3,margin2.0,0.9,0.9284,2.2550720179035615,0,14
6_transparent_WW_VisionCrack3,WW3,margin2.0,0.95,0.9851,2.2550720179035615,0,14
6_transparent_WW_VisionCrack3,WW3,margin2.0,1.0,1.1788,2.2550720179035615,0,14
6_transparent_WW_VisionCrack3,WW3,margin2.0,1.5,1.7901,2.2550720179035615,0,14
6_transparent_WW_VisionCrack3,WW3,margin2.0,2.0,2.2518,2.2550720179035615,0,14
6_transparent_WW_VisionCrack3,WW3,margin2.0,2.5,2.3936,2.2550720179035615,0,14
6_transparent_WW_VisionCrack3,WW3,smooth15,0.5,0.4277,2.2550720179035615,0,14
6_transparent_WW_VisionCrack3,WW3,smooth15,0.55,0.4859,2.2550720179035615,0,14
6_transparent_WW_VisionCrack3,WW3,smooth15,0.6,0.5829,2.2550720179035615,0,14
6_transparent_WW_VisionCrack3,WW3,smooth15,0.65,0.6241,2.2550720179035615,0,14
6_transparent_WW_VisionCrack3,WW3,smooth15,0.7,0.6638,2.2550720179035615,0,14
6_transparent_WW_VisionCrack3,WW3,smooth15,0.75,0.7092,2.2550720179035615,0,14
6_transparent_WW_VisionCrack3,WW3,smooth15,0.8,0.8194,2.2550720179035615,0,14
6_transparent_WW_VisionCrack3,WW3,smooth15,0.85,0.8976,2.2550720179035615,0,14
6_transparent_WW_VisionCrack3,WW3,smooth15,0.9,0.9132,2.2550720179035615,0,14
6_transparent_WW_VisionCrack3,WW3,smooth15,0.95,0.9576,2.2550720179035615,0,14
6_transparent_WW_VisionCrack3,WW3,smooth15,1.0,1.1614,2.2550720179035615,0,14
6_transparent_WW_VisionCrack3,WW3,smooth15,1.5,1.7595,2.2550720179035615,0,14
6_transparent_WW_VisionCrack3,WW3,smooth15,2.0,2.1631,2.2550720179035615,0,14
6_transparent_WW_VisionCrack3,WW3,smooth15,2.5,2.3612,2.2550720179035615,0,14
6_transparent_WW_VisionCrack3,WW3,smooth35,0.5,0.4243,2.2550720179035615,0,14
6_transparent_WW_VisionCrack3,WW3,smooth35,0.55,0.4849,2.2550720179035615,0,14
6_transparent_WW_VisionCrack3,WW3,smooth35,0.6,0.5823,2.2550720179035615,0,14
6_transparent_WW_VisionCrack3,WW3,smooth35,0.65,0.6252,2.2550720179035615,0,14
6_transparent_WW_VisionCrack3,WW3,smooth35,0.7,0.6641,2.2550720179035615,0,14
6_transparent_WW_VisionCrack3,WW3,smooth35,0.75,0.711,2.2550720179035615,0,14
6_transparent_WW_VisionCrack3,WW3,smooth35,0.8,0.8212,2.2550720179035615,0,14
6_transparent_WW_VisionCrack3,WW3,smooth35,0.85,0.8991,2.2550720179035615,0,14
6_transparent_WW_VisionCrack3,WW3,smooth35,0.9,0.9161,2.2550720179035615,0,14
6_transparent_WW_VisionCrack3,WW3,smooth35,0.95,0.9596,2.2550720179035615,0,14
6_transparent_WW_VisionCrack3,WW3,smooth35,1.0,1.1661,2.2550720179035615,0,14
6_transparent_WW_VisionCrack3,WW3,smooth35,1.5,1.7833,2.2550720179035615,0,14
6_transparent_WW_VisionCrack3,WW3,smooth35,2.0,2.2577,2.2550720179035615,0,14
6_transparent_WW_VisionCrack3,WW3,smooth35,2.5,2.3959,2.2550720179035615,0,14
6_transparent_WW_VisionCrack3,WW3,band0.60,0.5,0.4229,2.2550720179035615,0,14
6_transparent_WW_VisionCrack3,WW3,band0.60,0.55,0.4847,2.2550720179035615,0,14
6_transparent_WW_VisionCrack3,WW3,band0.60,0.6,0.5824,2.2550720179035615,0,14
6_transparent_WW_VisionCrack3,WW3,band0.60,0.65,0.6231,2.2550720179035615,0,14
6_transparent_WW_VisionCrack3,WW3,band0.60,0.7,0.6635,2.2550720179035615,0,14
6_transparent_WW_VisionCrack3,WW3,band0.60,0.75,0.7086,2.2550720179035615,0,14
6_transparent_WW_VisionCrack3,WW3,band0.60,0.8,0.8193,2.2550720179035615,0,14
6_transparent_WW_VisionCrack3,WW3,band0.60,0.85,0.8974,2.2550720179035615,0,14
6_transparent_WW_VisionCrack3,WW3,band0.60,0.9,0.913,2.2550720179035615,0,14
6_transparent_WW_VisionCrack3,WW3,band0.60,0.95,0.9574,2.2550720179035615,0,14
6_transparent_WW_VisionCrack3,WW3,band0.60,1.0,1.163,2.2550720179035615,0,14
6_transparent_WW_VisionCrack3,WW3,band0.60,1.5,1.7655,2.2550720179035615,0,14
6_transparent_WW_VisionCrack3,WW3,band0.60,2.0,2.2106,2.2550720179035615,0,14
6_transparent_WW_VisionCrack3,WW3,band0.60,2.5,2.3742,2.2550720179035615,0,14
6_transparent_WW_VisionCrack3,WW3,win0.4,0.5,0.5465,2.2550720179035615,1,14
6_transparent_WW_VisionCrack3,WW3,win0.4,0.55,0.4751,2.2550720179035615,1,14
6_transparent_WW_VisionCrack3,WW3,win0.4,0.6,0.5789,2.2550720179035615,1,14
6_transparent_WW_VisionCrack3,WW3,win0.4,0.65,0.6144,2.2550720179035615,1,14
6_transparent_WW_VisionCrack3,WW3,win0.4,0.7,0.658,2.2550720179035615,1,14
6_transparent_WW_VisionCrack3,WW3,win0.4,0.75,0.7054,2.2550720179035615,1,14
6_transparent_WW_VisionCrack3,WW3,win0.4,0.8,0.7951,2.2550720179035615,1,14
6_transparent_WW_VisionCrack3,WW3,win0.4,0.85,0.8652,2.2550720179035615,1,14
6_transparent_WW_VisionCrack3,WW3,win0.4,0.9,0.8988,2.2550720179035615,1,14
6_transparent_WW_VisionCrack3,WW3,win0.4,0.95,0.9455,2.2550720179035615,1,14
6_transparent_WW_VisionCrack3,WW3,win0.4,1.0,1.1094,2.2550720179035615,1,14
6_transparent_WW_VisionCrack3,WW3,win0.4,1.5,1.77,2.2550720179035615,1,14
6_transparent_WW_VisionCrack3,WW3,win0.4,2.0,2.1844,2.2550720179035615,1,14
6_transparent_WW_VisionCrack3,WW3,win0.4,2.5,2.3785,2.2550720179035615,1,14
6_transparent_WW_VisionCrack3,WW3,win0.8,0.5,0.438,2.2550720179035615,0,14
6_transparent_WW_VisionCrack3,WW3,win0.8,0.55,0.4923,2.2550720179035615,0,14
6_transparent_WW_VisionCrack3,WW3,win0.8,0.6,0.5911,2.2550720179035615,0,14
6_transparent_WW_VisionCrack3,WW3,win0.8,0.65,0.6273,2.2550720179035615,0,14
6_transparent_WW_VisionCrack3,WW3,win0.8,0.7,0.6679,2.2550720179035615,0,14
6_transparent_WW_VisionCrack3,WW3,win0.8,0.75,0.7125,2.2550720179035615,0,14
6_transparent_WW_VisionCrack3,WW3,win0.8,0.8,0.8071,2.2550720179035615,0,14
6_transparent_WW_VisionCrack3,WW3,win0.8,0.85,0.8855,2.2550720179035615,0,14
6_transparent_WW_VisionCrack3,WW3,win0.8,0.9,0.9152,2.2550720179035615,0,14
6_transparent_WW_VisionCrack3,WW3,win0.8,0.95,0.9498,2.2550720179035615,0,14
6_transparent_WW_VisionCrack3,WW3,win0.8,1.0,1.1585,2.2550720179035615,0,14
6_transparent_WW_VisionCrack3,WW3,win0.8,1.5,1.7649,2.2550720179035615,0,14
6_transparent_WW_VisionCrack3,WW3,win0.8,2.0,2.2102,2.2550720179035615,0,14
6_transparent_WW_VisionCrack3,WW3,win0.8,2.5,2.3702,2.2550720179035615,0,14
6_transparent_WW_VisionCrack3,WW4,full,0.5,0.4247,2.266028412089643,0,14
6_transparent_WW_VisionCrack3,WW4,full,0.55,0.4964,2.266028412089643,0,14
6_transparent_WW_VisionCrack3,WW4,full,0.6,0.5994,2.266028412089643,0,14
6_transparent_WW_VisionCrack3,WW4,full,0.65,0.6192,2.266028412089643,0,14
6_transparent_WW_VisionCrack3,WW4,full,0.7,0.6679,2.266028412089643,0,14
6_transparent_WW_VisionCrack3,WW4,full,0.75,0.7164,2.266028412089643,0,14
6_transparent_WW_VisionCrack3,WW4,full,0.8,0.8361,2.266028412089643,0,14
6_transparent_WW_VisionCrack3,WW4,full,0.85,0.9707,2.266028412089643,0,14
6_transparent_WW_VisionCrack3,WW4,full,0.9,0.9945,2.266028412089643,0,14
6_transparent_WW_VisionCrack3,WW4,full,0.95,1.006,2.266028412089643,0,14
6_transparent_WW_VisionCrack3,WW4,full,1.0,1.1714,2.266028412089643,0,14
6_transparent_WW_VisionCrack3,WW4,full,1.5,1.77,2.266028412089643,0,14
6_transparent_WW_VisionCrack3,WW4,full,2.0,2.1861,2.266028412089643,0,14
6_transparent_WW_VisionCrack3,WW4,full,2.5,2.3765,2.266028412089643,0,14
6_transparent_WW_VisionCrack3,WW4,no_masked_bg,0.5,0.4439,2.266028412089643,0,14
6_transparent_WW_VisionCrack3,WW4,no_masked_bg,0.55,0.5093,2.266028412089643,0,14
6_transparent_WW_VisionCrack3,WW4,no_masked_bg,0.6,0.6115,2.266028412089643,0,14
6_transparent_WW_VisionCrack3,WW4,no_masked_bg,0.65,0.6297,2.266028412089643,0,14
6_transparent_WW_VisionCrack3,WW4,no_masked_bg,0.7,0.6779,2.266028412089643,0,14
6_transparent_WW_VisionCrack3,WW4,no_masked_bg,0.75,0.7346,2.266028412089643,0,14
6_transparent_WW_VisionCrack3,WW4,no_masked_bg,0.8,0.8883,2.266028412089643,0,14
6_transparent_WW_VisionCrack3,WW4,no_masked_bg,0.85,1.0242,2.266028412089643,0,14
6_transparent_WW_VisionCrack3,WW4,no_masked_bg,0.9,1.0983,2.266028412089643,0,14
6_transparent_WW_VisionCrack3,WW4,no_masked_bg,0.95,1.1683,2.266028412089643,0,14
6_transparent_WW_VisionCrack3,WW4,no_masked_bg,1.0,1.2476,2.266028412089643,0,14
6_transparent_WW_VisionCrack3,WW4,no_masked_bg,1.5,2.0001,2.266028412089643,0,14
6_transparent_WW_VisionCrack3,WW4,no_masked_bg,2.0,2.3478,2.266028412089643,0,14
6_transparent_WW_VisionCrack3,WW4,no_masked_bg,2.5,2.569,2.266028412089643,0,14
6_transparent_WW_VisionCrack3,WW4,lsf_sigma,0.5,0.5408,2.5109092611975807,1,14
6_transparent_WW_VisionCrack3,WW4,lsf_sigma,0.55,0.4791,2.5109092611975807,1,14
6_transparent_WW_VisionCrack3,WW4,lsf_sigma,0.6,0.5861,2.5109092611975807,1,14
6_transparent_WW_VisionCrack3,WW4,lsf_sigma,0.65,0.6057,2.5109092611975807,1,14
6_transparent_WW_VisionCrack3,WW4,lsf_sigma,0.7,0.6555,2.5109092611975807,1,14
6_transparent_WW_VisionCrack3,WW4,lsf_sigma,0.75,0.7047,2.5109092611975807,1,14
6_transparent_WW_VisionCrack3,WW4,lsf_sigma,0.8,0.8353,2.5109092611975807,1,14
6_transparent_WW_VisionCrack3,WW4,lsf_sigma,0.85,0.9529,2.5109092611975807,1,14
6_transparent_WW_VisionCrack3,WW4,lsf_sigma,0.9,0.9891,2.5109092611975807,1,14
6_transparent_WW_VisionCrack3,WW4,lsf_sigma,0.95,1.0772,2.5109092611975807,1,14
6_transparent_WW_VisionCrack3,WW4,lsf_sigma,1.0,1.1727,2.5109092611975807,1,14
6_transparent_WW_VisionCrack3,WW4,lsf_sigma,1.5,1.7828,2.5109092611975807,1,14
6_transparent_WW_VisionCrack3,WW4,lsf_sigma,2.0,2.2195,2.5109092611975807,1,14
6_transparent_WW_VisionCrack3,WW4,lsf_sigma,2.5,2.3838,2.5109092611975807,1,14
6_transparent_WW_VisionCrack3,WW4,no_deconv,0.5,0.4704,2.266028412089643,0,14
6_transparent_WW_VisionCrack3,WW4,no_deconv,0.55,0.5327,2.266028412089643,0,14
6_transparent_WW_VisionCrack3,WW4,no_deconv,0.6,0.6265,2.266028412089643,0,14
6_transparent_WW_VisionCrack3,WW4,no_deconv,0.65,0.6449,2.266028412089643,0,14
6_transparent_WW_VisionCrack3,WW4,no_deconv,0.7,0.6907,2.266028412089643,0,14
6_transparent_WW_VisionCrack3,WW4,no_deconv,0.75,0.7368,2.266028412089643,0,14
6_transparent_WW_VisionCrack3,WW4,no_deconv,0.8,0.8518,2.266028412089643,0,14
6_transparent_WW_VisionCrack3,WW4,no_deconv,0.85,0.9832,2.266028412089643,0,14
6_transparent_WW_VisionCrack3,WW4,no_deconv,0.9,1.0066,2.266028412089643,0,14
6_transparent_WW_VisionCrack3,WW4,no_deconv,0.95,1.0178,2.266028412089643,0,14
6_transparent_WW_VisionCrack3,WW4,no_deconv,1.0,1.1817,2.266028412089643,0,14
6_transparent_WW_VisionCrack3,WW4,no_deconv,1.5,1.7841,2.266028412089643,0,14
6_transparent_WW_VisionCrack3,WW4,no_deconv,2.0,2.2066,2.266028412089643,0,14
6_transparent_WW_VisionCrack3,WW4,no_deconv,2.5,2.4005,2.266028412089643,0,14
6_transparent_WW_VisionCrack3,WW4,rev3_window,0.5,0.4521,2.266028412089643,0,14
6_transparent_WW_VisionCrack3,WW4,rev3_window,0.55,0.5011,2.266028412089643,0,14
6_transparent_WW_VisionCrack3,WW4,rev3_window,0.6,0.6096,2.266028412089643,0,14
6_transparent_WW_VisionCrack3,WW4,rev3_window,0.65,0.6262,2.266028412089643,0,14
6_transparent_WW_VisionCrack3,WW4,rev3_window,0.7,0.6672,2.266028412089643,0,14
6_transparent_WW_VisionCrack3,WW4,rev3_window,0.75,0.7171,2.266028412089643,0,14
6_transparent_WW_VisionCrack3,WW4,rev3_window,0.8,0.8282,2.266028412089643,0,14
6_transparent_WW_VisionCrack3,WW4,rev3_window,0.85,0.9516,2.266028412089643,0,14
6_transparent_WW_VisionCrack3,WW4,rev3_window,0.9,0.9544,2.266028412089643,0,14
6_transparent_WW_VisionCrack3,WW4,rev3_window,0.95,0.9875,2.266028412089643,0,14
6_transparent_WW_VisionCrack3,WW4,rev3_window,1.0,1.1521,2.266028412089643,0,14
6_transparent_WW_VisionCrack3,WW4,rev3_window,1.5,1.799,2.266028412089643,0,14
6_transparent_WW_VisionCrack3,WW4,rev3_window,2.0,2.0893,2.266028412089643,0,14
6_transparent_WW_VisionCrack3,WW4,rev3_window,2.5,2.3551,2.266028412089643,0,14
6_transparent_WW_VisionCrack3,WW4,margin1.0,0.5,0.4182,2.266028412089643,0,14
6_transparent_WW_VisionCrack3,WW4,margin1.0,0.55,0.4921,2.266028412089643,0,14
6_transparent_WW_VisionCrack3,WW4,margin1.0,0.6,0.591,2.266028412089643,0,14
6_transparent_WW_VisionCrack3,WW4,margin1.0,0.65,0.6141,2.266028412089643,0,14
6_transparent_WW_VisionCrack3,WW4,margin1.0,0.7,0.6641,2.266028412089643,0,14
6_transparent_WW_VisionCrack3,WW4,margin1.0,0.75,0.7121,2.266028412089643,0,14
6_transparent_WW_VisionCrack3,WW4,margin1.0,0.8,0.8174,2.266028412089643,0,14
6_transparent_WW_VisionCrack3,WW4,margin1.0,0.85,0.8726,2.266028412089643,0,14
6_transparent_WW_VisionCrack3,WW4,margin1.0,0.9,0.9183,2.266028412089643,0,14
6_transparent_WW_VisionCrack3,WW4,margin1.0,0.95,0.9512,2.266028412089643,0,14
6_transparent_WW_VisionCrack3,WW4,margin1.0,1.0,1.0844,2.266028412089643,0,14
6_transparent_WW_VisionCrack3,WW4,margin1.0,1.5,1.7232,2.266028412089643,0,14
6_transparent_WW_VisionCrack3,WW4,margin1.0,2.0,1.9835,2.266028412089643,0,14
6_transparent_WW_VisionCrack3,WW4,margin1.0,2.5,2.3527,2.266028412089643,0,14
6_transparent_WW_VisionCrack3,WW4,margin2.0,0.5,0.4303,2.266028412089643,0,14
6_transparent_WW_VisionCrack3,WW4,margin2.0,0.55,0.5,2.266028412089643,0,14
6_transparent_WW_VisionCrack3,WW4,margin2.0,0.6,0.6025,2.266028412089643,0,14
6_transparent_WW_VisionCrack3,WW4,margin2.0,0.65,0.6221,2.266028412089643,0,14
6_transparent_WW_VisionCrack3,WW4,margin2.0,0.7,0.6712,2.266028412089643,0,14
6_transparent_WW_VisionCrack3,WW4,margin2.0,0.75,0.7236,2.266028412089643,0,14
6_transparent_WW_VisionCrack3,WW4,margin2.0,0.8,0.8594,2.266028412089643,0,14
6_transparent_WW_VisionCrack3,WW4,margin2.0,0.85,0.9953,2.266028412089643,0,14
6_transparent_WW_VisionCrack3,WW4,margin2.0,0.9,1.0344,2.266028412089643,0,14
6_transparent_WW_VisionCrack3,WW4,margin2.0,0.95,1.0898,2.266028412089643,0,14
6_transparent_WW_VisionCrack3,WW4,margin2.0,1.0,1.1926,2.266028412089643,0,14
6_transparent_WW_VisionCrack3,WW4,margin2.0,1.5,1.8003,2.266028412089643,0,14
6_transparent_WW_VisionCrack3,WW4,margin2.0,2.0,2.2593,2.266028412089643,0,14
6_transparent_WW_VisionCrack3,WW4,margin2.0,2.5,2.4006,2.266028412089643,0,14
6_transparent_WW_VisionCrack3,WW4,smooth15,0.5,0.4303,2.266028412089643,0,14
6_transparent_WW_VisionCrack3,WW4,smooth15,0.55,0.4973,2.266028412089643,0,14
6_transparent_WW_VisionCrack3,WW4,smooth15,0.6,0.6007,2.266028412089643,0,14
6_transparent_WW_VisionCrack3,WW4,smooth15,0.65,0.6212,2.266028412089643,0,14
6_transparent_WW_VisionCrack3,WW4,smooth15,0.7,0.6686,2.266028412089643,0,14
6_transparent_WW_VisionCrack3,WW4,smooth15,0.75,0.7171,2.266028412089643,0,14
6_transparent_WW_VisionCrack3,WW4,smooth15,0.8,0.8367,2.266028412089643,0,14
6_transparent_WW_VisionCrack3,WW4,smooth15,0.85,0.9708,2.266028412089643,0,14
6_transparent_WW_VisionCrack3,WW4,smooth15,0.9,0.9946,2.266028412089643,0,14
6_transparent_WW_VisionCrack3,WW4,smooth15,0.95,0.9872,2.266028412089643,0,14
6_transparent_WW_VisionCrack3,WW4,smooth15,1.0,1.1709,2.266028412089643,0,14
6_transparent_WW_VisionCrack3,WW4,smooth15,1.5,1.7612,2.266028412089643,0,14
6_transparent_WW_VisionCrack3,WW4,smooth15,2.0,2.1022,2.266028412089643,0,14
6_transparent_WW_VisionCrack3,WW4,smooth15,2.5,2.3599,2.266028412089643,0,14
6_transparent_WW_VisionCrack3,WW4,smooth35,0.5,0.4291,2.266028412089643,0,14
6_transparent_WW_VisionCrack3,WW4,smooth35,0.55,0.4968,2.266028412089643,0,14
6_transparent_WW_VisionCrack3,WW4,smooth35,0.6,0.5996,2.266028412089643,0,14
6_transparent_WW_VisionCrack3,WW4,smooth35,0.65,0.6199,2.266028412089643,0,14
6_transparent_WW_VisionCrack3,WW4,smooth35,0.7,0.6681,2.266028412089643,0,14
6_transparent_WW_VisionCrack3,WW4,smooth35,0.75,0.7167,2.266028412089643,0,14
6_transparent_WW_VisionCrack3,WW4,smooth35,0.8,0.8404,2.266028412089643,0,14
6_transparent_WW_VisionCrack3,WW4,smooth35,0.85,0.9813,2.266028412089643,0,14
6_transparent_WW_VisionCrack3,WW4,smooth35,0.9,1.0102,2.266028412089643,0,14
6_transparent_WW_VisionCrack3,WW4,smooth35,0.95,1.0705,2.266028412089643,0,14
6_transparent_WW_VisionCrack3,WW4,smooth35,1.0,1.1866,2.266028412089643,0,14
6_transparent_WW_VisionCrack3,WW4,smooth35,1.5,1.7938,2.266028412089643,0,14
6_transparent_WW_VisionCrack3,WW4,smooth35,2.0,2.2664,2.266028412089643,0,14
6_transparent_WW_VisionCrack3,WW4,smooth35,2.5,2.4117,2.266028412089643,0,14
6_transparent_WW_VisionCrack3,WW4,band0.60,0.5,0.4247,2.266028412089643,0,14
6_transparent_WW_VisionCrack3,WW4,band0.60,0.55,0.4964,2.266028412089643,0,14
6_transparent_WW_VisionCrack3,WW4,band0.60,0.6,0.5994,2.266028412089643,0,14
6_transparent_WW_VisionCrack3,WW4,band0.60,0.65,0.6192,2.266028412089643,0,14
6_transparent_WW_VisionCrack3,WW4,band0.60,0.7,0.6679,2.266028412089643,0,14
6_transparent_WW_VisionCrack3,WW4,band0.60,0.75,0.7164,2.266028412089643,0,14
6_transparent_WW_VisionCrack3,WW4,band0.60,0.8,0.8361,2.266028412089643,0,14
6_transparent_WW_VisionCrack3,WW4,band0.60,0.85,0.9707,2.266028412089643,0,14
6_transparent_WW_VisionCrack3,WW4,band0.60,0.9,0.9945,2.266028412089643,0,14
6_transparent_WW_VisionCrack3,WW4,band0.60,0.95,1.006,2.266028412089643,0,14
6_transparent_WW_VisionCrack3,WW4,band0.60,1.0,1.1714,2.266028412089643,0,14
6_transparent_WW_VisionCrack3,WW4,band0.60,1.5,1.77,2.266028412089643,0,14
6_transparent_WW_VisionCrack3,WW4,band0.60,2.0,2.1861,2.266028412089643,0,14
6_transparent_WW_VisionCrack3,WW4,band0.60,2.5,2.3765,2.266028412089643,0,14
6_transparent_WW_VisionCrack3,WW4,win0.4,0.5,0.4194,2.266028412089643,0,14
6_transparent_WW_VisionCrack3,WW4,win0.4,0.55,0.4768,2.266028412089643,0,14
6_transparent_WW_VisionCrack3,WW4,win0.4,0.6,0.5898,2.266028412089643,0,14
6_transparent_WW_VisionCrack3,WW4,win0.4,0.65,0.6117,2.266028412089643,0,14
6_transparent_WW_VisionCrack3,WW4,win0.4,0.7,0.6617,2.266028412089643,0,14
6_transparent_WW_VisionCrack3,WW4,win0.4,0.75,0.7107,2.266028412089643,0,14
6_transparent_WW_VisionCrack3,WW4,win0.4,0.8,0.8126,2.266028412089643,0,14
6_transparent_WW_VisionCrack3,WW4,win0.4,0.85,0.8749,2.266028412089643,0,14
6_transparent_WW_VisionCrack3,WW4,win0.4,0.9,0.95,2.266028412089643,0,14
6_transparent_WW_VisionCrack3,WW4,win0.4,0.95,0.9655,2.266028412089643,0,14
6_transparent_WW_VisionCrack3,WW4,win0.4,1.0,1.1491,2.266028412089643,0,14
6_transparent_WW_VisionCrack3,WW4,win0.4,1.5,1.7735,2.266028412089643,0,14
6_transparent_WW_VisionCrack3,WW4,win0.4,2.0,2.157,2.266028412089643,0,14
6_transparent_WW_VisionCrack3,WW4,win0.4,2.5,2.3736,2.266028412089643,0,14
6_transparent_WW_VisionCrack3,WW4,win0.8,0.5,0.442,2.266028412089643,0,14
6_transparent_WW_VisionCrack3,WW4,win0.8,0.55,0.5006,2.266028412089643,0,14
6_transparent_WW_VisionCrack3,WW4,win0.8,0.6,0.5996,2.266028412089643,0,14
6_transparent_WW_VisionCrack3,WW4,win0.8,0.65,0.6268,2.266028412089643,0,14
6_transparent_WW_VisionCrack3,WW4,win0.8,0.7,0.669,2.266028412089643,0,14
6_transparent_WW_VisionCrack3,WW4,win0.8,0.75,0.7156,2.266028412089643,0,14
6_transparent_WW_VisionCrack3,WW4,win0.8,0.8,0.833,2.266028412089643,0,14
6_transparent_WW_VisionCrack3,WW4,win0.8,0.85,0.9577,2.266028412089643,0,14
6_transparent_WW_VisionCrack3,WW4,win0.8,0.9,0.9908,2.266028412089643,0,14
6_transparent_WW_VisionCrack3,WW4,win0.8,0.95,1.0397,2.266028412089643,0,14
6_transparent_WW_VisionCrack3,WW4,win0.8,1.0,1.1796,2.266028412089643,0,14
6_transparent_WW_VisionCrack3,WW4,win0.8,1.5,1.7608,2.266028412089643,0,14
6_transparent_WW_VisionCrack3,WW4,win0.8,2.0,2.2107,2.266028412089643,0,14
6_transparent_WW_VisionCrack3,WW4,win0.8,2.5,2.3676,2.266028412089643,0,14
6_transparent_WW_VisionCrack3,WW5,full,0.5,0.5413,2.4780183980325416,1,14
6_transparent_WW_VisionCrack3,WW5,full,0.55,0.487,2.4780183980325416,1,14
6_transparent_WW_VisionCrack3,WW5,full,0.6,0.5995,2.4780183980325416,1,14
6_transparent_WW_VisionCrack3,WW5,full,0.65,0.6219,2.4780183980325416,1,14
6_transparent_WW_VisionCrack3,WW5,full,0.7,0.6918,2.4780183980325416,1,14
6_transparent_WW_VisionCrack3,WW5,full,0.75,0.7429,2.4780183980325416,1,14
6_transparent_WW_VisionCrack3,WW5,full,0.8,0.8921,2.4780183980325416,1,14
6_transparent_WW_VisionCrack3,WW5,full,0.85,1.0051,2.4780183980325416,1,14
6_transparent_WW_VisionCrack3,WW5,full,0.9,1.0497,2.4780183980325416,1,14
6_transparent_WW_VisionCrack3,WW5,full,0.95,1.1333,2.4780183980325416,1,14
6_transparent_WW_VisionCrack3,WW5,full,1.0,1.2035,2.4780183980325416,1,14
6_transparent_WW_VisionCrack3,WW5,full,1.5,1.8004,2.4780183980325416,1,14
6_transparent_WW_VisionCrack3,WW5,full,2.0,2.2558,2.4780183980325416,1,14
6_transparent_WW_VisionCrack3,WW5,full,2.5,2.4006,2.4780183980325416,1,14
6_transparent_WW_VisionCrack3,WW5,no_masked_bg,0.5,0.5562,2.4780183980325416,1,14
6_transparent_WW_VisionCrack3,WW5,no_masked_bg,0.55,0.5027,2.4780183980325416,1,14
6_transparent_WW_VisionCrack3,WW5,no_masked_bg,0.6,0.6078,2.4780183980325416,1,14
6_transparent_WW_VisionCrack3,WW5,no_masked_bg,0.65,0.6351,2.4780183980325416,1,14
6_transparent_WW_VisionCrack3,WW5,no_masked_bg,0.7,0.7114,2.4780183980325416,1,14
6_transparent_WW_VisionCrack3,WW5,no_masked_bg,0.75,0.7745,2.4780183980325416,1,14
6_transparent_WW_VisionCrack3,WW5,no_masked_bg,0.8,0.9493,2.4780183980325416,1,14
6_transparent_WW_VisionCrack3,WW5,no_masked_bg,0.85,1.0641,2.4780183980325416,1,14
6_transparent_WW_VisionCrack3,WW5,no_masked_bg,0.9,1.1546,2.4780183980325416,1,14
6_transparent_WW_VisionCrack3,WW5,no_masked_bg,0.95,1.2023,2.4780183980325416,1,14
6_transparent_WW_VisionCrack3,WW5,no_masked_bg,1.0,1.2675,2.4780183980325416,1,14
6_transparent_WW_VisionCrack3,WW5,no_masked_bg,1.5,2.0356,2.4780183980325416,1,14
6_transparent_WW_VisionCrack3,WW5,no_masked_bg,2.0,2.3715,2.4780183980325416,1,14
6_transparent_WW_VisionCrack3,WW5,no_masked_bg,2.5,2.4698,2.4780183980325416,1,14
6_transparent_WW_VisionCrack3,WW5,lsf_sigma,0.5,0.417,2.32675705056489,0,14
6_transparent_WW_VisionCrack3,WW5,lsf_sigma,0.55,0.4971,2.32675705056489,0,14
6_transparent_WW_VisionCrack3,WW5,lsf_sigma,0.6,0.6077,2.32675705056489,0,14
6_transparent_WW_VisionCrack3,WW5,lsf_sigma,0.65,0.6283,2.32675705056489,0,14
6_transparent_WW_VisionCrack3,WW5,lsf_sigma,0.7,0.6908,2.32675705056489,0,14
6_transparent_WW_VisionCrack3,WW5,lsf_sigma,0.75,0.7485,2.32675705056489,0,14
6_transparent_WW_VisionCrack3,WW5,lsf_sigma,0.8,0.8939,2.32675705056489,0,14
6_transparent_WW_VisionCrack3,WW5,lsf_sigma,0.85,0.9797,2.32675705056489,0,14
6_transparent_WW_VisionCrack3,WW5,lsf_sigma,0.9,1.0313,2.32675705056489,0,14
6_transparent_WW_VisionCrack3,WW5,lsf_sigma,0.95,1.1314,2.32675705056489,0,14
6_transparent_WW_VisionCrack3,WW5,lsf_sigma,1.0,1.2068,2.32675705056489,0,14
6_transparent_WW_VisionCrack3,WW5,lsf_sigma,1.5,1.799,2.32675705056489,0,14
6_transparent_WW_VisionCrack3,WW5,lsf_sigma,2.0,2.2241,2.32675705056489,0,14
6_transparent_WW_VisionCrack3,WW5,lsf_sigma,2.5,2.3871,2.32675705056489,0,14
6_transparent_WW_VisionCrack3,WW5,no_deconv,0.5,0.4596,2.4780183980325416,0,14
6_transparent_WW_VisionCrack3,WW5,no_deconv,0.55,0.5285,2.4780183980325416,0,14
6_transparent_WW_VisionCrack3,WW5,no_deconv,0.6,0.6287,2.4780183980325416,0,14
6_transparent_WW_VisionCrack3,WW5,no_deconv,0.65,0.6493,2.4780183980325416,0,14
6_transparent_WW_VisionCrack3,WW5,no_deconv,0.7,0.7143,2.4780183980325416,0,14
6_transparent_WW_VisionCrack3,WW5,no_deconv,0.75,0.7623,2.4780183980325416,0,14
6_transparent_WW_VisionCrack3,WW5,no_deconv,0.8,0.9051,2.4780183980325416,0,14
6_transparent_WW_VisionCrack3,WW5,no_deconv,0.85,1.015,2.4780183980325416,0,14
6_transparent_WW_VisionCrack3,WW5,no_deconv,0.9,1.0586,2.4780183980325416,0,14
6_transparent_WW_VisionCrack3,WW5,no_deconv,0.95,1.1408,2.4780183980325416,0,14
6_transparent_WW_VisionCrack3,WW5,no_deconv,1.0,1.2102,2.4780183980325416,0,14
6_transparent_WW_VisionCrack3,WW5,no_deconv,1.5,1.8086,2.4780183980325416,0,14
6_transparent_WW_VisionCrack3,WW5,no_deconv,2.0,2.2698,2.4780183980325416,0,14
6_transparent_WW_VisionCrack3,WW5,no_deconv,2.5,2.4169,2.4780183980325416,0,14
6_transparent_WW_VisionCrack3,WW5,rev3_window,0.5,0.5372,2.4780183980325416,1,14
6_transparent_WW_VisionCrack3,WW5,rev3_window,0.55,0.4952,2.4780183980325416,1,14
6_transparent_WW_VisionCrack3,WW5,rev3_window,0.6,0.6046,2.4780183980325416,1,14
6_transparent_WW_VisionCrack3,WW5,rev3_window,0.65,0.6325,2.4780183980325416,1,14
6_transparent_WW_VisionCrack3,WW5,rev3_window,0.7,0.6843,2.4780183980325416,1,14
6_transparent_WW_VisionCrack3,WW5,rev3_window,0.75,0.7343,2.4780183980325416,1,14
6_transparent_WW_VisionCrack3,WW5,rev3_window,0.8,0.8759,2.4780183980325416,1,14
6_transparent_WW_VisionCrack3,WW5,rev3_window,0.85,0.9802,2.4780183980325416,1,14
6_transparent_WW_VisionCrack3,WW5,rev3_window,0.9,1.0611,2.4780183980325416,1,14
6_transparent_WW_VisionCrack3,WW5,rev3_window,0.95,1.1445,2.4780183980325416,1,14
6_transparent_WW_VisionCrack3,WW5,rev3_window,1.0,1.1906,2.4780183980325416,1,14
6_transparent_WW_VisionCrack3,WW5,rev3_window,1.5,1.8265,2.4780183980325416,1,14
6_transparent_WW_VisionCrack3,WW5,rev3_window,2.0,2.2141,2.4780183980325416,1,14
6_transparent_WW_VisionCrack3,WW5,rev3_window,2.5,2.3804,2.4780183980325416,1,14
6_transparent_WW_VisionCrack3,WW5,margin1.0,0.5,0.5484,2.4780183980325416,1,14
6_transparent_WW_VisionCrack3,WW5,margin1.0,0.55,0.4805,2.4780183980325416,1,14
6_transparent_WW_VisionCrack3,WW5,margin1.0,0.6,0.5955,2.4780183980325416,1,14
6_transparent_WW_VisionCrack3,WW5,margin1.0,0.65,0.6186,2.4780183980325416,1,14
6_transparent_WW_VisionCrack3,WW5,margin1.0,0.7,0.6806,2.4780183980325416,1,14
6_transparent_WW_VisionCrack3,WW5,margin1.0,0.75,0.7289,2.4780183980325416,1,14
6_transparent_WW_VisionCrack3,WW5,margin1.0,0.8,0.883,2.4780183980325416,1,14
6_transparent_WW_VisionCrack3,WW5,margin1.0,0.85,0.9636,2.4780183980325416,1,14
6_transparent_WW_VisionCrack3,WW5,margin1.0,0.9,0.9859,2.4780183980325416,1,14
6_transparent_WW_VisionCrack3,WW5,margin1.0,0.95,1.0317,2.4780183980325416,1,14
6_transparent_WW_VisionCrack3,WW5,margin1.0,1.0,1.1226,2.4780183980325416,1,14
6_transparent_WW_VisionCrack3,WW5,margin1.0,1.5,1.7778,2.4780183980325416,1,14
6_transparent_WW_VisionCrack3,WW5,margin1.0,2.0,2.0465,2.4780183980325416,1,14
6_transparent_WW_VisionCrack3,WW5,margin1.0,2.5,2.3715,2.4780183980325416,1,14
6_transparent_WW_VisionCrack3,WW5,margin2.0,0.5,0.5386,2.4780183980325416,1,14
6_transparent_WW_VisionCrack3,WW5,margin2.0,0.55,0.4904,2.4780183980325416,1,14
6_transparent_WW_VisionCrack3,WW5,margin2.0,0.6,0.602,2.4780183980325416,1,14
6_transparent_WW_VisionCrack3,WW5,margin2.0,0.65,0.6238,2.4780183980325416,1,14
6_transparent_WW_VisionCrack3,WW5,margin2.0,0.7,0.6951,2.4780183980325416,1,14
6_transparent_WW_VisionCrack3,WW5,margin2.0,0.75,0.7508,2.4780183980325416,1,14
6_transparent_WW_VisionCrack3,WW5,margin2.0,0.8,0.9183,2.4780183980325416,1,14
6_transparent_WW_VisionCrack3,WW5,margin2.0,0.85,1.0279,2.4780183980325416,1,14
6_transparent_WW_VisionCrack3,WW5,margin2.0,0.9,1.0765,2.4780183980325416,1,14
6_transparent_WW_VisionCrack3,WW5,margin2.0,0.95,1.1514,2.4780183980325416,1,14
6_transparent_WW_VisionCrack3,WW5,margin2.0,1.0,1.211,2.4780183980325416,1,14
6_transparent_WW_VisionCrack3,WW5,margin2.0,1.5,1.8416,2.4780183980325416,1,14
6_transparent_WW_VisionCrack3,WW5,margin2.0,2.0,2.3042,2.4780183980325416,1,14
6_transparent_WW_VisionCrack3,WW5,margin2.0,2.5,2.433,2.4780183980325416,1,14
6_transparent_WW_VisionCrack3,WW5,smooth15,0.5,0.5462,2.4780183980325416,1,14
6_transparent_WW_VisionCrack3,WW5,smooth15,0.55,0.4877,2.4780183980325416,1,14
6_transparent_WW_VisionCrack3,WW5,smooth15,0.6,0.6,2.4780183980325416,1,14
6_transparent_WW_VisionCrack3,WW5,smooth15,0.65,0.6233,2.4780183980325416,1,14
6_transparent_WW_VisionCrack3,WW5,smooth15,0.7,0.6922,2.4780183980325416,1,14
6_transparent_WW_VisionCrack3,WW5,smooth15,0.75,0.7435,2.4780183980325416,1,14
6_transparent_WW_VisionCrack3,WW5,smooth15,0.8,0.893,2.4780183980325416,1,14
6_transparent_WW_VisionCrack3,WW5,smooth15,0.85,0.9955,2.4780183980325416,1,14
6_transparent_WW_VisionCrack3,WW5,smooth15,0.9,1.0395,2.4780183980325416,1,14
6_transparent_WW_VisionCrack3,WW5,smooth15,0.95,1.1311,2.4780183980325416,1,14
6_transparent_WW_VisionCrack3,WW5,smooth15,1.0,1.204,2.4780183980325416,1,14
6_transparent_WW_VisionCrack3,WW5,smooth15,1.5,1.7976,2.4780183980325416,1,14
6_transparent_WW_VisionCrack3,WW5,smooth15,2.0,2.23,2.4780183980325416,1,14
6_transparent_WW_VisionCrack3,WW5,smooth15,2.5,2.3851,2.4780183980325416,1,14
6_transparent_WW_VisionCrack3,WW5,smooth35,0.5,0.5401,2.4780183980325416,1,14
6_transparent_WW_VisionCrack3,WW5,smooth35,0.55,0.4868,2.4780183980325416,1,14
6_transparent_WW_VisionCrack3,WW5,smooth35,0.6,0.5996,2.4780183980325416,1,14
6_transparent_WW_VisionCrack3,WW5,smooth35,0.65,0.6214,2.4780183980325416,1,14
6_transparent_WW_VisionCrack3,WW5,smooth35,0.7,0.692,2.4780183980325416,1,14
6_transparent_WW_VisionCrack3,WW5,smooth35,0.75,0.745,2.4780183980325416,1,14
6_transparent_WW_VisionCrack3,WW5,smooth35,0.8,0.9028,2.4780183980325416,1,14
6_transparent_WW_VisionCrack3,WW5,smooth35,0.85,1.007,2.4780183980325416,1,14
6_transparent_WW_VisionCrack3,WW5,smooth35,0.9,1.0591,2.4780183980325416,1,14
6_transparent_WW_VisionCrack3,WW5,smooth35,0.95,1.1393,2.4780183980325416,1,14
6_transparent_WW_VisionCrack3,WW5,smooth35,1.0,1.209,2.4780183980325416,1,14
6_transparent_WW_VisionCrack3,WW5,smooth35,1.5,1.8192,2.4780183980325416,1,14
6_transparent_WW_VisionCrack3,WW5,smooth35,2.0,2.3016,2.4780183980325416,1,14
6_transparent_WW_VisionCrack3,WW5,smooth35,2.5,2.4324,2.4780183980325416,1,14
6_transparent_WW_VisionCrack3,WW5,band0.60,0.5,0.5413,2.4780183980325416,1,14
6_transparent_WW_VisionCrack3,WW5,band0.60,0.55,0.487,2.4780183980325416,1,14
6_transparent_WW_VisionCrack3,WW5,band0.60,0.6,0.5995,2.4780183980325416,1,14
6_transparent_WW_VisionCrack3,WW5,band0.60,0.65,0.6219,2.4780183980325416,1,14
6_transparent_WW_VisionCrack3,WW5,band0.60,0.7,0.6918,2.4780183980325416,1,14
6_transparent_WW_VisionCrack3,WW5,band0.60,0.75,0.7429,2.4780183980325416,1,14
6_transparent_WW_VisionCrack3,WW5,band0.60,0.8,0.8921,2.4780183980325416,1,14
6_transparent_WW_VisionCrack3,WW5,band0.60,0.85,1.0051,2.4780183980325416,1,14
6_transparent_WW_VisionCrack3,WW5,band0.60,0.9,1.0497,2.4780183980325416,1,14
6_transparent_WW_VisionCrack3,WW5,band0.60,0.95,1.1333,2.4780183980325416,1,14
6_transparent_WW_VisionCrack3,WW5,band0.60,1.0,1.2035,2.4780183980325416,1,14
6_transparent_WW_VisionCrack3,WW5,band0.60,1.5,1.8004,2.4780183980325416,1,14
6_transparent_WW_VisionCrack3,WW5,band0.60,2.0,2.2558,2.4780183980325416,1,14
6_transparent_WW_VisionCrack3,WW5,band0.60,2.5,2.4006,2.4780183980325416,1,14
6_transparent_WW_VisionCrack3,WW5,win0.4,0.5,0.5413,2.4780183980325416,1,14
6_transparent_WW_VisionCrack3,WW5,win0.4,0.55,0.4718,2.4780183980325416,1,14
6_transparent_WW_VisionCrack3,WW5,win0.4,0.6,0.591,2.4780183980325416,1,14
6_transparent_WW_VisionCrack3,WW5,win0.4,0.65,0.6231,2.4780183980325416,1,14
6_transparent_WW_VisionCrack3,WW5,win0.4,0.7,0.6805,2.4780183980325416,1,14
6_transparent_WW_VisionCrack3,WW5,win0.4,0.75,0.7255,2.4780183980325416,1,14
6_transparent_WW_VisionCrack3,WW5,win0.4,0.8,0.847,2.4780183980325416,1,14
6_transparent_WW_VisionCrack3,WW5,win0.4,0.85,0.9695,2.4780183980325416,1,14
6_transparent_WW_VisionCrack3,WW5,win0.4,0.9,0.976,2.4780183980325416,1,14
6_transparent_WW_VisionCrack3,WW5,win0.4,0.95,1.0786,2.4780183980325416,1,14
6_transparent_WW_VisionCrack3,WW5,win0.4,1.0,1.138,2.4780183980325416,1,14
6_transparent_WW_VisionCrack3,WW5,win0.4,1.5,1.8072,2.4780183980325416,1,14
6_transparent_WW_VisionCrack3,WW5,win0.4,2.0,2.2543,2.4780183980325416,1,14
6_transparent_WW_VisionCrack3,WW5,win0.4,2.5,2.3944,2.4780183980325416,1,14
6_transparent_WW_VisionCrack3,WW5,win0.8,0.5,0.5413,2.4780183980325416,1,14
6_transparent_WW_VisionCrack3,WW5,win0.8,0.55,0.5016,2.4780183980325416,1,14
6_transparent_WW_VisionCrack3,WW5,win0.8,0.6,0.6014,2.4780183980325416,1,14
6_transparent_WW_VisionCrack3,WW5,win0.8,0.65,0.631,2.4780183980325416,1,14
6_transparent_WW_VisionCrack3,WW5,win0.8,0.7,0.6886,2.4780183980325416,1,14
6_transparent_WW_VisionCrack3,WW5,win0.8,0.75,0.7428,2.4780183980325416,1,14
6_transparent_WW_VisionCrack3,WW5,win0.8,0.8,0.9089,2.4780183980325416,1,14
6_transparent_WW_VisionCrack3,WW5,win0.8,0.85,1.016,2.4780183980325416,1,14
6_transparent_WW_VisionCrack3,WW5,win0.8,0.9,1.0237,2.4780183980325416,1,14
6_transparent_WW_VisionCrack3,WW5,win0.8,0.95,1.1435,2.4780183980325416,1,14
6_transparent_WW_VisionCrack3,WW5,win0.8,1.0,1.1663,2.4780183980325416,1,14
6_transparent_WW_VisionCrack3,WW5,win0.8,1.5,1.8026,2.4780183980325416,1,14
6_transparent_WW_VisionCrack3,WW5,win0.8,2.0,2.265,2.4780183980325416,1,14
6_transparent_WW_VisionCrack3,WW5,win0.8,2.5,2.3916,2.4780183980325416,1,14
6_transparent_WW_VisionCrack3,WW6,full,0.5,0.5404,2.6244353665515905,2,14
6_transparent_WW_VisionCrack3,WW6,full,0.55,0.6173,2.6244353665515905,2,14
6_transparent_WW_VisionCrack3,WW6,full,0.6,0.5631,2.6244353665515905,2,14
6_transparent_WW_VisionCrack3,WW6,full,0.65,0.5958,2.6244353665515905,2,14
6_transparent_WW_VisionCrack3,WW6,full,0.7,0.6431,2.6244353665515905,2,14
6_transparent_WW_VisionCrack3,WW6,full,0.75,0.6902,2.6244353665515905,2,14
6_transparent_WW_VisionCrack3,WW6,full,0.8,0.8144,2.6244353665515905,2,14
6_transparent_WW_VisionCrack3,WW6,full,0.85,0.9893,2.6244353665515905,2,14
6_transparent_WW_VisionCrack3,WW6,full,0.9,1.0158,2.6244353665515905,2,14
6_transparent_WW_VisionCrack3,WW6,full,0.95,1.1293,2.6244353665515905,2,14
6_transparent_WW_VisionCrack3,WW6,full,1.0,1.1909,2.6244353665515905,2,14
6_transparent_WW_VisionCrack3,WW6,full,1.5,1.7997,2.6244353665515905,2,14
6_transparent_WW_VisionCrack3,WW6,full,2.0,2.2561,2.6244353665515905,2,14
6_transparent_WW_VisionCrack3,WW6,full,2.5,2.3684,2.6244353665515905,2,14
6_transparent_WW_VisionCrack3,WW6,no_masked_bg,0.5,0.5554,2.6244353665515905,2,14
6_transparent_WW_VisionCrack3,WW6,no_masked_bg,0.55,0.6319,2.6244353665515905,2,14
6_transparent_WW_VisionCrack3,WW6,no_masked_bg,0.6,0.5828,2.6244353665515905,2,14
6_transparent_WW_VisionCrack3,WW6,no_masked_bg,0.65,0.6106,2.6244353665515905,2,14
6_transparent_WW_VisionCrack3,WW6,no_masked_bg,0.7,0.6623,2.6244353665515905,2,14
6_transparent_WW_VisionCrack3,WW6,no_masked_bg,0.75,0.7069,2.6244353665515905,2,14
6_transparent_WW_VisionCrack3,WW6,no_masked_bg,0.8,0.9533,2.6244353665515905,2,14
6_transparent_WW_VisionCrack3,WW6,no_masked_bg,0.85,1.0637,2.6244353665515905,2,14
6_transparent_WW_VisionCrack3,WW6,no_masked_bg,0.9,1.1005,2.6244353665515905,2,14
6_transparent_WW_VisionCrack3,WW6,no_masked_bg,0.95,1.1803,2.6244353665515905,2,14
6_transparent_WW_VisionCrack3,WW6,no_masked_bg,1.0,1.2578,2.6244353665515905,2,14
6_transparent_WW_VisionCrack3,WW6,no_masked_bg,1.5,1.9763,2.6244353665515905,2,14
6_transparent_WW_VisionCrack3,WW6,no_masked_bg,2.0,2.3381,2.6244353665515905,2,14
6_transparent_WW_VisionCrack3,WW6,no_masked_bg,2.5,2.4865,2.6244353665515905,2,14
6_transparent_WW_VisionCrack3,WW6,lsf_sigma,0.5,0.5481,2.4149969492265955,1,14
6_transparent_WW_VisionCrack3,WW6,lsf_sigma,0.55,0.4656,2.4149969492265955,1,14
6_transparent_WW_VisionCrack3,WW6,lsf_sigma,0.6,0.5765,2.4149969492265955,1,14
6_transparent_WW_VisionCrack3,WW6,lsf_sigma,0.65,0.6084,2.4149969492265955,1,14
6_transparent_WW_VisionCrack3,WW6,lsf_sigma,0.7,0.6547,2.4149969492265955,1,14
6_transparent_WW_VisionCrack3,WW6,lsf_sigma,0.75,0.7008,2.4149969492265955,1,14
6_transparent_WW_VisionCrack3,WW6,lsf_sigma,0.8,0.8228,2.4149969492265955,1,14
6_transparent_WW_VisionCrack3,WW6,lsf_sigma,0.85,0.9955,2.4149969492265955,1,14
6_transparent_WW_VisionCrack3,WW6,lsf_sigma,0.9,1.0217,2.4149969492265955,1,14
6_transparent_WW_VisionCrack3,WW6,lsf_sigma,0.95,1.134,2.4149969492265955,1,14
6_transparent_WW_VisionCrack3,WW6,lsf_sigma,1.0,1.1949,2.4149969492265955,1,14
6_transparent_WW_VisionCrack3,WW6,lsf_sigma,1.5,1.7997,2.4149969492265955,1,14
6_transparent_WW_VisionCrack3,WW6,lsf_sigma,2.0,2.254,2.4149969492265955,1,14
6_transparent_WW_VisionCrack3,WW6,lsf_sigma,2.5,2.3658,2.4149969492265955,1,14
6_transparent_WW_VisionCrack3,WW6,no_deconv,0.5,0.5404,2.6244353665515905,1,14
6_transparent_WW_VisionCrack3,WW6,no_deconv,0.55,0.5142,2.6244353665515905,1,14
6_transparent_WW_VisionCrack3,WW6,no_deconv,0.6,0.6119,2.6244353665515905,1,14
6_transparent_WW_VisionCrack3,WW6,no_deconv,0.65,0.6409,2.6244353665515905,1,14
6_transparent_WW_VisionCrack3,WW6,no_deconv,0.7,0.6838,2.6244353665515905,1,14
6_transparent_WW_VisionCrack3,WW6,no_deconv,0.75,0.7268,2.6244353665515905,1,14
6_transparent_WW_VisionCrack3,WW6,no_deconv,0.8,0.8421,2.6244353665515905,1,14
6_transparent_WW_VisionCrack3,WW6,no_deconv,0.85,1.0086,2.6244353665515905,1,14
6_transparent_WW_VisionCrack3,WW6,no_deconv,0.9,1.034,2.6244353665515905,1,14
6_transparent_WW_VisionCrack3,WW6,no_deconv,0.95,1.1438,2.6244353665515905,1,14
6_transparent_WW_VisionCrack3,WW6,no_deconv,1.0,1.2037,2.6244353665515905,1,14
6_transparent_WW_VisionCrack3,WW6,no_deconv,1.5,1.8068,2.6244353665515905,1,14
6_transparent_WW_VisionCrack3,WW6,no_deconv,2.0,2.2643,2.6244353665515905,1,14
6_transparent_WW_VisionCrack3,WW6,no_deconv,2.5,2.3774,2.6244353665515905,1,14
6_transparent_WW_VisionCrack3,WW6,rev3_window,0.5,0.536,2.6244353665515905,2,14
6_transparent_WW_VisionCrack3,WW6,rev3_window,0.55,0.611,2.6244353665515905,2,14
6_transparent_WW_VisionCrack3,WW6,rev3_window,0.6,0.5723,2.6244353665515905,2,14
6_transparent_WW_VisionCrack3,WW6,rev3_window,0.65,0.601,2.6244353665515905,2,14
6_transparent_WW_VisionCrack3,WW6,rev3_window,0.7,0.645,2.6244353665515905,2,14
6_transparent_WW_VisionCrack3,WW6,rev3_window,0.75,0.6925,2.6244353665515905,2,14
6_transparent_WW_VisionCrack3,WW6,rev3_window,0.8,0.8013,2.6244353665515905,2,14
6_transparent_WW_VisionCrack3,WW6,rev3_window,0.85,1.0027,2.6244353665515905,2,14
6_transparent_WW_VisionCrack3,WW6,rev3_window,0.9,1.0815,2.6244353665515905,2,14
6_transparent_WW_VisionCrack3,WW6,rev3_window,0.95,1.143,2.6244353665515905,2,14
6_transparent_WW_VisionCrack3,WW6,rev3_window,1.0,1.1975,2.6244353665515905,2,14
6_transparent_WW_VisionCrack3,WW6,rev3_window,1.5,1.8062,2.6244353665515905,2,14
6_transparent_WW_VisionCrack3,WW6,rev3_window,2.0,2.1815,2.6244353665515905,2,14
6_transparent_WW_VisionCrack3,WW6,rev3_window,2.5,2.3462,2.6244353665515905,2,14
6_transparent_WW_VisionCrack3,WW6,margin1.0,0.5,0.5439,2.6244353665515905,2,14
6_transparent_WW_VisionCrack3,WW6,margin1.0,0.55,0.617,2.6244353665515905,2,14
6_transparent_WW_VisionCrack3,WW6,margin1.0,0.6,0.5605,2.6244353665515905,2,14
6_transparent_WW_VisionCrack3,WW6,margin1.0,0.65,0.5922,2.6244353665515905,2,14
6_transparent_WW_VisionCrack3,WW6,margin1.0,0.7,0.6406,2.6244353665515905,2,14
6_transparent_WW_VisionCrack3,WW6,margin1.0,0.75,0.6876,2.6244353665515905,2,14
6_transparent_WW_VisionCrack3,WW6,margin1.0,0.8,0.8017,2.6244353665515905,2,14
6_transparent_WW_VisionCrack3,WW6,margin1.0,0.85,0.9641,2.6244353665515905,2,14
6_transparent_WW_VisionCrack3,WW6,margin1.0,0.9,0.9247,2.6244353665515905,2,14
6_transparent_WW_VisionCrack3,WW6,margin1.0,0.95,1.0806,2.6244353665515905,2,14
6_transparent_WW_VisionCrack3,WW6,margin1.0,1.0,1.1614,2.6244353665515905,2,14
6_transparent_WW_VisionCrack3,WW6,margin1.0,1.5,1.7768,2.6244353665515905,2,14
6_transparent_WW_VisionCrack3,WW6,margin1.0,2.0,2.0009,2.6244353665515905,2,14
6_transparent_WW_VisionCrack3,WW6,margin1.0,2.5,2.333,2.6244353665515905,2,14
6_transparent_WW_VisionCrack3,WW6,margin2.0,0.5,0.5327,2.6244353665515905,2,14
6_transparent_WW_VisionCrack3,WW6,margin2.0,0.55,0.6084,2.6244353665515905,2,14
6_transparent_WW_VisionCrack3,WW6,margin2.0,0.6,0.5691,2.6244353665515905,2,14
6_transparent_WW_VisionCrack3,WW6,margin2.0,0.65,0.5993,2.6244353665515905,2,14
6_transparent_WW_VisionCrack3,WW6,margin2.0,0.7,0.6481,2.6244353665515905,2,14
6_transparent_WW_VisionCrack3,WW6,margin2.0,0.75,0.6958,2.6244353665515905,2,14
6_transparent_WW_VisionCrack3,WW6,margin2.0,0.8,0.9195,2.6244353665515905,2,14
6_transparent_WW_VisionCrack3,WW6,margin2.0,0.85,1.0212,2.6244353665515905,2,14
6_transparent_WW_VisionCrack3,WW6,margin2.0,0.9,1.0577,2.6244353665515905,2,14
6_transparent_WW_VisionCrack3,WW6,margin2.0,0.95,1.1307,2.6244353665515905,2,14
6_transparent_WW_VisionCrack3,WW6,margin2.0,1.0,1.2009,2.6244353665515905,2,14
6_transparent_WW_VisionCrack3,WW6,margin2.0,1.5,1.8296,2.6244353665515905,2,14
6_transparent_WW_VisionCrack3,WW6,margin2.0,2.0,2.2761,2.6244353665515905,2,14
6_transparent_WW_VisionCrack3,WW6,margin2.0,2.5,2.4078,2.6244353665515905,2,14
6_transparent_WW_VisionCrack3,WW6,smooth15,0.5,0.5451,2.6244353665515905,2,14
6_transparent_WW_VisionCrack3,WW6,smooth15,0.55,0.6202,2.6244353665515905,2,14
6_transparent_WW_VisionCrack3,WW6,smooth15,0.6,0.564,2.6244353665515905,2,14
6_transparent_WW_VisionCrack3,WW6,smooth15,0.65,0.5966,2.6244353665515905,2,14
6_transparent_WW_VisionCrack3,WW6,smooth15,0.7,0.644,2.6244353665515905,2,14
6_transparent_WW_VisionCrack3,WW6,smooth15,0.75,0.6906,2.6244353665515905,2,14
6_transparent_WW_VisionCrack3,WW6,smooth15,0.8,0.8146,2.6244353665515905,2,14
6_transparent_WW_VisionCrack3,WW6,smooth15,0.85,0.9881,2.6244353665515905,2,14
6_transparent_WW_VisionCrack3,WW6,smooth15,0.9,0.9876,2.6244353665515905,2,14
6_transparent_WW_VisionCrack3,WW6,smooth15,0.95,1.13,2.6244353665515905,2,14
6_transparent_WW_VisionCrack3,WW6,smooth15,1.0,1.1953,2.6244353665515905,2,14
6_transparent_WW_VisionCrack3,WW6,smooth15,1.5,1.7953,2.6244353665515905,2,14
6_transparent_WW_VisionCrack3,WW6,smooth15,2.0,2.2383,2.6244353665515905,2,14
6_transparent_WW_VisionCrack3,WW6,smooth15,2.5,2.3544,2.6244353665515905,2,14
6_transparent_WW_VisionCrack3,WW6,smooth35,0.5,0.5386,2.6244353665515905,2,14
6_transparent_WW_VisionCrack3,WW6,smooth35,0.55,0.6157,2.6244353665515905,2,14
6_transparent_WW_VisionCrack3,WW6,smooth35,0.6,0.5635,2.6244353665515905,2,14
6_transparent_WW_VisionCrack3,WW6,smooth35,0.65,0.5958,2.6244353665515905,2,14
6_transparent_WW_VisionCrack3,WW6,smooth35,0.7,0.6428,2.6244353665515905,2,14
6_transparent_WW_VisionCrack3,WW6,smooth35,0.75,0.6908,2.6244353665515905,2,14
6_transparent_WW_VisionCrack3,WW6,smooth35,0.8,0.8188,2.6244353665515905,2,14
6_transparent_WW_VisionCrack3,WW6,smooth35,0.85,0.9966,2.6244353665515905,2,14
6_transparent_WW_VisionCrack3,WW6,smooth35,0.9,1.0235,2.6244353665515905,2,14
6_transparent_WW_VisionCrack3,WW6,smooth35,0.95,1.1291,2.6244353665515905,2,14
6_transparent_WW_VisionCrack3,WW6,smooth35,1.0,1.1961,2.6244353665515905,2,14
6_transparent_WW_VisionCrack3,WW6,smooth35,1.5,1.818,2.6244353665515905,2,14
6_transparent_WW_VisionCrack3,WW6,smooth35,2.0,2.2816,2.6244353665515905,2,14
6_transparent_WW_VisionCrack3,WW6,smooth35,2.5,2.3958,2.6244353665515905,2,14
6_transparent_WW_VisionCrack3,WW6,band0.60,0.5,0.5404,2.6244353665515905,2,14
6_transparent_WW_VisionCrack3,WW6,band0.60,0.55,0.6173,2.6244353665515905,2,14
6_transparent_WW_VisionCrack3,WW6,band0.60,0.6,0.5631,2.6244353665515905,2,14
6_transparent_WW_VisionCrack3,WW6,band0.60,0.65,0.5958,2.6244353665515905,2,14
6_transparent_WW_VisionCrack3,WW6,band0.60,0.7,0.6431,2.6244353665515905,2,14
6_transparent_WW_VisionCrack3,WW6,band0.60,0.75,0.6902,2.6244353665515905,2,14
6_transparent_WW_VisionCrack3,WW6,band0.60,0.8,0.8144,2.6244353665515905,2,14
6_transparent_WW_VisionCrack3,WW6,band0.60,0.85,0.9893,2.6244353665515905,2,14
6_transparent_WW_VisionCrack3,WW6,band0.60,0.9,1.0158,2.6244353665515905,2,14
6_transparent_WW_VisionCrack3,WW6,band0.60,0.95,1.1293,2.6244353665515905,2,14
6_transparent_WW_VisionCrack3,WW6,band0.60,1.0,1.1909,2.6244353665515905,2,14
6_transparent_WW_VisionCrack3,WW6,band0.60,1.5,1.7997,2.6244353665515905,2,14
6_transparent_WW_VisionCrack3,WW6,band0.60,2.0,2.2561,2.6244353665515905,2,14
6_transparent_WW_VisionCrack3,WW6,band0.60,2.5,2.3684,2.6244353665515905,2,14
6_transparent_WW_VisionCrack3,WW6,win0.4,0.5,0.5404,2.6244353665515905,2,14
6_transparent_WW_VisionCrack3,WW6,win0.4,0.55,0.6173,2.6244353665515905,2,14
6_transparent_WW_VisionCrack3,WW6,win0.4,0.6,0.5596,2.6244353665515905,2,14
6_transparent_WW_VisionCrack3,WW6,win0.4,0.65,0.591,2.6244353665515905,2,14
6_transparent_WW_VisionCrack3,WW6,win0.4,0.7,0.6402,2.6244353665515905,2,14
6_transparent_WW_VisionCrack3,WW6,win0.4,0.75,0.6827,2.6244353665515905,2,14
6_transparent_WW_VisionCrack3,WW6,win0.4,0.8,0.793,2.6244353665515905,2,14
6_transparent_WW_VisionCrack3,WW6,win0.4,0.85,0.9484,2.6244353665515905,2,14
6_transparent_WW_VisionCrack3,WW6,win0.4,0.9,0.8959,2.6244353665515905,2,14
6_transparent_WW_VisionCrack3,WW6,win0.4,0.95,1.1098,2.6244353665515905,2,14
6_transparent_WW_VisionCrack3,WW6,win0.4,1.0,1.194,2.6244353665515905,2,14
6_transparent_WW_VisionCrack3,WW6,win0.4,1.5,1.7958,2.6244353665515905,2,14
6_transparent_WW_VisionCrack3,WW6,win0.4,2.0,2.2339,2.6244353665515905,2,14
6_transparent_WW_VisionCrack3,WW6,win0.4,2.5,2.3683,2.6244353665515905,2,14
6_transparent_WW_VisionCrack3,WW6,win0.8,0.5,0.5404,2.6244353665515905,2,14
6_transparent_WW_VisionCrack3,WW6,win0.8,0.55,0.6173,2.6244353665515905,2,14
6_transparent_WW_VisionCrack3,WW6,win0.8,0.6,0.5687,2.6244353665515905,2,14
6_transparent_WW_VisionCrack3,WW6,win0.8,0.65,0.6035,2.6244353665515905,2,14
6_transparent_WW_VisionCrack3,WW6,win0.8,0.7,0.6428,2.6244353665515905,2,14
6_transparent_WW_VisionCrack3,WW6,win0.8,0.75,0.695,2.6244353665515905,2,14
6_transparent_WW_VisionCrack3,WW6,win0.8,0.8,0.8146,2.6244353665515905,2,14
6_transparent_WW_VisionCrack3,WW6,win0.8,0.85,1.0134,2.6244353665515905,2,14
6_transparent_WW_VisionCrack3,WW6,win0.8,0.9,1.049,2.6244353665515905,2,14
6_transparent_WW_VisionCrack3,WW6,win0.8,0.95,1.1299,2.6244353665515905,2,14
6_transparent_WW_VisionCrack3,WW6,win0.8,1.0,1.2004,2.6244353665515905,2,14
6_transparent_WW_VisionCrack3,WW6,win0.8,1.5,1.7993,2.6244353665515905,2,14
6_transparent_WW_VisionCrack3,WW6,win0.8,2.0,2.2584,2.6244353665515905,2,14
6_transparent_WW_VisionCrack3,WW6,win0.8,2.5,2.361,2.6244353665515905,2,14
6_transparent_WW_VisionCrack3,WW7,full,0.5,0.5691,2.629446523857813,2,14
6_transparent_WW_VisionCrack3,WW7,full,0.55,0.6272,2.629446523857813,2,14
6_transparent_WW_VisionCrack3,WW7,full,0.6,0.5645,2.629446523857813,2,14
6_transparent_WW_VisionCrack3,WW7,full,0.65,0.6023,2.629446523857813,2,14
6_transparent_WW_VisionCrack3,WW7,full,0.7,0.6591,2.629446523857813,2,14
6_transparent_WW_VisionCrack3,WW7,full,0.75,0.7075,2.629446523857813,2,14
6_transparent_WW_VisionCrack3,WW7,full,0.8,0.8995,2.629446523857813,2,14
6_transparent_WW_VisionCrack3,WW7,full,0.85,0.9206,2.629446523857813,2,14
6_transparent_WW_VisionCrack3,WW7,full,0.9,1.0563,2.629446523857813,2,14
6_transparent_WW_VisionCrack3,WW7,full,0.95,1.1364,2.629446523857813,2,14
6_transparent_WW_VisionCrack3,WW7,full,1.0,1.2181,2.629446523857813,2,14
6_transparent_WW_VisionCrack3,WW7,full,1.5,1.8075,2.629446523857813,2,14
6_transparent_WW_VisionCrack3,WW7,full,2.0,2.2559,2.629446523857813,2,14
6_transparent_WW_VisionCrack3,WW7,full,2.5,2.3784,2.629446523857813,2,14
6_transparent_WW_VisionCrack3,WW7,no_masked_bg,0.5,0.5904,2.629446523857813,1,14
6_transparent_WW_VisionCrack3,WW7,no_masked_bg,0.55,0.4772,2.629446523857813,1,14
6_transparent_WW_VisionCrack3,WW7,no_masked_bg,0.6,0.5807,2.629446523857813,1,14
6_transparent_WW_VisionCrack3,WW7,no_masked_bg,0.65,0.6157,2.629446523857813,1,14
6_transparent_WW_VisionCrack3,WW7,no_masked_bg,0.7,0.6699,2.629446523857813,1,14
6_transparent_WW_VisionCrack3,WW7,no_masked_bg,0.75,0.7288,2.629446523857813,1,14
6_transparent_WW_VisionCrack3,WW7,no_masked_bg,0.8,0.9522,2.629446523857813,1,14
6_transparent_WW_VisionCrack3,WW7,no_masked_bg,0.85,1.0609,2.629446523857813,1,14
6_transparent_WW_VisionCrack3,WW7,no_masked_bg,0.9,1.1501,2.629446523857813,1,14
6_transparent_WW_VisionCrack3,WW7,no_masked_bg,0.95,1.211,2.629446523857813,1,14
6_transparent_WW_VisionCrack3,WW7,no_masked_bg,1.0,1.2815,2.629446523857813,1,14
6_transparent_WW_VisionCrack3,WW7,no_masked_bg,1.5,1.9822,2.629446523857813,1,14
6_transparent_WW_VisionCrack3,WW7,no_masked_bg,2.0,2.3545,2.629446523857813,1,14
6_transparent_WW_VisionCrack3,WW7,no_masked_bg,2.5,2.5201,2.629446523857813,1,14
6_transparent_WW_VisionCrack3,WW7,lsf_sigma,0.5,0.5731,2.5064222334473962,1,14
6_transparent_WW_VisionCrack3,WW7,lsf_sigma,0.55,0.4706,2.5064222334473962,1,14
6_transparent_WW_VisionCrack3,WW7,lsf_sigma,0.6,0.5726,2.5064222334473962,1,14
6_transparent_WW_VisionCrack3,WW7,lsf_sigma,0.65,0.6098,2.5064222334473962,1,14
6_transparent_WW_VisionCrack3,WW7,lsf_sigma,0.7,0.6659,2.5064222334473962,1,14
6_transparent_WW_VisionCrack3,WW7,lsf_sigma,0.75,0.7138,2.5064222334473962,1,14
6_transparent_WW_VisionCrack3,WW7,lsf_sigma,0.8,0.9042,2.5064222334473962,1,14
6_transparent_WW_VisionCrack3,WW7,lsf_sigma,0.85,0.9251,2.5064222334473962,1,14
6_transparent_WW_VisionCrack3,WW7,lsf_sigma,0.9,1.0599,2.5064222334473962,1,14
6_transparent_WW_VisionCrack3,WW7,lsf_sigma,0.95,1.1397,2.5064222334473962,1,14
6_transparent_WW_VisionCrack3,WW7,lsf_sigma,1.0,1.2209,2.5064222334473962,1,14
6_transparent_WW_VisionCrack3,WW7,lsf_sigma,1.5,1.8084,2.5064222334473962,1,14
6_transparent_WW_VisionCrack3,WW7,lsf_sigma,2.0,2.2557,2.5064222334473962,1,14
6_transparent_WW_VisionCrack3,WW7,lsf_sigma,2.5,2.378,2.5064222334473962,1,14
6_transparent_WW_VisionCrack3,WW7,no_deconv,0.5,0.4834,2.629446523857813,0,14
6_transparent_WW_VisionCrack3,WW7,no_deconv,0.55,0.5307,2.629446523857813,0,14
6_transparent_WW_VisionCrack3,WW7,no_deconv,0.6,0.6198,2.629446523857813,0,14
6_transparent_WW_VisionCrack3,WW7,no_deconv,0.65,0.6535,2.629446523857813,0,14
6_transparent_WW_VisionCrack3,WW7,no_deconv,0.7,0.7051,2.629446523857813,0,14
6_transparent_WW_VisionCrack3,WW7,no_deconv,0.75,0.7496,2.629446523857813,0,14
6_transparent_WW_VisionCrack3,WW7,no_deconv,0.8,0.9296,2.629446523857813,0,14
6_transparent_WW_VisionCrack3,WW7,no_deconv,0.85,0.9498,2.629446523857813,0,14
6_transparent_WW_VisionCrack3,WW7,no_deconv,0.9,1.0801,2.629446523857813,0,14
6_transparent_WW_VisionCrack3,WW7,no_deconv,0.95,1.1578,2.629446523857813,0,14
6_transparent_WW_VisionCrack3,WW7,no_deconv,1.0,1.2372,2.629446523857813,0,14
6_transparent_WW_VisionCrack3,WW7,no_deconv,1.5,1.821,2.629446523857813,0,14
6_transparent_WW_VisionCrack3,WW7,no_deconv,2.0,2.27,2.629446523857813,0,14
6_transparent_WW_VisionCrack3,WW7,no_deconv,2.5,2.393,2.629446523857813,0,14
6_transparent_WW_VisionCrack3,WW7,rev3_window,0.5,0.5617,2.629446523857813,1,14
6_transparent_WW_VisionCrack3,WW7,rev3_window,0.55,0.4772,2.629446523857813,1,14
6_transparent_WW_VisionCrack3,WW7,rev3_window,0.6,0.5853,2.629446523857813,1,14
6_transparent_WW_VisionCrack3,WW7,rev3_window,0.65,0.6128,2.629446523857813,1,14
6_transparent_WW_VisionCrack3,WW7,rev3_window,0.7,0.6576,2.629446523857813,1,14
6_transparent_WW_VisionCrack3,WW7,rev3_window,0.75,0.7191,2.629446523857813,1,14
6_transparent_WW_VisionCrack3,WW7,rev3_window,0.8,0.8293,2.629446523857813,1,14
6_transparent_WW_VisionCrack3,WW7,rev3_window,0.85,0.9138,2.629446523857813,1,14
6_transparent_WW_VisionCrack3,WW7,rev3_window,0.9,1.0557,2.629446523857813,1,14
6_transparent_WW_VisionCrack3,WW7,rev3_window,0.95,1.0911,2.629446523857813,1,14
6_transparent_WW_VisionCrack3,WW7,rev3_window,1.0,1.2184,2.629446523857813,1,14
6_transparent_WW_VisionCrack3,WW7,rev3_window,1.5,1.8087,2.629446523857813,1,14
6_transparent_WW_VisionCrack3,WW7,rev3_window,2.0,2.1807,2.629446523857813,1,14
6_transparent_WW_VisionCrack3,WW7,rev3_window,2.5,2.3519,2.629446523857813,1,14
6_transparent_WW_VisionCrack3,WW7,margin1.0,0.5,0.5686,2.629446523857813,2,14
6_transparent_WW_VisionCrack3,WW7,margin1.0,0.55,0.6246,2.629446523857813,2,14
6_transparent_WW_VisionCrack3,WW7,margin1.0,0.6,0.5599,2.629446523857813,2,14
6_transparent_WW_VisionCrack3,WW7,margin1.0,0.65,0.5983,2.629446523857813,2,14
6_transparent_WW_VisionCrack3,WW7,margin1.0,0.7,0.6496,2.629446523857813,2,14
6_transparent_WW_VisionCrack3,WW7,margin1.0,0.75,0.6992,2.629446523857813,2,14
6_transparent_WW_VisionCrack3,WW7,margin1.0,0.8,0.865,2.629446523857813,2,14
6_transparent_WW_VisionCrack3,WW7,margin1.0,0.85,0.8771,2.629446523857813,2,14
6_transparent_WW_VisionCrack3,WW7,margin1.0,0.9,0.9722,2.629446523857813,2,14
6_transparent_WW_VisionCrack3,WW7,margin1.0,0.95,0.9739,2.629446523857813,2,14
6_transparent_WW_VisionCrack3,WW7,margin1.0,1.0,1.1949,2.629446523857813,2,14
6_transparent_WW_VisionCrack3,WW7,margin1.0,1.5,1.7607,2.629446523857813,2,14
6_transparent_WW_VisionCrack3,WW7,margin1.0,2.0,2.0147,2.629446523857813,2,14
6_transparent_WW_VisionCrack3,WW7,margin1.0,2.5,2.3508,2.629446523857813,2,14
6_transparent_WW_VisionCrack3,WW7,margin2.0,0.5,0.5631,2.629446523857813,1,14
6_transparent_WW_VisionCrack3,WW7,margin2.0,0.55,0.465,2.629446523857813,1,14
6_transparent_WW_VisionCrack3,WW7,margin2.0,0.6,0.5682,2.629446523857813,1,14
6_transparent_WW_VisionCrack3,WW7,margin2.0,0.65,0.607,2.629446523857813,1,14
6_transparent_WW_VisionCrack3,WW7,margin2.0,0.7,0.6616,2.629446523857813,1,14
6_transparent_WW_VisionCrack3,WW7,margin2.0,0.75,0.7163,2.629446523857813,1,14
6_transparent_WW_VisionCrack3,WW7,margin2.0,0.8,0.9268,2.629446523857813,1,14
6_transparent_WW_VisionCrack3,WW7,margin2.0,0.85,0.9901,2.629446523857813,1,14
6_transparent_WW_VisionCrack3,WW7,margin2.0,0.9,1.0792,2.629446523857813,1,14
6_transparent_WW_VisionCrack3,WW7,margin2.0,0.95,1.1404,2.629446523857813,1,14
6_transparent_WW_VisionCrack3,WW7,margin2.0,1.0,1.2302,2.629446523857813,1,14
6_transparent_WW_VisionCrack3,WW7,margin2.0,1.5,1.8248,2.629446523857813,1,14
6_transparent_WW_VisionCrack3,WW7,margin2.0,2.0,2.2821,2.629446523857813,1,14
6_transparent_WW_VisionCrack3,WW7,margin2.0,2.5,2.399,2.629446523857813,1,14
6_transparent_WW_VisionCrack3,WW7,smooth15,0.5,0.5732,2.629446523857813,1,14
6_transparent_WW_VisionCrack3,WW7,smooth15,0.55,0.4646,2.629446523857813,1,14
6_transparent_WW_VisionCrack3,WW7,smooth15,0.6,0.5656,2.629446523857813,1,14
6_transparent_WW_VisionCrack3,WW7,smooth15,0.65,0.6031,2.629446523857813,1,14
6_transparent_WW_VisionCrack3,WW7,smooth15,0.7,0.6595,2.629446523857813,1,14
6_transparent_WW_VisionCrack3,WW7,smooth15,0.75,0.7082,2.629446523857813,1,14
6_transparent_WW_VisionCrack3,WW7,smooth15,0.8,0.8996,2.629446523857813,1,14
6_transparent_WW_VisionCrack3,WW7,smooth15,0.85,0.9202,2.629446523857813,1,14
6_transparent_WW_VisionCrack3,WW7,smooth15,0.9,1.059,2.629446523857813,1,14
6_transparent_WW_VisionCrack3,WW7,smooth15,0.95,1.136,2.629446523857813,1,14
6_transparent_WW_VisionCrack3,WW7,smooth15,1.0,1.221,2.629446523857813,1,14
6_transparent_WW_VisionCrack3,WW7,smooth15,1.5,1.803,2.629446523857813,1,14
6_transparent_WW_VisionCrack3,WW7,smooth15,2.0,2.2308,2.629446523857813,1,14
6_transparent_WW_VisionCrack3,WW7,smooth15,2.5,2.363,2.629446523857813,1,14
6_transparent_WW_VisionCrack3,WW7,smooth35,0.5,0.5671,2.629446523857813,2,14
6_transparent_WW_VisionCrack3,WW7,smooth35,0.55,0.6259,2.629446523857813,2,14
6_transparent_WW_VisionCrack3,WW7,smooth35,0.6,0.5647,2.629446523857813,2,14
6_transparent_WW_VisionCrack3,WW7,smooth35,0.65,0.6029,2.629446523857813,2,14
6_transparent_WW_VisionCrack3,WW7,smooth35,0.7,0.658,2.629446523857813,2,14
6_transparent_WW_VisionCrack3,WW7,smooth35,0.75,0.7104,2.629446523857813,2,14
6_transparent_WW_VisionCrack3,WW7,smooth35,0.8,0.9011,2.629446523857813,2,14
6_transparent_WW_VisionCrack3,WW7,smooth35,0.85,0.9294,2.629446523857813,2,14
6_transparent_WW_VisionCrack3,WW7,smooth35,0.9,1.0607,2.629446523857813,2,14
6_transparent_WW_VisionCrack3,WW7,smooth35,0.95,1.1358,2.629446523857813,2,14
6_transparent_WW_VisionCrack3,WW7,smooth35,1.0,1.2204,2.629446523857813,2,14
6_transparent_WW_VisionCrack3,WW7,smooth35,1.5,1.8172,2.629446523857813,2,14
6_transparent_WW_VisionCrack3,WW7,smooth35,2.0,2.2861,2.629446523857813,2,14
6_transparent_WW_VisionCrack3,WW7,smooth35,2.5,2.4148,2.629446523857813,2,14
6_transparent_WW_VisionCrack3,WW7,band0.60,0.5,0.5691,2.629446523857813,2,14
6_transparent_WW_VisionCrack3,WW7,band0.60,0.55,0.6272,2.629446523857813,2,14
6_transparent_WW_VisionCrack3,WW7,band0.60,0.6,0.5645,2.629446523857813,2,14
6_transparent_WW_VisionCrack3,WW7,band0.60,0.65,0.6023,2.629446523857813,2,14
6_transparent_WW_VisionCrack3,WW7,band0.60,0.7,0.6591,2.629446523857813,2,14
6_transparent_WW_VisionCrack3,WW7,band0.60,0.75,0.7075,2.629446523857813,2,14
6_transparent_WW_VisionCrack3,WW7,band0.60,0.8,0.8995,2.629446523857813,2,14
6_transparent_WW_VisionCrack3,WW7,band0.60,0.85,0.9206,2.629446523857813,2,14
6_transparent_WW_VisionCrack3,WW7,band0.60,0.9,1.0563,2.629446523857813,2,14
6_transparent_WW_VisionCrack3,WW7,band0.60,0.95,1.1364,2.629446523857813,2,14
6_transparent_WW_VisionCrack3,WW7,band0.60,1.0,1.2181,2.629446523857813,2,14
6_transparent_WW_VisionCrack3,WW7,band0.60,1.5,1.8075,2.629446523857813,2,14
6_transparent_WW_VisionCrack3,WW7,band0.60,2.0,2.2559,2.629446523857813,2,14
6_transparent_WW_VisionCrack3,WW7,band0.60,2.5,2.3784,2.629446523857813,2,14
6_transparent_WW_VisionCrack3,WW7,win0.4,0.5,0.5691,2.629446523857813,2,14
6_transparent_WW_VisionCrack3,WW7,win0.4,0.55,0.6272,2.629446523857813,2,14
6_transparent_WW_VisionCrack3,WW7,win0.4,0.6,0.5601,2.629446523857813,2,14
6_transparent_WW_VisionCrack3,WW7,win0.4,0.65,0.5989,2.629446523857813,2,14
6_transparent_WW_VisionCrack3,WW7,win0.4,0.7,0.6545,2.629446523857813,2,14
6_transparent_WW_VisionCrack3,WW7,win0.4,0.75,0.6965,2.629446523857813,2,14
6_transparent_WW_VisionCrack3,WW7,win0.4,0.8,0.8062,2.629446523857813,2,14
6_transparent_WW_VisionCrack3,WW7,win0.4,0.85,0.8687,2.629446523857813,2,14
6_transparent_WW_VisionCrack3,WW7,win0.4,0.9,0.9873,2.629446523857813,2,14
6_transparent_WW_VisionCrack3,WW7,win0.4,0.95,1.1267,2.629446523857813,2,14
6_transparent_WW_VisionCrack3,WW7,win0.4,1.0,1.2013,2.629446523857813,2,14
6_transparent_WW_VisionCrack3,WW7,win0.4,1.5,1.7992,2.629446523857813,2,14
6_transparent_WW_VisionCrack3,WW7,win0.4,2.0,2.2333,2.629446523857813,2,14
6_transparent_WW_VisionCrack3,WW7,win0.4,2.5,2.3713,2.629446523857813,2,14
6_transparent_WW_VisionCrack3,WW7,win0.8,0.5,0.5691,2.629446523857813,1,14
6_transparent_WW_VisionCrack3,WW7,win0.8,0.55,0.4743,2.629446523857813,1,14
6_transparent_WW_VisionCrack3,WW7,win0.8,0.6,0.5779,2.629446523857813,1,14
6_transparent_WW_VisionCrack3,WW7,win0.8,0.65,0.6133,2.629446523857813,1,14
6_transparent_WW_VisionCrack3,WW7,win0.8,0.7,0.6598,2.629446523857813,1,14
6_transparent_WW_VisionCrack3,WW7,win0.8,0.75,0.7182,2.629446523857813,1,14
6_transparent_WW_VisionCrack3,WW7,win0.8,0.8,0.8785,2.629446523857813,1,14
6_transparent_WW_VisionCrack3,WW7,win0.8,0.85,0.9273,2.629446523857813,1,14
6_transparent_WW_VisionCrack3,WW7,win0.8,0.9,1.071,2.629446523857813,1,14
6_transparent_WW_VisionCrack3,WW7,win0.8,0.95,1.1448,2.629446523857813,1,14
6_transparent_WW_VisionCrack3,WW7,win0.8,1.0,1.2202,2.629446523857813,1,14
6_transparent_WW_VisionCrack3,WW7,win0.8,1.5,1.7947,2.629446523857813,1,14
6_transparent_WW_VisionCrack3,WW7,win0.8,2.0,2.2365,2.629446523857813,1,14
6_transparent_WW_VisionCrack3,WW7,win0.8,2.5,2.3726,2.629446523857813,1,14
6_transparent_WW_VisionCrack3,WW8,full,0.5,0.5355,2.5034880458546396,2,14
6_transparent_WW_VisionCrack3,WW8,full,0.55,0.6119,2.5034880458546396,2,14
6_transparent_WW_VisionCrack3,WW8,full,0.6,0.565,2.5034880458546396,2,14
6_transparent_WW_VisionCrack3,WW8,full,0.65,0.5965,2.5034880458546396,2,14
6_transparent_WW_VisionCrack3,WW8,full,0.7,0.6536,2.5034880458546396,2,14
6_transparent_WW_VisionCrack3,WW8,full,0.75,0.6878,2.5034880458546396,2,14
6_transparent_WW_VisionCrack3,WW8,full,0.8,0.8012,2.5034880458546396,2,14
6_transparent_WW_VisionCrack3,WW8,full,0.85,0.9523,2.5034880458546396,2,14
6_transparent_WW_VisionCrack3,WW8,full,0.9,1.0056,2.5034880458546396,2,14
6_transparent_WW_VisionCrack3,WW8,full,0.95,1.1013,2.5034880458546396,2,14
6_transparent_WW_VisionCrack3,WW8,full,1.0,1.1641,2.5034880458546396,2,14
6_transparent_WW_VisionCrack3,WW8,full,1.5,1.7879,2.5034880458546396,2,14
6_transparent_WW_VisionCrack3,WW8,full,2.0,2.1966,2.5034880458546396,2,14
6_transparent_WW_VisionCrack3,WW8,full,2.5,2.3888,2.5034880458546396,2,14
6_transparent_WW_VisionCrack3,WW8,no_masked_bg,0.5,0.554,2.5034880458546396,1,14
6_transparent_WW_VisionCrack3,WW8,no_masked_bg,0.55,0.4547,2.5034880458546396,1,14
6_transparent_WW_VisionCrack3,WW8,no_masked_bg,0.6,0.5749,2.5034880458546396,1,14
6_transparent_WW_VisionCrack3,WW8,no_masked_bg,0.65,0.6041,2.5034880458546396,1,14
6_transparent_WW_VisionCrack3,WW8,no_masked_bg,0.7,0.6617,2.5034880458546396,1,14
6_transparent_WW_VisionCrack3,WW8,no_masked_bg,0.75,0.7014,2.5034880458546396,1,14
6_transparent_WW_VisionCrack3,WW8,no_masked_bg,0.8,0.9031,2.5034880458546396,1,14
6_transparent_WW_VisionCrack3,WW8,no_masked_bg,0.85,1.0575,2.5034880458546396,1,14
6_transparent_WW_VisionCrack3,WW8,no_masked_bg,0.9,1.0778,2.5034880458546396,1,14
6_transparent_WW_VisionCrack3,WW8,no_masked_bg,0.95,1.1671,2.5034880458546396,1,14
6_transparent_WW_VisionCrack3,WW8,no_masked_bg,1.0,1.2391,2.5034880458546396,1,14
6_transparent_WW_VisionCrack3,WW8,no_masked_bg,1.5,1.9649,2.5034880458546396,1,14
6_transparent_WW_VisionCrack3,WW8,no_masked_bg,2.0,2.3245,2.5034880458546396,1,14
6_transparent_WW_VisionCrack3,WW8,no_masked_bg,2.5,2.446,2.5034880458546396,1,14
6_transparent_WW_VisionCrack3,WW8,lsf_sigma,0.5,0.5337,2.5584784844384014,2,14
6_transparent_WW_VisionCrack3,WW8,lsf_sigma,0.55,0.6099,2.5584784844384014,2,14
6_transparent_WW_VisionCrack3,WW8,lsf_sigma,0.6,0.5613,2.5584784844384014,2,14
6_transparent_WW_VisionCrack3,WW8,lsf_sigma,0.65,0.593,2.5584784844384014,2,14
6_transparent_WW_VisionCrack3,WW8,lsf_sigma,0.7,0.6504,2.5584784844384014,2,14
6_transparent_WW_VisionCrack3,WW8,lsf_sigma,0.75,0.6847,2.5584784844384014,2,14
6_transparent_WW_VisionCrack3,WW8,lsf_sigma,0.8,0.7987,2.5584784844384014,2,14
6_transparent_WW_VisionCrack3,WW8,lsf_sigma,0.85,0.9503,2.5584784844384014,2,14
6_transparent_WW_VisionCrack3,WW8,lsf_sigma,0.9,1.0038,2.5584784844384014,2,14
6_transparent_WW_VisionCrack3,WW8,lsf_sigma,0.95,1.0997,2.5584784844384014,2,14
6_transparent_WW_VisionCrack3,WW8,lsf_sigma,1.0,1.1627,2.5584784844384014,2,14
6_transparent_WW_VisionCrack3,WW8,lsf_sigma,1.5,1.7874,2.5584784844384014,2,14
6_transparent_WW_VisionCrack3,WW8,lsf_sigma,2.0,2.1966,2.5584784844384014,2,14
6_transparent_WW_VisionCrack3,WW8,lsf_sigma,2.5,2.389,2.5584784844384014,2,14
6_transparent_WW_VisionCrack3,WW8,no_deconv,0.5,0.5355,2.5034880458546396,1,14
6_transparent_WW_VisionCrack3,WW8,no_deconv,0.55,0.5017,2.5034880458546396,1,14
6_transparent_WW_VisionCrack3,WW8,no_deconv,0.6,0.6023,2.5034880458546396,1,14
6_transparent_WW_VisionCrack3,WW8,no_deconv,0.65,0.6305,2.5034880458546396,1,14
6_transparent_WW_VisionCrack3,WW8,no_deconv,0.7,0.6826,2.5034880458546396,1,14
6_transparent_WW_VisionCrack3,WW8,no_deconv,0.75,0.7141,2.5034880458546396,1,14
6_transparent_WW_VisionCrack3,WW8,no_deconv,0.8,0.8201,2.5034880458546396,1,14
6_transparent_WW_VisionCrack3,WW8,no_deconv,0.85,0.9643,2.5034880458546396,1,14
6_transparent_WW_VisionCrack3,WW8,no_deconv,0.9,1.0157,2.5034880458546396,1,14
6_transparent_WW_VisionCrack3,WW8,no_deconv,0.95,1.1086,2.5034880458546396,1,14
6_transparent_WW_VisionCrack3,WW8,no_deconv,1.0,1.17,2.5034880458546396,1,14
6_transparent_WW_VisionCrack3,WW8,no_deconv,1.5,1.7895,2.5034880458546396,1,14
6_transparent_WW_VisionCrack3,WW8,no_deconv,2.0,2.2001,2.5034880458546396,1,14
6_transparent_WW_VisionCrack3,WW8,no_deconv,2.5,2.3938,2.5034880458546396,1,14
6_transparent_WW_VisionCrack3,WW8,rev3_window,0.5,0.5331,2.5034880458546396,1,14
6_transparent_WW_VisionCrack3,WW8,rev3_window,0.55,0.4584,2.5034880458546396,1,14
6_transparent_WW_VisionCrack3,WW8,rev3_window,0.6,0.567,2.5034880458546396,1,14
6_transparent_WW_VisionCrack3,WW8,rev3_window,0.65,0.5969,2.5034880458546396,1,14
6_transparent_WW_VisionCrack3,WW8,rev3_window,0.7,0.6515,2.5034880458546396,1,14
6_transparent_WW_VisionCrack3,WW8,rev3_window,0.75,0.6934,2.5034880458546396,1,14
6_transparent_WW_VisionCrack3,WW8,rev3_window,0.8,0.7925,2.5034880458546396,1,14
6_transparent_WW_VisionCrack3,WW8,rev3_window,0.85,0.9218,2.5034880458546396,1,14
6_transparent_WW_VisionCrack3,WW8,rev3_window,0.9,1.037,2.5034880458546396,1,14
6_transparent_WW_VisionCrack3,WW8,rev3_window,0.95,1.0191,2.5034880458546396,1,14
6_transparent_WW_VisionCrack3,WW8,rev3_window,1.0,1.1619,2.5034880458546396,1,14
6_transparent_WW_VisionCrack3,WW8,rev3_window,1.5,1.7943,2.5034880458546396,1,14
6_transparent_WW_VisionCrack3,WW8,rev3_window,2.0,2.1094,2.5034880458546396,1,14
6_transparent_WW_VisionCrack3,WW8,rev3_window,2.5,2.3585,2.5034880458546396,1,14
6_transparent_WW_VisionCrack3,WW8,margin1.0,0.5,0.5394,2.5034880458546396,2,14
6_transparent_WW_VisionCrack3,WW8,margin1.0,0.55,0.6084,2.5034880458546396,2,14
6_transparent_WW_VisionCrack3,WW8,margin1.0,0.6,0.5619,2.5034880458546396,2,14
6_transparent_WW_VisionCrack3,WW8,margin1.0,0.65,0.5927,2.5034880458546396,2,14
6_transparent_WW_VisionCrack3,WW8,margin1.0,0.7,0.6477,2.5034880458546396,2,14
6_transparent_WW_VisionCrack3,WW8,margin1.0,0.75,0.6855,2.5034880458546396,2,14
6_transparent_WW_VisionCrack3,WW8,margin1.0,0.8,0.7848,2.5034880458546396,2,14
6_transparent_WW_VisionCrack3,WW8,margin1.0,0.85,0.8458,2.5034880458546396,2,14
6_transparent_WW_VisionCrack3,WW8,margin1.0,0.9,0.8919,2.5034880458546396,2,14
6_transparent_WW_VisionCrack3,WW8,margin1.0,0.95,0.9367,2.5034880458546396,2,14
6_transparent_WW_VisionCrack3,WW8,margin1.0,1.0,1.1412,2.5034880458546396,2,14
6_transparent_WW_VisionCrack3,WW8,margin1.0,1.5,1.7548,2.5034880458546396,2,14
6_transparent_WW_VisionCrack3,WW8,margin1.0,2.0,1.9888,2.5034880458546396,2,14
6_transparent_WW_VisionCrack3,WW8,margin1.0,2.5,2.3566,2.5034880458546396,2,14
6_transparent_WW_VisionCrack3,WW8,margin2.0,0.5,0.5305,2.5034880458546396,2,14
6_transparent_WW_VisionCrack3,WW8,margin2.0,0.55,0.6101,2.5034880458546396,2,14
6_transparent_WW_VisionCrack3,WW8,margin2.0,0.6,0.5668,2.5034880458546396,2,14
6_transparent_WW_VisionCrack3,WW8,margin2.0,0.65,0.598,2.5034880458546396,2,14
6_transparent_WW_VisionCrack3,WW8,margin2.0,0.7,0.656,2.5034880458546396,2,14
6_transparent_WW_VisionCrack3,WW8,margin2.0,0.75,0.693,2.5034880458546396,2,14
6_transparent_WW_VisionCrack3,WW8,margin2.0,0.8,0.8245,2.5034880458546396,2,14
6_transparent_WW_VisionCrack3,WW8,margin2.0,0.85,0.9561,2.5034880458546396,2,14
6_transparent_WW_VisionCrack3,WW8,margin2.0,0.9,1.0114,2.5034880458546396,2,14
6_transparent_WW_VisionCrack3,WW8,margin2.0,0.95,1.1202,2.5034880458546396,2,14
6_transparent_WW_VisionCrack3,WW8,margin2.0,1.0,1.1726,2.5034880458546396,2,14
6_transparent_WW_VisionCrack3,WW8,margin2.0,1.5,1.808,2.5034880458546396,2,14
6_transparent_WW_VisionCrack3,WW8,margin2.0,2.0,2.2382,2.5034880458546396,2,14
6_transparent_WW_VisionCrack3,WW8,margin2.0,2.5,2.5123,2.5034880458546396,2,14
6_transparent_WW_VisionCrack3,WW8,smooth15,0.5,0.5405,2.5034880458546396,2,14
6_transparent_WW_VisionCrack3,WW8,smooth15,0.55,0.6144,2.5034880458546396,2,14
6_transparent_WW_VisionCrack3,WW8,smooth15,0.6,0.5658,2.5034880458546396,2,14
6_transparent_WW_VisionCrack3,WW8,smooth15,0.65,0.5969,2.5034880458546396,2,14
6_transparent_WW_VisionCrack3,WW8,smooth15,0.7,0.6544,2.5034880458546396,2,14
6_transparent_WW_VisionCrack3,WW8,smooth15,0.75,0.6883,2.5034880458546396,2,14
6_transparent_WW_VisionCrack3,WW8,smooth15,0.8,0.8005,2.5034880458546396,2,14
6_transparent_WW_VisionCrack3,WW8,smooth15,0.85,0.9544,2.5034880458546396,2,14
6_transparent_WW_VisionCrack3,WW8,smooth15,0.9,1.0068,2.5034880458546396,2,14
6_transparent_WW_VisionCrack3,WW8,smooth15,0.95,1.1003,2.5034880458546396,2,14
6_transparent_WW_VisionCrack3,WW8,smooth15,1.0,1.1644,2.5034880458546396,2,14
6_transparent_WW_VisionCrack3,WW8,smooth15,1.5,1.7784,2.5034880458546396,2,14
6_transparent_WW_VisionCrack3,WW8,smooth15,2.0,2.1349,2.5034880458546396,2,14
6_transparent_WW_VisionCrack3,WW8,smooth15,2.5,2.3643,2.5034880458546396,2,14
6_transparent_WW_VisionCrack3,WW8,smooth35,0.5,0.5338,2.5034880458546396,2,14
6_transparent_WW_VisionCrack3,WW8,smooth35,0.55,0.6125,2.5034880458546396,2,14
6_transparent_WW_VisionCrack3,WW8,smooth35,0.6,0.5651,2.5034880458546396,2,14
6_transparent_WW_VisionCrack3,WW8,smooth35,0.65,0.5963,2.5034880458546396,2,14
6_transparent_WW_VisionCrack3,WW8,smooth35,0.7,0.6536,2.5034880458546396,2,14
6_transparent_WW_VisionCrack3,WW8,smooth35,0.75,0.688,2.5034880458546396,2,14
6_transparent_WW_VisionCrack3,WW8,smooth35,0.8,0.8042,2.5034880458546396,2,14
6_transparent_WW_VisionCrack3,WW8,smooth35,0.85,0.9581,2.5034880458546396,2,14
6_transparent_WW_VisionCrack3,WW8,smooth35,0.9,1.0056,2.5034880458546396,2,14
6_transparent_WW_VisionCrack3,WW8,smooth35,0.95,1.1073,2.5034880458546396,2,14
6_transparent_WW_VisionCrack3,WW8,smooth35,1.0,1.1667,2.5034880458546396,2,14
6_transparent_WW_VisionCrack3,WW8,smooth35,1.5,1.8028,2.5034880458546396,2,14
6_transparent_WW_VisionCrack3,WW8,smooth35,2.0,2.2418,2.5034880458546396,2,14
6_transparent_WW_VisionCrack3,WW8,smooth35,2.5,2.4712,2.5034880458546396,2,14
6_transparent_WW_VisionCrack3,WW8,band0.60,0.5,0.5355,2.5034880458546396,2,14
6_transparent_WW_VisionCrack3,WW8,band0.60,0.55,0.6119,2.5034880458546396,2,14
6_transparent_WW_VisionCrack3,WW8,band0.60,0.6,0.565,2.5034880458546396,2,14
6_transparent_WW_VisionCrack3,WW8,band0.60,0.65,0.5965,2.5034880458546396,2,14
6_transparent_WW_VisionCrack3,WW8,band0.60,0.7,0.6536,2.5034880458546396,2,14
6_transparent_WW_VisionCrack3,WW8,band0.60,0.75,0.6878,2.5034880458546396,2,14
6_transparent_WW_VisionCrack3,WW8,band0.60,0.8,0.8012,2.5034880458546396,2,14
6_transparent_WW_VisionCrack3,WW8,band0.60,0.85,0.9523,2.5034880458546396,2,14
6_transparent_WW_VisionCrack3,WW8,band0.60,0.9,1.0056,2.5034880458546396,2,14
6_transparent_WW_VisionCrack3,WW8,band0.60,0.95,1.1013,2.5034880458546396,2,14
6_transparent_WW_VisionCrack3,WW8,band0.60,1.0,1.1641,2.5034880458546396,2,14
6_transparent_WW_VisionCrack3,WW8,band0.60,1.5,1.7879,2.5034880458546396,2,14
6_transparent_WW_VisionCrack3,WW8,band0.60,2.0,2.1966,2.5034880458546396,2,14
6_transparent_WW_VisionCrack3,WW8,band0.60,2.5,2.3888,2.5034880458546396,2,14
6_transparent_WW_VisionCrack3,WW8,win0.4,0.5,0.5355,2.5034880458546396,2,14
6_transparent_WW_VisionCrack3,WW8,win0.4,0.55,0.6119,2.5034880458546396,2,14
6_transparent_WW_VisionCrack3,WW8,win0.4,0.6,0.5638,2.5034880458546396,2,14
6_transparent_WW_VisionCrack3,WW8,win0.4,0.65,0.5897,2.5034880458546396,2,14
6_transparent_WW_VisionCrack3,WW8,win0.4,0.7,0.6503,2.5034880458546396,2,14
6_transparent_WW_VisionCrack3,WW8,win0.4,0.75,0.6807,2.5034880458546396,2,14
6_transparent_WW_VisionCrack3,WW8,win0.4,0.8,0.7823,2.5034880458546396,2,14
6_transparent_WW_VisionCrack3,WW8,win0.4,0.85,0.8643,2.5034880458546396,2,14
6_transparent_WW_VisionCrack3,WW8,win0.4,0.9,0.8952,2.5034880458546396,2,14
6_transparent_WW_VisionCrack3,WW8,win0.4,0.95,0.9442,2.5034880458546396,2,14
6_transparent_WW_VisionCrack3,WW8,win0.4,1.0,1.1304,2.5034880458546396,2,14
6_transparent_WW_VisionCrack3,WW8,win0.4,1.5,1.777,2.5034880458546396,2,14
6_transparent_WW_VisionCrack3,WW8,win0.4,2.0,2.1671,2.5034880458546396,2,14
6_transparent_WW_VisionCrack3,WW8,win0.4,2.5,2.3728,2.5034880458546396,2,14
6_transparent_WW_VisionCrack3,WW8,win0.8,0.5,0.5355,2.5034880458546396,2,14
6_transparent_WW_VisionCrack3,WW8,win0.8,0.55,0.6119,2.5034880458546396,2,14
6_transparent_WW_VisionCrack3,WW8,win0.8,0.6,0.5673,2.5034880458546396,2,14
6_transparent_WW_VisionCrack3,WW8,win0.8,0.65,0.5991,2.5034880458546396,2,14
6_transparent_WW_VisionCrack3,WW8,win0.8,0.7,0.6549,2.5034880458546396,2,14
6_transparent_WW_VisionCrack3,WW8,win0.8,0.75,0.6934,2.5034880458546396,2,14
6_transparent_WW_VisionCrack3,WW8,win0.8,0.8,0.8006,2.5034880458546396,2,14
6_transparent_WW_VisionCrack3,WW8,win0.8,0.85,0.9831,2.5034880458546396,2,14
6_transparent_WW_VisionCrack3,WW8,win0.8,0.9,0.9292,2.5034880458546396,2,14
6_transparent_WW_VisionCrack3,WW8,win0.8,0.95,1.0869,2.5034880458546396,2,14
6_transparent_WW_VisionCrack3,WW8,win0.8,1.0,1.1692,2.5034880458546396,2,14
6_transparent_WW_VisionCrack3,WW8,win0.8,1.5,1.7758,2.5034880458546396,2,14
6_transparent_WW_VisionCrack3,WW8,win0.8,2.0,2.1934,2.5034880458546396,2,14
6_transparent_WW_VisionCrack3,WW8,win0.8,2.5,2.3792,2.5034880458546396,2,14
6_transparent_WW_VisionCrack3,WW9,full,0.5,0.5608,2.509188729031359,2,14
6_transparent_WW_VisionCrack3,WW9,full,0.55,0.6159,2.509188729031359,2,14
6_transparent_WW_VisionCrack3,WW9,full,0.6,0.5595,2.509188729031359,2,14
6_transparent_WW_VisionCrack3,WW9,full,0.65,0.5953,2.509188729031359,2,14
6_transparent_WW_VisionCrack3,WW9,full,0.7,0.6458,2.509188729031359,2,14
6_transparent_WW_VisionCrack3,WW9,full,0.75,0.6915,2.509188729031359,2,14
6_transparent_WW_VisionCrack3,WW9,full,0.8,0.802,2.509188729031359,2,14
6_transparent_WW_VisionCrack3,WW9,full,0.85,0.8805,2.509188729031359,2,14
6_transparent_WW_VisionCrack3,WW9,full,0.9,1.0099,2.509188729031359,2,14
6_transparent_WW_VisionCrack3,WW9,full,0.95,0.9726,2.509188729031359,2,14
6_transparent_WW_VisionCrack3,WW9,full,1.0,1.1914,2.509188729031359,2,14
6_transparent_WW_VisionCrack3,WW9,full,1.5,1.7828,2.509188729031359,2,14
6_transparent_WW_VisionCrack3,WW9,full,2.0,2.2075,2.509188729031359,2,14
6_transparent_WW_VisionCrack3,WW9,full,2.5,2.3826,2.509188729031359,2,14
6_transparent_WW_VisionCrack3,WW9,no_masked_bg,0.5,0.5843,2.509188729031359,2,14
6_transparent_WW_VisionCrack3,WW9,no_masked_bg,0.55,0.6358,2.509188729031359,2,14
6_transparent_WW_VisionCrack3,WW9,no_masked_bg,0.6,0.5725,2.509188729031359,2,14
6_transparent_WW_VisionCrack3,WW9,no_masked_bg,0.65,0.6032,2.509188729031359,2,14
6_transparent_WW_VisionCrack3,WW9,no_masked_bg,0.7,0.6558,2.509188729031359,2,14
6_transparent_WW_VisionCrack3,WW9,no_masked_bg,0.75,0.704,2.509188729031359,2,14
6_transparent_WW_VisionCrack3,WW9,no_masked_bg,0.8,0.8789,2.509188729031359,2,14
6_transparent_WW_VisionCrack3,WW9,no_masked_bg,0.85,1.0533,2.509188729031359,2,14
6_transparent_WW_VisionCrack3,WW9,no_masked_bg,0.9,1.103,2.509188729031359,2,14
6_transparent_WW_VisionCrack3,WW9,no_masked_bg,0.95,1.1607,2.509188729031359,2,14
6_transparent_WW_VisionCrack3,WW9,no_masked_bg,1.0,1.254,2.509188729031359,2,14
6_transparent_WW_VisionCrack3,WW9,no_masked_bg,1.5,1.9823,2.509188729031359,2,14
6_transparent_WW_VisionCrack3,WW9,no_masked_bg,2.0,2.3334,2.509188729031359,2,14
6_transparent_WW_VisionCrack3,WW9,no_masked_bg,2.5,2.5463,2.509188729031359,2,14
6_transparent_WW_VisionCrack3,WW9,lsf_sigma,0.5,0.5601,2.536450855917914,2,14
6_transparent_WW_VisionCrack3,WW9,lsf_sigma,0.55,0.615,2.536450855917914,2,14
6_transparent_WW_VisionCrack3,WW9,lsf_sigma,0.6,0.5576,2.536450855917914,2,14
6_transparent_WW_VisionCrack3,WW9,lsf_sigma,0.65,0.5935,2.536450855917914,2,14
6_transparent_WW_VisionCrack3,WW9,lsf_sigma,0.7,0.6442,2.536450855917914,2,14
6_transparent_WW_VisionCrack3,WW9,lsf_sigma,0.75,0.69,2.536450855917914,2,14
6_transparent_WW_VisionCrack3,WW9,lsf_sigma,0.8,0.8008,2.536450855917914,2,14
6_transparent_WW_VisionCrack3,WW9,lsf_sigma,0.85,0.8794,2.536450855917914,2,14
6_transparent_WW_VisionCrack3,WW9,lsf_sigma,0.9,1.009,2.536450855917914,2,14
6_transparent_WW_VisionCrack3,WW9,lsf_sigma,0.95,0.9717,2.536450855917914,2,14
6_transparent_WW_VisionCrack3,WW9,lsf_sigma,1.0,1.1907,2.536450855917914,2,14
6_transparent_WW_VisionCrack3,WW9,lsf_sigma,1.5,1.7827,2.536450855917914,2,14
6_transparent_WW_VisionCrack3,WW9,lsf_sigma,2.0,2.2077,2.536450855917914,2,14
6_transparent_WW_VisionCrack3,WW9,lsf_sigma,2.5,2.3828,2.536450855917914,2,14
6_transparent_WW_VisionCrack3,WW9,no_deconv,0.5,0.4669,2.509188729031359,0,14
6_transparent_WW_VisionCrack3,WW9,no_deconv,0.55,0.5138,2.509188729031359,0,14
6_transparent_WW_VisionCrack3,WW9,no_deconv,0.6,0.6102,2.509188729031359,0,14
6_transparent_WW_VisionCrack3,WW9,no_deconv,0.65,0.6418,2.509188729031359,0,14
6_transparent_WW_VisionCrack3,WW9,no_deconv,0.7,0.6872,2.509188729031359,0,14
6_transparent_WW_VisionCrack3,WW9,no_deconv,0.75,0.7287,2.509188729031359,0,14
6_transparent_WW_VisionCrack3,WW9,no_deconv,0.8,0.8307,2.509188729031359,0,14
6_transparent_WW_VisionCrack3,WW9,no_deconv,0.85,0.9044,2.509188729031359,0,14
6_transparent_WW_VisionCrack3,WW9,no_deconv,0.9,1.0277,2.509188729031359,0,14
6_transparent_WW_VisionCrack3,WW9,no_deconv,0.95,0.9917,2.509188729031359,0,14
6_transparent_WW_VisionCrack3,WW9,no_deconv,1.0,1.2027,2.509188729031359,0,14
6_transparent_WW_VisionCrack3,WW9,no_deconv,1.5,1.7855,2.509188729031359,0,14
6_transparent_WW_VisionCrack3,WW9,no_deconv,2.0,2.2086,2.509188729031359,0,14
6_transparent_WW_VisionCrack3,WW9,no_deconv,2.5,2.3836,2.509188729031359,0,14
6_transparent_WW_VisionCrack3,WW9,rev3_window,0.5,0.5627,2.509188729031359,2,14
6_transparent_WW_VisionCrack3,WW9,rev3_window,0.55,0.6197,2.509188729031359,2,14
6_transparent_WW_VisionCrack3,WW9,rev3_window,0.6,0.5656,2.509188729031359,2,14
6_transparent_WW_VisionCrack3,WW9,rev3_window,0.65,0.599,2.509188729031359,2,14
6_transparent_WW_VisionCrack3,WW9,rev3_window,0.7,0.6436,2.509188729031359,2,14
6_transparent_WW_VisionCrack3,WW9,rev3_window,0.75,0.6913,2.509188729031359,2,14
6_transparent_WW_VisionCrack3,WW9,rev3_window,0.8,0.7986,2.509188729031359,2,14
6_transparent_WW_VisionCrack3,WW9,rev3_window,0.85,0.8747,2.509188729031359,2,14
6_transparent_WW_VisionCrack3,WW9,rev3_window,0.9,1.0396,2.509188729031359,2,14
6_transparent_WW_VisionCrack3,WW9,rev3_window,0.95,1.0711,2.509188729031359,2,14
6_transparent_WW_VisionCrack3,WW9,rev3_window,1.0,1.1869,2.509188729031359,2,14
6_transparent_WW_VisionCrack3,WW9,rev3_window,1.5,1.7933,2.509188729031359,2,14
6_transparent_WW_VisionCrack3,WW9,rev3_window,2.0,2.1597,2.509188729031359,2,14
6_transparent_WW_VisionCrack3,WW9,rev3_window,2.5,2.3613,2.509188729031359,2,14
6_transparent_WW_VisionCrack3,WW9,margin1.0,0.5,0.5592,2.509188729031359,2,14
6_transparent_WW_VisionCrack3,WW9,margin1.0,0.55,0.6169,2.509188729031359,2,14
6_transparent_WW_VisionCrack3,WW9,margin1.0,0.6,0.5554,2.509188729031359,2,14
6_transparent_WW_VisionCrack3,WW9,margin1.0,0.65,0.5918,2.509188729031359,2,14
6_transparent_WW_VisionCrack3,WW9,margin1.0,0.7,0.6429,2.509188729031359,2,14
6_transparent_WW_VisionCrack3,WW9,margin1.0,0.75,0.6893,2.509188729031359,2,14
6_transparent_WW_VisionCrack3,WW9,margin1.0,0.8,0.7964,2.509188729031359,2,14
6_transparent_WW_VisionCrack3,WW9,margin1.0,0.85,0.8503,2.509188729031359,2,14
6_transparent_WW_VisionCrack3,WW9,margin1.0,0.9,0.9102,2.509188729031359,2,14
6_transparent_WW_VisionCrack3,WW9,margin1.0,0.95,0.9367,2.509188729031359,2,14
6_transparent_WW_VisionCrack3,WW9,margin1.0,1.0,1.1493,2.509188729031359,2,14
6_transparent_WW_VisionCrack3,WW9,margin1.0,1.5,1.76,2.509188729031359,2,14
6_transparent_WW_VisionCrack3,WW9,margin1.0,2.0,1.9922,2.509188729031359,2,14
6_transparent_WW_VisionCrack3,WW9,margin1.0,2.5,2.3538,2.509188729031359,2,14
6_transparent_WW_VisionCrack3,WW9,margin2.0,0.5,0.5605,2.509188729031359,2,14
6_transparent_WW_VisionCrack3,WW9,margin2.0,0.55,0.6145,2.509188729031359,2,14
6_transparent_WW_VisionCrack3,WW9,margin2.0,0.6,0.5642,2.509188729031359,2,14
6_transparent_WW_VisionCrack3,WW9,margin2.0,0.65,0.5975,2.509188729031359,2,14
6_transparent_WW_VisionCrack3,WW9,margin2.0,0.7,0.6486,2.509188729031359,2,14
6_transparent_WW_VisionCrack3,WW9,margin2.0,0.75,0.6948,2.509188729031359,2,14
6_transparent_WW_VisionCrack3,WW9,margin2.0,0.8,0.811,2.509188729031359,2,14
6_transparent_WW_VisionCrack3,WW9,margin2.0,0.85,0.9793,2.509188729031359,2,14
6_transparent_WW_VisionCrack3,WW9,margin2.0,0.9,1.0717,2.509188729031359,2,14
6_transparent_WW_VisionCrack3,WW9,margin2.0,0.95,1.122,2.509188729031359,2,14
6_transparent_WW_VisionCrack3,WW9,margin2.0,1.0,1.1999,2.509188729031359,2,14
6_transparent_WW_VisionCrack3,WW9,margin2.0,1.5,1.7957,2.509188729031359,2,14
6_transparent_WW_VisionCrack3,WW9,margin2.0,2.0,2.2545,2.509188729031359,2,14
6_transparent_WW_VisionCrack3,WW9,margin2.0,2.5,2.4139,2.509188729031359,2,14
6_transparent_WW_VisionCrack3,WW9,smooth15,0.5,0.5654,2.509188729031359,2,14
6_transparent_WW_VisionCrack3,WW9,smooth15,0.55,0.6198,2.509188729031359,2,14
6_transparent_WW_VisionCrack3,WW9,smooth15,0.6,0.5603,2.509188729031359,2,14
6_transparent_WW_VisionCrack3,WW9,smooth15,0.65,0.596,2.509188729031359,2,14
6_transparent_WW_VisionCrack3,WW9,smooth15,0.7,0.6463,2.509188729031359,2,14
6_transparent_WW_VisionCrack3,WW9,smooth15,0.75,0.692,2.509188729031359,2,14
6_transparent_WW_VisionCrack3,WW9,smooth15,0.8,0.8024,2.509188729031359,2,14
6_transparent_WW_VisionCrack3,WW9,smooth15,0.85,0.8801,2.509188729031359,2,14
6_transparent_WW_VisionCrack3,WW9,smooth15,0.9,0.9934,2.509188729031359,2,14
6_transparent_WW_VisionCrack3,WW9,smooth15,0.95,0.9611,2.509188729031359,2,14
6_transparent_WW_VisionCrack3,WW9,smooth15,1.0,1.1904,2.509188729031359,2,14
6_transparent_WW_VisionCrack3,WW9,smooth15,1.5,1.7757,2.509188729031359,2,14
6_transparent_WW_VisionCrack3,WW9,smooth15,2.0,2.1699,2.509188729031359,2,14
6_transparent_WW_VisionCrack3,WW9,smooth15,2.5,2.3694,2.509188729031359,2,14
6_transparent_WW_VisionCrack3,WW9,smooth35,0.5,0.5596,2.509188729031359,2,14
6_transparent_WW_VisionCrack3,WW9,smooth35,0.55,0.6152,2.509188729031359,2,14
6_transparent_WW_VisionCrack3,WW9,smooth35,0.6,0.5599,2.509188729031359,2,14
6_transparent_WW_VisionCrack3,WW9,smooth35,0.65,0.5948,2.509188729031359,2,14
6_transparent_WW_VisionCrack3,WW9,smooth35,0.7,0.6456,2.509188729031359,2,14
6_transparent_WW_VisionCrack3,WW9,smooth35,0.75,0.6914,2.509188729031359,2,14
6_transparent_WW_VisionCrack3,WW9,smooth35,0.8,0.8023,2.509188729031359,2,14
6_transparent_WW_VisionCrack3,WW9,smooth35,0.85,0.9007,2.509188729031359,2,14
6_transparent_WW_VisionCrack3,WW9,smooth35,0.9,1.0473,2.509188729031359,2,14
6_transparent_WW_VisionCrack3,WW9,smooth35,0.95,1.0468,2.509188729031359,2,14
6_transparent_WW_VisionCrack3,WW9,smooth35,1.0,1.1943,2.509188729031359,2,14
6_transparent_WW_VisionCrack3,WW9,smooth35,1.5,1.7932,2.509188729031359,2,14
6_transparent_WW_VisionCrack3,WW9,smooth35,2.0,2.2529,2.509188729031359,2,14
6_transparent_WW_VisionCrack3,WW9,smooth35,2.5,2.411,2.509188729031359,2,14
6_transparent_WW_VisionCrack3,WW9,band0.60,0.5,0.5608,2.509188729031359,2,14
6_transparent_WW_VisionCrack3,WW9,band0.60,0.55,0.6159,2.509188729031359,2,14
6_transparent_WW_VisionCrack3,WW9,band0.60,0.6,0.5595,2.509188729031359,2,14
6_transparent_WW_VisionCrack3,WW9,band0.60,0.65,0.5953,2.509188729031359,2,14
6_transparent_WW_VisionCrack3,WW9,band0.60,0.7,0.6458,2.509188729031359,2,14
6_transparent_WW_VisionCrack3,WW9,band0.60,0.75,0.6915,2.509188729031359,2,14
6_transparent_WW_VisionCrack3,WW9,band0.60,0.8,0.802,2.509188729031359,2,14
6_transparent_WW_VisionCrack3,WW9,band0.60,0.85,0.8805,2.509188729031359,2,14
6_transparent_WW_VisionCrack3,WW9,band0.60,0.9,1.0099,2.509188729031359,2,14
6_transparent_WW_VisionCrack3,WW9,band0.60,0.95,0.9726,2.509188729031359,2,14
6_transparent_WW_VisionCrack3,WW9,band0.60,1.0,1.1914,2.509188729031359,2,14
6_transparent_WW_VisionCrack3,WW9,band0.60,1.5,1.7828,2.509188729031359,2,14
6_transparent_WW_VisionCrack3,WW9,band0.60,2.0,2.2075,2.509188729031359,2,14
6_transparent_WW_VisionCrack3,WW9,band0.60,2.5,2.3826,2.509188729031359,2,14
6_transparent_WW_VisionCrack3,WW9,win0.4,0.5,0.5608,2.509188729031359,2,14
6_transparent_WW_VisionCrack3,WW9,win0.4,0.55,0.6159,2.509188729031359,2,14
6_transparent_WW_VisionCrack3,WW9,win0.4,0.6,0.5592,2.509188729031359,2,14
6_transparent_WW_VisionCrack3,WW9,win0.4,0.65,0.5897,2.509188729031359,2,14
6_transparent_WW_VisionCrack3,WW9,win0.4,0.7,0.6413,2.509188729031359,2,14
6_transparent_WW_VisionCrack3,WW9,win0.4,0.75,0.6851,2.509188729031359,2,14
6_transparent_WW_VisionCrack3,WW9,win0.4,0.8,0.7862,2.509188729031359,2,14
6_transparent_WW_VisionCrack3,WW9,win0.4,0.85,0.8429,2.509188729031359,2,14
6_transparent_WW_VisionCrack3,WW9,win0.4,0.9,0.8982,2.509188729031359,2,14
6_transparent_WW_VisionCrack3,WW9,win0.4,0.95,0.9425,2.509188729031359,2,14
6_transparent_WW_VisionCrack3,WW9,win0.4,1.0,1.1587,2.509188729031359,2,14
6_transparent_WW_VisionCrack3,WW9,win0.4,1.5,1.7746,2.509188729031359,2,14
6_transparent_WW_VisionCrack3,WW9,win0.4,2.0,2.1782,2.509188729031359,2,14
6_transparent_WW_VisionCrack3,WW9,win0.4,2.5,2.3797,2.509188729031359,2,14
6_transparent_WW_VisionCrack3,WW9,win0.8,0.5,0.5608,2.509188729031359,2,14
6_transparent_WW_VisionCrack3,WW9,win0.8,0.55,0.6159,2.509188729031359,2,14
6_transparent_WW_VisionCrack3,WW9,win0.8,0.6,0.5635,2.509188729031359,2,14
6_transparent_WW_VisionCrack3,WW9,win0.8,0.65,0.6019,2.509188729031359,2,14
6_transparent_WW_VisionCrack3,WW9,win0.8,0.7,0.65,2.509188729031359,2,14
6_transparent_WW_VisionCrack3,WW9,win0.8,0.75,0.6926,2.509188729031359,2,14
6_transparent_WW_VisionCrack3,WW9,win0.8,0.8,0.8036,2.509188729031359,2,14
6_transparent_WW_VisionCrack3,WW9,win0.8,0.85,0.8658,2.509188729031359,2,14
6_transparent_WW_VisionCrack3,WW9,win0.8,0.9,0.9243,2.509188729031359,2,14
6_transparent_WW_VisionCrack3,WW9,win0.8,0.95,1.0659,2.509188729031359,2,14
6_transparent_WW_VisionCrack3,WW9,win0.8,1.0,1.1864,2.509188729031359,2,14
6_transparent_WW_VisionCrack3,WW9,win0.8,1.5,1.7768,2.509188729031359,2,14
6_transparent_WW_VisionCrack3,WW9,win0.8,2.0,2.207,2.509188729031359,2,14
6_transparent_WW_VisionCrack3,WW9,win0.8,2.5,2.3726,2.509188729031359,2,14
