folder,tag,variant,truth,est,sigma,subres,n
8_transparent_WO_VisionCrack3,WO1,full,0.5,0.5405,1.8347647298225087,0,14
8_transparent_WO_VisionCrack3,WO1,full,0.55,0.5728,1.8347647298225087,0,14
8_transparent_WO_VisionCrack3,WO1,full,0.6,0.6823,1.8347647298225087,0,14
8_transparent_WO_VisionCrack3,WO1,full,0.65,0.7209,1.8347647298225087,0,14
8_transparent_WO_VisionCrack3,WO1,full,0.7,0.7121,1.8347647298225087,0,14
8_transparent_WO_VisionCrack3,WO1,full,0.75,0.8359,1.8347647298225087,0,14
8_transparent_WO_VisionCrack3,WO1,full,0.8,0.8331,1.8347647298225087,0,14
8_transparent_WO_VisionCrack3,WO1,full,0.85,0.8978,1.8347647298225087,0,14
8_transparent_WO_VisionCrack3,WO1,full,0.9,0.9412,1.8347647298225087,0,14
8_transparent_WO_VisionCrack3,WO1,full,0.95,0.9428,1.8347647298225087,0,14
8_transparent_WO_VisionCrack3,WO1,full,1.0,0.9697,1.8347647298225087,0,14
8_transparent_WO_VisionCrack3,WO1,full,1.5,1.5438,1.8347647298225087,0,14
8_transparent_WO_VisionCrack3,WO1,full,2.0,1.9952,1.8347647298225087,0,14
8_transparent_WO_VisionCrack3,WO1,full,2.5,2.4337,1.8347647298225087,0,14
8_transparent_WO_VisionCrack3,WO1,no_masked_bg,0.5,0.5465,1.8347647298225087,0,14
8_transparent_WO_VisionCrack3,WO1,no_masked_bg,0.55,0.5947,1.8347647298225087,0,14
8_transparent_WO_VisionCrack3,WO1,no_masked_bg,0.6,0.7131,1.8347647298225087,0,14
8_transparent_WO_VisionCrack3,WO1,no_masked_bg,0.65,0.7703,1.8347647298225087,0,14
8_transparent_WO_VisionCrack3,WO1,no_masked_bg,0.7,0.7302,1.8347647298225087,0,14
8_transparent_WO_VisionCrack3,WO1,no_masked_bg,0.75,0.9474,1.8347647298225087,0,14
8_transparent_WO_VisionCrack3,WO1,no_masked_bg,0.8,0.8818,1.8347647298225087,0,14
8_transparent_WO_VisionCrack3,WO1,no_masked_bg,0.85,0.9635,1.8347647298225087,0,14
8_transparent_WO_VisionCrack3,WO1,no_masked_bg,0.9,1.0238,1.8347647298225087,0,14
8_transparent_WO_VisionCrack3,WO1,no_masked_bg,0.95,0.9827,1.8347647298225087,0,14
8_transparent_WO_VisionCrack3,WO1,no_masked_bg,1.0,0.9921,1.8347647298225087,0,14
8_transparent_WO_VisionCrack3,WO1,no_masked_bg,1.5,1.5856,1.8347647298225087,0,14
8_transparent_WO_VisionCrack3,WO1,no_masked_bg,2.0,2.3588,1.8347647298225087,0,14
8_transparent_WO_VisionCrack3,WO1,no_masked_bg,2.5,2.7327,1.8347647298225087,0,14
8_transparent_WO_VisionCrack3,WO1,lsf_sigma,0.5,0.5312,2.1368048096839574,0,14
8_transparent_WO_VisionCrack3,WO1,lsf_sigma,0.55,0.5664,2.1368048096839574,0,14
8_transparent_WO_VisionCrack3,WO1,lsf_sigma,0.6,0.6744,2.1368048096839574,0,14
8_transparent_WO_VisionCrack3,WO1,lsf_sigma,0.65,0.7201,2.1368048096839574,0,14
8_transparent_WO_VisionCrack3,WO1,lsf_sigma,0.7,0.7068,2.1368048096839574,0,14
8_transparent_WO_VisionCrack3,WO1,lsf_sigma,0.75,0.8641,2.1368048096839574,0,14
8_transparent_WO_VisionCrack3,WO1,lsf_sigma,0.8,0.8223,2.1368048096839574,0,14
8_transparent_WO_VisionCrack3,WO1,lsf_sigma,0.85,0.896,2.1368048096839574,0,14
8_transparent_WO_VisionCrack3,WO1,lsf_sigma,0.9,0.9633,2.1368048096839574,0,14
8_transparent_WO_VisionCrack3,WO1,lsf_sigma,0.95,0.938,2.1368048096839574,0,14
8_transparent_WO_VisionCrack3,WO1,lsf_sigma,1.0,0.9665,2.1368048096839574,0,14
8_transparent_WO_VisionCrack3,WO1,lsf_sigma,1.5,1.5506,2.1368048096839574,0,14
8_transparent_WO_VisionCrack3,WO1,lsf_sigma,2.0,2.0044,2.1368048096839574,0,14
8_transparent_WO_VisionCrack3,WO1,lsf_sigma,2.5,2.4478,2.1368048096839574,0,14
8_transparent_WO_VisionCrack3,WO1,no_deconv,0.5,0.5438,1.8347647298225087,0,14
8_transparent_WO_VisionCrack3,WO1,no_deconv,0.55,0.5742,1.8347647298225087,0,14
8_transparent_WO_VisionCrack3,WO1,no_deconv,0.6,0.6794,1.8347647298225087,0,14
8_transparent_WO_VisionCrack3,WO1,no_deconv,0.65,0.7171,1.8347647298225087,0,14
8_transparent_WO_VisionCrack3,WO1,no_deconv,0.7,0.7086,1.8347647298225087,0,14
8_transparent_WO_VisionCrack3,WO1,no_deconv,0.75,0.8302,1.8347647298225087,0,14
8_transparent_WO_VisionCrack3,WO1,no_deconv,0.8,0.8275,1.8347647298225087,0,14
8_transparent_WO_VisionCrack3,WO1,no_deconv,0.85,0.8915,1.8347647298225087,0,14
8_transparent_WO_VisionCrack3,WO1,no_deconv,0.9,0.9347,1.8347647298225087,0,14
8_transparent_WO_VisionCrack3,WO1,no_deconv,0.95,0.9364,1.8347647298225087,0,14
8_transparent_WO_VisionCrack3,WO1,no_deconv,1.0,0.9632,1.8347647298225087,0,14
8_transparent_WO_VisionCrack3,WO1,no_deconv,1.5,1.5433,1.8347647298225087,0,14
8_transparent_WO_VisionCrack3,WO1,no_deconv,2.0,2.0041,1.8347647298225087,0,14
8_transparent_WO_VisionCrack3,WO1,no_deconv,2.5,2.4532,1.8347647298225087,0,14
8_transparent_WO_VisionCrack3,WO1,rev3_window,0.5,0.5193,1.8347647298225087,0,14
8_transparent_WO_VisionCrack3,WO1,rev3_window,0.55,0.5882,1.8347647298225087,0,14
8_transparent_WO_VisionCrack3,WO1,rev3_window,0.6,0.6754,1.8347647298225087,0,14
8_transparent_WO_VisionCrack3,WO1,rev3_window,0.65,0.6871,1.8347647298225087,0,14
8_transparent_WO_VisionCrack3,WO1,rev3_window,0.7,0.7291,1.8347647298225087,0,14
8_transparent_WO_VisionCrack3,WO1,rev3_window,0.75,0.791,1.8347647298225087,0,14
8_transparent_WO_VisionCrack3,WO1,rev3_window,0.8,0.8347,1.8347647298225087,0,14
8_transparent_WO_VisionCrack3,WO1,rev3_window,0.85,0.8649,1.8347647298225087,0,14
8_transparent_WO_VisionCrack3,WO1,rev3_window,0.9,0.9162,1.8347647298225087,0,14
8_transparent_WO_VisionCrack3,WO1,rev3_window,0.95,0.9352,1.8347647298225087,0,14
8_transparent_WO_VisionCrack3,WO1,rev3_window,1.0,0.9711,1.8347647298225087,0,14
8_transparent_WO_VisionCrack3,WO1,rev3_window,1.5,1.5344,1.8347647298225087,0,14
8_transparent_WO_VisionCrack3,WO1,rev3_window,2.0,1.9812,1.8347647298225087,0,14
8_transparent_WO_VisionCrack3,WO1,rev3_window,2.5,2.408,1.8347647298225087,0,14
8_transparent_WO_VisionCrack3,WO1,margin1.0,0.5,0.5156,1.8347647298225087,0,14
8_transparent_WO_VisionCrack3,WO1,margin1.0,0.55,0.5614,1.8347647298225087,0,14
8_transparent_WO_VisionCrack3,WO1,margin1.0,0.6,0.6711,1.8347647298225087,0,14
8_transparent_WO_VisionCrack3,WO1,margin1.0,0.65,0.7058,1.8347647298225087,0,14
8_transparent_WO_VisionCrack3,WO1,margin1.0,0.7,0.7062,1.8347647298225087,0,14
8_transparent_WO_VisionCrack3,WO1,margin1.0,0.75,0.8081,1.8347647298225087,0,14
8_transparent_WO_VisionCrack3,WO1,margin1.0,0.8,0.8082,1.8347647298225087,0,14
8_transparent_WO_VisionCrack3,WO1,margin1.0,0.85,0.886,1.8347647298225087,0,14
8_transparent_WO_VisionCrack3,WO1,margin1.0,0.9,0.9192,1.8347647298225087,0,14
8_transparent_WO_VisionCrack3,WO1,margin1.0,0.95,0.9384,1.8347647298225087,0,14
8_transparent_WO_VisionCrack3,WO1,margin1.0,1.0,0.9672,1.8347647298225087,0,14
8_transparent_WO_VisionCrack3,WO1,margin1.0,1.5,1.5368,1.8347647298225087,0,14
8_transparent_WO_VisionCrack3,WO1,margin1.0,2.0,1.9911,1.8347647298225087,0,14
8_transparent_WO_VisionCrack3,WO1,margin1.0,2.5,2.431,1.8347647298225087,0,14
8_transparent_WO_VisionCrack3,WO1,margin2.0,0.5,0.5486,1.8347647298225087,0,14
8_transparent_WO_VisionCrack3,WO1,margin2.0,0.55,0.5823,1.8347647298225087,0,14
8_transparent_WO_VisionCrack3,WO1,margin2.0,0.6,0.6847,1.8347647298225087,0,14
8_transparent_WO_VisionCrack3,WO1,margin2.0,0.65,0.7387,1.8347647298225087,0,14
8_transparent_WO_VisionCrack3,WO1,margin2.0,0.7,0.7162,1.8347647298225087,0,14
8_transparent_WO_VisionCrack3,WO1,margin2.0,0.75,0.8833,1.8347647298225087,0,14
8_transparent_WO_VisionCrack3,WO1,margin2.0,0.8,0.8289,1.8347647298225087,0,14
8_transparent_WO_VisionCrack3,WO1,margin2.0,0.85,0.8978,1.8347647298225087,0,14
8_transparent_WO_VisionCrack3,WO1,margin2.0,0.9,0.9744,1.8347647298225087,0,14
8_transparent_WO_VisionCrack3,WO1,margin2.0,0.95,0.9467,1.8347647298225087,0,14
8_transparent_WO_VisionCrack3,WO1,margin2.0,1.0,0.9731,1.8347647298225087,0,14
8_transparent_WO_VisionCrack3,WO1,margin2.0,1.5,1.5517,1.8347647298225087,0,14
8_transparent_WO_VisionCrack3,WO1,margin2.0,2.0,2.0006,1.8347647298225087,0,14
8_transparent_WO_VisionCrack3,WO1,margin2.0,2.5,2.4409,1.8347647298225087,0,14
8_transparent_WO_VisionCrack3,WO1,smooth15,0.5,0.5293,1.8347647298225087,0,14
8_transparent_WO_VisionCrack3,WO1,smooth15,0.55,0.5708,1.8347647298225087,0,14
8_transparent_WO_VisionCrack3,WO1,smooth15,0.6,0.6839,1.8347647298225087,0,14
8_transparent_WO_VisionCrack3,WO1,smooth15,0.65,0.7126,1.8347647298225087,0,14
8_transparent_WO_VisionCrack3,WO1,smooth15,0.7,0.7064,1.8347647298225087,0,14
8_transparent_WO_VisionCrack3,WO1,smooth15,0.75,0.8089,1.8347647298225087,0,14
8_transparent_WO_VisionCrack3,WO1,smooth15,0.8,0.8303,1.8347647298225087,0,14
8_transparent_WO_VisionCrack3,WO1,smooth15,0.85,0.8927,1.8347647298225087,0,14
8_transparent_WO_VisionCrack3,WO1,smooth15,0.9,0.9302,1.8347647298225087,0,14
8_transparent_WO_VisionCrack3,WO1,smooth15,0.95,0.9424,1.8347647298225087,0,14
8_transparent_WO_VisionCrack3,WO1,smooth15,1.0,0.9696,1.8347647298225087,0,14
8_transparent_WO_VisionCrack3,WO1,smooth15,1.5,1.5387,1.8347647298225087,0,14
8_transparent_WO_VisionCrack3,WO1,smooth15,2.0,1.9825,1.8347647298225087,0,14
8_transparent_WO_VisionCrack3,WO1,smooth15,2.5,2.4207,1.8347647298225087,0,14
8_transparent_WO_VisionCrack3,WO1,smooth35,0.5,0.5379,1.8347647298225087,0,14
8_transparent_WO_VisionCrack3,WO1,smooth35,0.55,0.5772,1.8347647298225087,0,14
8_transparent_WO_VisionCrack3,WO1,smooth35,0.6,0.6805,1.8347647298225087,0,14
8_transparent_WO_VisionCrack3,WO1,smooth35,0.65,0.7156,1.8347647298225087,0,14
8_transparent_WO_VisionCrack3,WO1,smooth35,0.7,0.7125,1.8347647298225087,0,14
8_transparent_WO_VisionCrack3,WO1,smooth35,0.75,0.8368,1.8347647298225087,0,14
8_transparent_WO_VisionCrack3,WO1,smooth35,0.8,0.8281,1.8347647298225087,0,14
8_transparent_WO_VisionCrack3,WO1,smooth35,0.85,0.8998,1.8347647298225087,0,14
8_transparent_WO_VisionCrack3,WO1,smooth35,0.9,0.9517,1.8347647298225087,0,14
8_transparent_WO_VisionCrack3,WO1,smooth35,0.95,0.9509,1.8347647298225087,0,14
8_transparent_WO_VisionCrack3,WO1,smooth35,1.0,0.9728,1.8347647298225087,0,14
8_transparent_WO_VisionCrack3,WO1,smooth35,1.5,1.5542,1.8347647298225087,0,14
8_transparent_WO_VisionCrack3,WO1,smooth35,2.0,2.0135,1.8347647298225087,0,14
8_transparent_WO_VisionCrack3,WO1,smooth35,2.5,2.4524,1.8347647298225087,0,14
8_transparent_WO_VisionCrack3,WO1,band0.60,0.5,0.5405,1.8347647298225087,0,14
8_transparent_WO_VisionCrack3,WO1,band0.60,0.55,0.5728,1.8347647298225087,0,14
8_transparent_WO_VisionCrack3,WO1,band0.60,0.6,0.6823,1.8347647298225087,0,14
8_transparent_WO_VisionCrack3,WO1,band0.60,0.65,0.7209,1.8347647298225087,0,14
8_transparent_WO_VisionCrack3,WO1,band0.60,0.7,0.7121,1.8347647298225087,0,14
8_transparent_WO_VisionCrack3,WO1,band0.60,0.75,0.8359,1.8347647298225087,0,14
8_transparent_WO_VisionCrack3,WO1,band0.60,0.8,0.8331,1.8347647298225087,0,14
8_transparent_WO_VisionCrack3,WO1,band0.60,0.85,0.8978,1.8347647298225087,0,14
8_transparent_WO_VisionCrack3,WO1,band0.60,0.9,0.9412,1.8347647298225087,0,14
8_transparent_WO_VisionCrack3,WO1,band0.60,0.95,0.9428,1.8347647298225087,0,14
8_transparent_WO_VisionCrack3,WO1,band0.60,1.0,0.9697,1.8347647298225087,0,14
8_transparent_WO_VisionCrack3,WO1,band0.60,1.5,1.5438,1.8347647298225087,0,14
8_transparent_WO_VisionCrack3,WO1,band0.60,2.0,1.9952,1.8347647298225087,0,14
8_transparent_WO_VisionCrack3,WO1,band0.60,2.5,2.4337,1.8347647298225087,0,14
8_transparent_WO_VisionCrack3,WO1,win0.4,0.5,0.5268,1.8347647298225087,0,14
8_transparent_WO_VisionCrack3,WO1,win0.4,0.55,0.5655,1.8347647298225087,0,14
8_transparent_WO_VisionCrack3,WO1,win0.4,0.6,0.6663,1.8347647298225087,0,14
8_transparent_WO_VisionCrack3,WO1,win0.4,0.65,0.6915,1.8347647298225087,0,14
8_transparent_WO_VisionCrack3,WO1,win0.4,0.7,0.7147,1.8347647298225087,0,14
8_transparent_WO_VisionCrack3,WO1,win0.4,0.75,0.8032,1.8347647298225087,0,14
8_transparent_WO_VisionCrack3,WO1,win0.4,0.8,0.8207,1.8347647298225087,0,14
8_transparent_WO_VisionCrack3,WO1,win0.4,0.85,0.8971,1.8347647298225087,0,14
8_transparent_WO_VisionCrack3,WO1,win0.4,0.9,0.9232,1.8347647298225087,0,14
8_transparent_WO_VisionCrack3,WO1,win0.4,0.95,0.9077,1.8347647298225087,0,14
8_transparent_WO_VisionCrack3,WO1,win0.4,1.0,0.9631,1.8347647298225087,0,14
8_transparent_WO_VisionCrack3,WO1,win0.4,1.5,1.5211,1.8347647298225087,0,14
8_transparent_WO_VisionCrack3,WO1,win0.4,2.0,1.9828,1.8347647298225087,0,14
8_transparent_WO_VisionCrack3,WO1,win0.4,2.5,2.4335,1.8347647298225087,0,14
8_transparent_WO_VisionCrack3,WO1,win0.8,0.5,0.5368,1.8347647298225087,0,14
8_transparent_WO_VisionCrack3,WO1,win0.8,0.55,0.5756,1.8347647298225087,0,14
8_transparent_WO_VisionCrack3,WO1,win0.8,0.6,0.6907,1.8347647298225087,0,14
8_transparent_WO_VisionCrack3,WO1,win0.8,0.65,0.7228,1.8347647298225087,0,14
8_transparent_WO_VisionCrack3,WO1,win0.8,0.7,0.7185,1.8347647298225087,0,14
8_transparent_WO_VisionCrack3,WO1,win0.8,0.75,0.8107,1.8347647298225087,0,14
8_transparent_WO_VisionCrack3,WO1,win0.8,0.8,0.8279,1.8347647298225087,0,14
8_transparent_WO_VisionCrack3,WO1,win0.8,0.85,0.8915,1.8347647298225087,0,14
8_transparent_WO_VisionCrack3,WO1,win0.8,0.9,0.9334,1.8347647298225087,0,14
8_transparent_WO_VisionCrack3,WO1,win0.8,0.95,0.9487,1.8347647298225087,0,14
8_transparent_WO_VisionCrack3,WO1,win0.8,1.0,0.9798,1.8347647298225087,0,14
8_transparent_WO_VisionCrack3,WO1,win0.8,1.5,1.544,1.8347647298225087,0,14
8_transparent_WO_VisionCrack3,WO1,win0.8,2.0,1.9908,1.8347647298225087,0,14
8_transparent_WO_VisionCrack3,WO1,win0.8,2.5,2.4307,1.8347647298225087,0,14
8_transparent_WO_VisionCrack3,WO10,full,0.5,0.4845,1.8497595185225415,0,14
8_transparent_WO_VisionCrack3,WO10,full,0.55,0.5098,1.8497595185225415,0,14
8_transparent_WO_VisionCrack3,WO10,full,0.6,0.6162,1.8497595185225415,0,14
8_transparent_WO_VisionCrack3,WO10,full,0.65,0.6265,1.8497595185225415,0,14
8_transparent_WO_VisionCrack3,WO10,full,0.7,0.6729,1.8497595185225415,0,14
8_transparent_WO_VisionCrack3,WO10,full,0.75,0.7177,1.8497595185225415,0,14
8_transparent_WO_VisionCrack3,WO10,full,0.8,0.7632,1.8497595185225415,0,14
8_transparent_WO_VisionCrack3,WO10,full,0.85,0.8093,1.8497595185225415,0,14
8_transparent_WO_VisionCrack3,WO10,full,0.9,0.8601,1.8497595185225415,0,14
8_transparent_WO_VisionCrack3,WO10,full,0.95,0.9043,1.8497595185225415,0,14
8_transparent_WO_VisionCrack3,WO10,full,1.0,0.9307,1.8497595185225415,0,14
8_transparent_WO_VisionCrack3,WO10,full,1.5,1.5383,1.8497595185225415,0,14
8_transparent_WO_VisionCrack3,WO10,full,2.0,1.9842,1.8497595185225415,0,14
8_transparent_WO_VisionCrack3,WO10,full,2.5,2.4374,1.8497595185225415,0,14
8_transparent_WO_VisionCrack3,WO10,no_masked_bg,0.5,0.4973,1.8497595185225415,0,14
8_transparent_WO_VisionCrack3,WO10,no_masked_bg,0.55,0.5263,1.8497595185225415,0,14
8_transparent_WO_VisionCrack3,WO10,no_masked_bg,0.6,0.6313,1.8497595185225415,0,14
8_transparent_WO_VisionCrack3,WO10,no_masked_bg,0.65,0.6362,1.8497595185225415,0,14
8_transparent_WO_VisionCrack3,WO10,no_masked_bg,0.7,0.6861,1.8497595185225415,0,14
8_transparent_WO_VisionCrack3,WO10,no_masked_bg,0.75,0.7577,1.8497595185225415,0,14
8_transparent_WO_VisionCrack3,WO10,no_masked_bg,0.8,0.7813,1.8497595185225415,0,14
8_transparent_WO_VisionCrack3,WO10,no_masked_bg,0.85,0.8295,1.8497595185225415,0,14
8_transparent_WO_VisionCrack3,WO10,no_masked_bg,0.9,0.8765,1.8497595185225415,0,14
8_transparent_WO_VisionCrack3,WO10,no_masked_bg,0.95,0.9715,1.8497595185225415,0,14
8_transparent_WO_VisionCrack3,WO10,no_masked_bg,1.0,0.9627,1.8497595185225415,0,14
8_transparent_WO_VisionCrack3,WO10,no_masked_bg,1.5,1.5734,1.8497595185225415,0,14
8_transparent_WO_VisionCrack3,WO10,no_masked_bg,2.0,2.2365,1.8497595185225415,0,14
8_transparent_WO_VisionCrack3,WO10,no_masked_bg,2.5,2.6302,1.8497595185225415,0,14
8_transparent_WO_VisionCrack3,WO10,lsf_sigma,0.5,0.4723,2.013501791244855,0,14
8_transparent_WO_VisionCrack3,WO10,lsf_sigma,0.55,0.4983,2.013501791244855,0,14
8_transparent_WO_VisionCrack3,WO10,lsf_sigma,0.6,0.6069,2.013501791244855,0,14
8_transparent_WO_VisionCrack3,WO10,lsf_sigma,0.65,0.6174,2.013501791244855,0,14
8_transparent_WO_VisionCrack3,WO10,lsf_sigma,0.7,0.6645,2.013501791244855,0,14
8_transparent_WO_VisionCrack3,WO10,lsf_sigma,0.75,0.71,2.013501791244855,0,14
8_transparent_WO_VisionCrack3,WO10,lsf_sigma,0.8,0.7561,2.013501791244855,0,14
8_transparent_WO_VisionCrack3,WO10,lsf_sigma,0.85,0.8028,2.013501791244855,0,14
8_transparent_WO_VisionCrack3,WO10,lsf_sigma,0.9,0.8542,2.013501791244855,0,14
8_transparent_WO_VisionCrack3,WO10,lsf_sigma,0.95,0.8988,2.013501791244855,0,14
8_transparent_WO_VisionCrack3,WO10,lsf_sigma,1.0,0.9256,2.013501791244855,0,14
8_transparent_WO_VisionCrack3,WO10,lsf_sigma,1.5,1.5367,2.013501791244855,0,14
8_transparent_WO_VisionCrack3,WO10,lsf_sigma,2.0,1.9843,2.013501791244855,0,14
8_transparent_WO_VisionCrack3,WO10,lsf_sigma,2.5,2.4387,2.013501791244855,0,14
8_transparent_WO_VisionCrack3,WO10,no_deconv,0.5,0.5124,1.8497595185225415,0,14
8_transparent_WO_VisionCrack3,WO10,no_deconv,0.55,0.5353,1.8497595185225415,0,14
8_transparent_WO_VisionCrack3,WO10,no_deconv,0.6,0.6338,1.8497595185225415,0,14
8_transparent_WO_VisionCrack3,WO10,no_deconv,0.65,0.6435,1.8497595185225415,0,14
8_transparent_WO_VisionCrack3,WO10,no_deconv,0.7,0.6874,1.8497595185225415,0,14
8_transparent_WO_VisionCrack3,WO10,no_deconv,0.75,0.7301,1.8497595185225415,0,14
8_transparent_WO_VisionCrack3,WO10,no_deconv,0.8,0.7736,1.8497595185225415,0,14
8_transparent_WO_VisionCrack3,WO10,no_deconv,0.85,0.8181,1.8497595185225415,0,14
8_transparent_WO_VisionCrack3,WO10,no_deconv,0.9,0.8673,1.8497595185225415,0,14
8_transparent_WO_VisionCrack3,WO10,no_deconv,0.95,0.9103,1.8497595185225415,0,14
8_transparent_WO_VisionCrack3,WO10,no_deconv,1.0,0.9361,1.8497595185225415,0,14
8_transparent_WO_VisionCrack3,WO10,no_deconv,1.5,1.5406,1.8497595185225415,0,14
8_transparent_WO_VisionCrack3,WO10,no_deconv,2.0,1.9895,1.8497595185225415,0,14
8_transparent_WO_VisionCrack3,WO10,no_deconv,2.5,2.4475,1.8497595185225415,0,14
8_transparent_WO_VisionCrack3,WO10,rev3_window,0.5,0.4682,1.8497595185225415,0,14
8_transparent_WO_VisionCrack3,WO10,rev3_window,0.55,0.5236,1.8497595185225415,0,14
8_transparent_WO_VisionCrack3,WO10,rev3_window,0.6,0.6207,1.8497595185225415,0,14
8_transparent_WO_VisionCrack3,WO10,rev3_window,0.65,0.6283,1.8497595185225415,0,14
8_transparent_WO_VisionCrack3,WO10,rev3_window,0.7,0.6536,1.8497595185225415,0,14
8_transparent_WO_VisionCrack3,WO10,rev3_window,0.75,0.7328,1.8497595185225415,0,14
8_transparent_WO_VisionCrack3,WO10,rev3_window,0.8,0.7859,1.8497595185225415,0,14
8_transparent_WO_VisionCrack3,WO10,rev3_window,0.85,0.8352,1.8497595185225415,0,14
8_transparent_WO_VisionCrack3,WO10,rev3_window,0.9,0.8938,1.8497595185225415,0,14
8_transparent_WO_VisionCrack3,WO10,rev3_window,0.95,0.9172,1.8497595185225415,0,14
8_transparent_WO_VisionCrack3,WO10,rev3_window,1.0,0.9553,1.8497595185225415,0,14
8_transparent_WO_VisionCrack3,WO10,rev3_window,1.5,1.5201,1.8497595185225415,0,14
8_transparent_WO_VisionCrack3,WO10,rev3_window,2.0,1.9709,1.8497595185225415,0,14
8_transparent_WO_VisionCrack3,WO10,rev3_window,2.5,2.4052,1.8497595185225415,0,14
8_transparent_WO_VisionCrack3,WO10,margin1.0,0.5,0.4727,1.8497595185225415,0,14
8_transparent_WO_VisionCrack3,WO10,margin1.0,0.55,0.4983,1.8497595185225415,0,14
8_transparent_WO_VisionCrack3,WO10,margin1.0,0.6,0.6066,1.8497595185225415,0,14
8_transparent_WO_VisionCrack3,WO10,margin1.0,0.65,0.6179,1.8497595185225415,0,14
8_transparent_WO_VisionCrack3,WO10,margin1.0,0.7,0.66,1.8497595185225415,0,14
8_transparent_WO_VisionCrack3,WO10,margin1.0,0.75,0.7083,1.8497595185225415,0,14
8_transparent_WO_VisionCrack3,WO10,margin1.0,0.8,0.7614,1.8497595185225415,0,14
8_transparent_WO_VisionCrack3,WO10,margin1.0,0.85,0.8058,1.8497595185225415,0,14
8_transparent_WO_VisionCrack3,WO10,margin1.0,0.9,0.8582,1.8497595185225415,0,14
8_transparent_WO_VisionCrack3,WO10,margin1.0,0.95,0.9033,1.8497595185225415,0,14
8_transparent_WO_VisionCrack3,WO10,margin1.0,1.0,0.9275,1.8497595185225415,0,14
8_transparent_WO_VisionCrack3,WO10,margin1.0,1.5,1.5312,1.8497595185225415,0,14
8_transparent_WO_VisionCrack3,WO10,margin1.0,2.0,1.9814,1.8497595185225415,0,14
8_transparent_WO_VisionCrack3,WO10,margin1.0,2.5,2.4261,1.8497595185225415,0,14
8_transparent_WO_VisionCrack3,WO10,margin2.0,0.5,0.4908,1.8497595185225415,0,14
8_transparent_WO_VisionCrack3,WO10,margin2.0,0.55,0.5124,1.8497595185225415,0,14
8_transparent_WO_VisionCrack3,WO10,margin2.0,0.6,0.6183,1.8497595185225415,0,14
8_transparent_WO_VisionCrack3,WO10,margin2.0,0.65,0.6301,1.8497595185225415,0,14
8_transparent_WO_VisionCrack3,WO10,margin2.0,0.7,0.6815,1.8497595185225415,0,14
8_transparent_WO_VisionCrack3,WO10,margin2.0,0.75,0.7267,1.8497595185225415,0,14
8_transparent_WO_VisionCrack3,WO10,margin2.0,0.8,0.7665,1.8497595185225415,0,14
8_transparent_WO_VisionCrack3,WO10,margin2.0,0.85,0.813,1.8497595185225415,0,14
8_transparent_WO_VisionCrack3,WO10,margin2.0,0.9,0.86,1.8497595185225415,0,14
8_transparent_WO_VisionCrack3,WO10,margin2.0,0.95,0.9092,1.8497595185225415,0,14
8_transparent_WO_VisionCrack3,WO10,margin2.0,1.0,0.9314,1.8497595185225415,0,14
8_transparent_WO_VisionCrack3,WO10,margin2.0,1.5,1.5418,1.8497595185225415,0,14
8_transparent_WO_VisionCrack3,WO10,margin2.0,2.0,1.9886,1.8497595185225415,0,14
8_transparent_WO_VisionCrack3,WO10,margin2.0,2.5,2.4506,1.8497595185225415,0,14
8_transparent_WO_VisionCrack3,WO10,smooth15,0.5,0.4819,1.8497595185225415,0,14
8_transparent_WO_VisionCrack3,WO10,smooth15,0.55,0.5096,1.8497595185225415,0,14
8_transparent_WO_VisionCrack3,WO10,smooth15,0.6,0.6174,1.8497595185225415,0,14
8_transparent_WO_VisionCrack3,WO10,smooth15,0.65,0.6257,1.8497595185225415,0,14
8_transparent_WO_VisionCrack3,WO10,smooth15,0.7,0.673,1.8497595185225415,0,14
8_transparent_WO_VisionCrack3,WO10,smooth15,0.75,0.72,1.8497595185225415,0,14
8_transparent_WO_VisionCrack3,WO10,smooth15,0.8,0.7624,1.8497595185225415,0,14
8_transparent_WO_VisionCrack3,WO10,smooth15,0.85,0.8086,1.8497595185225415,0,14
8_transparent_WO_VisionCrack3,WO10,smooth15,0.9,0.8611,1.8497595185225415,0,14
8_transparent_WO_VisionCrack3,WO10,smooth15,0.95,0.9032,1.8497595185225415,0,14
8_transparent_WO_VisionCrack3,WO10,smooth15,1.0,0.9326,1.8497595185225415,0,14
8_transparent_WO_VisionCrack3,WO10,smooth15,1.5,1.5311,1.8497595185225415,0,14
8_transparent_WO_VisionCrack3,WO10,smooth15,2.0,1.9686,1.8497595185225415,0,14
8_transparent_WO_VisionCrack3,WO10,smooth15,2.5,2.4132,1.8497595185225415,0,14
8_transparent_WO_VisionCrack3,WO10,smooth35,0.5,0.4849,1.8497595185225415,0,14
8_transparent_WO_VisionCrack3,WO10,smooth35,0.55,0.5118,1.8497595185225415,0,14
8_transparent_WO_VisionCrack3,WO10,smooth35,0.6,0.6159,1.8497595185225415,0,14
8_transparent_WO_VisionCrack3,WO10,smooth35,0.65,0.6282,1.8497595185225415,0,14
8_transparent_WO_VisionCrack3,WO10,smooth35,0.7,0.6744,1.8497595185225415,0,14
8_transparent_WO_VisionCrack3,WO10,smooth35,0.75,0.7224,1.8497595185225415,0,14
8_transparent_WO_VisionCrack3,WO10,smooth35,0.8,0.7666,1.8497595185225415,0,14
8_transparent_WO_VisionCrack3,WO10,smooth35,0.85,0.817,1.8497595185225415,0,14
8_transparent_WO_VisionCrack3,WO10,smooth35,0.9,0.8678,1.8497595185225415,0,14
8_transparent_WO_VisionCrack3,WO10,smooth35,0.95,0.9115,1.8497595185225415,0,14
8_transparent_WO_VisionCrack3,WO10,smooth35,1.0,0.9336,1.8497595185225415,0,14
8_transparent_WO_VisionCrack3,WO10,smooth35,1.5,1.549,1.8497595185225415,0,14
8_transparent_WO_VisionCrack3,WO10,smooth35,2.0,2.0049,1.8497595185225415,0,14
8_transparent_WO_VisionCrack3,WO10,smooth35,2.5,2.4708,1.8497595185225415,0,14
8_transparent_WO_VisionCrack3,WO10,band0.60,0.5,0.4845,1.8497595185225415,0,14
8_transparent_WO_VisionCrack3,WO10,band0.60,0.55,0.5098,1.8497595185225415,0,14
8_transparent_WO_VisionCrack3,WO10,band0.60,0.6,0.6162,1.8497595185225415,0,14
8_transparent_WO_VisionCrack3,WO10,band0.60,0.65,0.6265,1.8497595185225415,0,14
8_transparent_WO_VisionCrack3,WO10,band0.60,0.7,0.6729,1.8497595185225415,0,14
8_transparent_WO_VisionCrack3,WO10,band0.60,0.75,0.7177,1.8497595185225415,0,14
8_transparent_WO_VisionCrack3,WO10,band0.60,0.8,0.7632,1.8497595185225415,0,14
8_transparent_WO_VisionCrack3,WO10,band0.60,0.85,0.8093,1.8497595185225415,0,14
8_transparent_WO_VisionCrack3,WO10,band0.60,0.9,0.8601,1.8497595185225415,0,14
8_transparent_WO_VisionCrack3,WO10,band0.60,0.95,0.9043,1.8497595185225415,0,14
8_transparent_WO_VisionCrack3,WO10,band0.60,1.0,0.9307,1.8497595185225415,0,14
8_transparent_WO_VisionCrack3,WO10,band0.60,1.5,1.5383,1.8497595185225415,0,14
8_transparent_WO_VisionCrack3,WO10,band0.60,2.0,1.9842,1.8497595185225415,0,14
8_transparent_WO_VisionCrack3,WO10,band0.60,2.5,2.4374,1.8497595185225415,0,14
8_transparent_WO_VisionCrack3,WO10,win0.4,0.5,0.473,1.8497595185225415,0,14
8_transparent_WO_VisionCrack3,WO10,win0.4,0.55,0.5079,1.8497595185225415,0,14
8_transparent_WO_VisionCrack3,WO10,win0.4,0.6,0.613,1.8497595185225415,0,14
8_transparent_WO_VisionCrack3,WO10,win0.4,0.65,0.6063,1.8497595185225415,0,14
8_transparent_WO_VisionCrack3,WO10,win0.4,0.7,0.6371,1.8497595185225415,0,14
8_transparent_WO_VisionCrack3,WO10,win0.4,0.75,0.7046,1.8497595185225415,0,14
8_transparent_WO_VisionCrack3,WO10,win0.4,0.8,0.7563,1.8497595185225415,0,14
8_transparent_WO_VisionCrack3,WO10,win0.4,0.85,0.7982,1.8497595185225415,0,14
8_transparent_WO_VisionCrack3,WO10,win0.4,0.9,0.8569,1.8497595185225415,0,14
8_transparent_WO_VisionCrack3,WO10,win0.4,0.95,0.8879,1.8497595185225415,0,14
8_transparent_WO_VisionCrack3,WO10,win0.4,1.0,0.9275,1.8497595185225415,0,14
8_transparent_WO_VisionCrack3,WO10,win0.4,1.5,1.5116,1.8497595185225415,0,14
8_transparent_WO_VisionCrack3,WO10,win0.4,2.0,1.9585,1.8497595185225415,0,14
8_transparent_WO_VisionCrack3,WO10,win0.4,2.5,2.4374,1.8497595185225415,0,14
8_transparent_WO_VisionCrack3,WO10,win0.8,0.5,0.4762,1.8497595185225415,0,14
8_transparent_WO_VisionCrack3,WO10,win0.8,0.55,0.524,1.8497595185225415,0,14
8_transparent_WO_VisionCrack3,WO10,win0.8,0.6,0.6177,1.8497595185225415,0,14
8_transparent_WO_VisionCrack3,WO10,win0.8,0.65,0.6284,1.8497595185225415,0,14
8_transparent_WO_VisionCrack3,WO10,win0.8,0.7,0.6769,1.8497595185225415,0,14
8_transparent_WO_VisionCrack3,WO10,win0.8,0.75,0.7293,1.8497595185225415,0,14
8_transparent_WO_VisionCrack3,WO10,win0.8,0.8,0.7712,1.8497595185225415,0,14
8_transparent_WO_VisionCrack3,WO10,win0.8,0.85,0.8391,1.8497595185225415,0,14
8_transparent_WO_VisionCrack3,WO10,win0.8,0.9,0.8788,1.8497595185225415,0,14
8_transparent_WO_VisionCrack3,WO10,win0.8,0.95,0.9182,1.8497595185225415,0,14
8_transparent_WO_VisionCrack3,WO10,win0.8,1.0,0.9476,1.8497595185225415,0,14
8_transparent_WO_VisionCrack3,WO10,win0.8,1.5,1.5371,1.8497595185225415,0,14
8_transparent_WO_VisionCrack3,WO10,win0.8,2.0,1.981,1.8497595185225415,0,14
8_transparent_WO_VisionCrack3,WO10,win0.8,2.5,2.4295,1.8497595185225415,0,14
8_transparent_WO_VisionCrack3,WO2,full,0.5,0.4808,1.8653266743733377,0,14
8_transparent_WO_VisionCrack3,WO2,full,0.55,0.5501,1.8653266743733377,0,14
8_transparent_WO_VisionCrack3,WO2,full,0.6,0.6441,1.8653266743733377,0,14
8_transparent_WO_VisionCrack3,WO2,full,0.65,0.6573,1.8653266743733377,0,14
8_transparent_WO_VisionCrack3,WO2,full,0.7,0.6823,1.8653266743733377,0,14
8_transparent_WO_VisionCrack3,WO2,full,0.75,0.751,1.8653266743733377,0,14
8_transparent_WO_VisionCrack3,WO2,full,0.8,0.7727,1.8653266743733377,0,14
8_transparent_WO_VisionCrack3,WO2,full,0.85,0.837,1.8653266743733377,0,14
8_transparent_WO_VisionCrack3,WO2,full,0.9,0.8633,1.8653266743733377,0,14
8_transparent_WO_VisionCrack3,WO2,full,0.95,0.9244,1.8653266743733377,0,14
8_transparent_WO_VisionCrack3,WO2,full,1.0,0.9479,1.8653266743733377,0,14
8_transparent_WO_VisionCrack3,WO2,full,1.5,1.5431,1.8653266743733377,0,14
8_transparent_WO_VisionCrack3,WO2,full,2.0,1.9841,1.8653266743733377,0,14
8_transparent_WO_VisionCrack3,WO2,full,2.5,2.4494,1.8653266743733377,0,14
8_transparent_WO_VisionCrack3,WO2,no_masked_bg,0.5,0.4895,1.8653266743733377,0,14
8_transparent_WO_VisionCrack3,WO2,no_masked_bg,0.55,0.5672,1.8653266743733377,0,14
8_transparent_WO_VisionCrack3,WO2,no_masked_bg,0.6,0.6766,1.8653266743733377,0,14
8_transparent_WO_VisionCrack3,WO2,no_masked_bg,0.65,0.6727,1.8653266743733377,0,14
8_transparent_WO_VisionCrack3,WO2,no_masked_bg,0.7,0.7152,1.8653266743733377,0,14
8_transparent_WO_VisionCrack3,WO2,no_masked_bg,0.75,0.838,1.8653266743733377,0,14
8_transparent_WO_VisionCrack3,WO2,no_masked_bg,0.8,0.796,1.8653266743733377,0,14
8_transparent_WO_VisionCrack3,WO2,no_masked_bg,0.85,0.8715,1.8653266743733377,0,14
8_transparent_WO_VisionCrack3,WO2,no_masked_bg,0.9,0.8907,1.8653266743733377,0,14
8_transparent_WO_VisionCrack3,WO2,no_masked_bg,0.95,1.0074,1.8653266743733377,0,14
8_transparent_WO_VisionCrack3,WO2,no_masked_bg,1.0,0.9793,1.8653266743733377,0,14
8_transparent_WO_VisionCrack3,WO2,no_masked_bg,1.5,1.5774,1.8653266743733377,0,14
8_transparent_WO_VisionCrack3,WO2,no_masked_bg,2.0,2.1952,1.8653266743733377,0,14
8_transparent_WO_VisionCrack3,WO2,no_masked_bg,2.5,2.4708,1.8653266743733377,0,14
8_transparent_WO_VisionCrack3,WO2,lsf_sigma,0.5,0.4699,2.040816919006864,0,14
8_transparent_WO_VisionCrack3,WO2,lsf_sigma,0.55,0.541,2.040816919006864,0,14
8_transparent_WO_VisionCrack3,WO2,lsf_sigma,0.6,0.6371,2.040816919006864,0,14
8_transparent_WO_VisionCrack3,WO2,lsf_sigma,0.65,0.6506,2.040816919006864,0,14
8_transparent_WO_VisionCrack3,WO2,lsf_sigma,0.7,0.676,2.040816919006864,0,14
8_transparent_WO_VisionCrack3,WO2,lsf_sigma,0.75,0.7459,2.040816919006864,0,14
8_transparent_WO_VisionCrack3,WO2,lsf_sigma,0.8,0.768,2.040816919006864,0,14
8_transparent_WO_VisionCrack3,WO2,lsf_sigma,0.85,0.8333,2.040816919006864,0,14
8_transparent_WO_VisionCrack3,WO2,lsf_sigma,0.9,0.86,2.040816919006864,0,14
8_transparent_WO_VisionCrack3,WO2,lsf_sigma,0.95,0.9218,2.040816919006864,0,14
8_transparent_WO_VisionCrack3,WO2,lsf_sigma,1.0,0.9457,2.040816919006864,0,14
8_transparent_WO_VisionCrack3,WO2,lsf_sigma,1.5,1.5462,2.040816919006864,0,14
8_transparent_WO_VisionCrack3,WO2,lsf_sigma,2.0,1.9901,2.040816919006864,0,14
8_transparent_WO_VisionCrack3,WO2,lsf_sigma,2.5,2.4581,2.040816919006864,0,14
8_transparent_WO_VisionCrack3,WO2,no_deconv,0.5,0.492,1.8653266743733377,0,14
8_transparent_WO_VisionCrack3,WO2,no_deconv,0.55,0.5564,1.8653266743733377,0,14
8_transparent_WO_VisionCrack3,WO2,no_deconv,0.6,0.6452,1.8653266743733377,0,14
8_transparent_WO_VisionCrack3,WO2,no_deconv,0.65,0.6579,1.8653266743733377,0,14
8_transparent_WO_VisionCrack3,WO2,no_deconv,0.7,0.682,1.8653266743733377,0,14
8_transparent_WO_VisionCrack3,WO2,no_deconv,0.75,0.7485,1.8653266743733377,0,14
8_transparent_WO_VisionCrack3,WO2,no_deconv,0.8,0.7696,1.8653266743733377,0,14
8_transparent_WO_VisionCrack3,WO2,no_deconv,0.85,0.8325,1.8653266743733377,0,14
8_transparent_WO_VisionCrack3,WO2,no_deconv,0.9,0.8584,1.8653266743733377,0,14
8_transparent_WO_VisionCrack3,WO2,no_deconv,0.95,0.9187,1.8653266743733377,0,14
8_transparent_WO_VisionCrack3,WO2,no_deconv,1.0,0.9421,1.8653266743733377,0,14
8_transparent_WO_VisionCrack3,WO2,no_deconv,1.5,1.5408,1.8653266743733377,0,14
8_transparent_WO_VisionCrack3,WO2,no_deconv,2.0,1.9893,1.8653266743733377,0,14
8_transparent_WO_VisionCrack3,WO2,no_deconv,2.5,2.4639,1.8653266743733377,0,14
8_transparent_WO_VisionCrack3,WO2,rev3_window,0.5,0.4836,1.8653266743733377,0,14
8_transparent_WO_VisionCrack3,WO2,rev3_window,0.55,0.5473,1.8653266743733377,0,14
8_transparent_WO_VisionCrack3,WO2,rev3_window,0.6,0.6464,1.8653266743733377,0,14
8_transparent_WO_VisionCrack3,WO2,rev3_window,0.65,0.6347,1.8653266743733377,0,14
8_transparent_WO_VisionCrack3,WO2,rev3_window,0.7,0.6665,1.8653266743733377,0,14
8_transparent_WO_VisionCrack3,WO2,rev3_window,0.75,0.7384,1.8653266743733377,0,14
8_transparent_WO_VisionCrack3,WO2,rev3_window,0.8,0.7905,1.8653266743733377,0,14
8_transparent_WO_VisionCrack3,WO2,rev3_window,0.85,0.851,1.8653266743733377,0,14
8_transparent_WO_VisionCrack3,WO2,rev3_window,0.9,0.8828,1.8653266743733377,0,14
8_transparent_WO_VisionCrack3,WO2,rev3_window,0.95,0.9284,1.8653266743733377,0,14
8_transparent_WO_VisionCrack3,WO2,rev3_window,1.0,0.9631,1.8653266743733377,0,14
8_transparent_WO_VisionCrack3,WO2,rev3_window,1.5,1.5317,1.8653266743733377,0,14
8_transparent_WO_VisionCrack3,WO2,rev3_window,2.0,1.9671,1.8653266743733377,0,14
8_transparent_WO_VisionCrack3,WO2,rev3_window,2.5,2.4263,1.8653266743733377,0,14
8_transparent_WO_VisionCrack3,WO2,margin1.0,0.5,0.4628,1.8653266743733377,0,14
8_transparent_WO_VisionCrack3,WO2,margin1.0,0.55,0.5409,1.8653266743733377,0,14
8_transparent_WO_VisionCrack3,WO2,margin1.0,0.6,0.6363,1.8653266743733377,0,14
8_transparent_WO_VisionCrack3,WO2,margin1.0,0.65,0.6423,1.8653266743733377,0,14
8_transparent_WO_VisionCrack3,WO2,margin1.0,0.7,0.6783,1.8653266743733377,0,14
8_transparent_WO_VisionCrack3,WO2,margin1.0,0.75,0.7305,1.8653266743733377,0,14
8_transparent_WO_VisionCrack3,WO2,margin1.0,0.8,0.7684,1.8653266743733377,0,14
8_transparent_WO_VisionCrack3,WO2,margin1.0,0.85,0.8307,1.8653266743733377,0,14
8_transparent_WO_VisionCrack3,WO2,margin1.0,0.9,0.8613,1.8653266743733377,0,14
8_transparent_WO_VisionCrack3,WO2,margin1.0,0.95,0.9139,1.8653266743733377,0,14
8_transparent_WO_VisionCrack3,WO2,margin1.0,1.0,0.9456,1.8653266743733377,0,14
8_transparent_WO_VisionCrack3,WO2,margin1.0,1.5,1.5388,1.8653266743733377,0,14
8_transparent_WO_VisionCrack3,WO2,margin1.0,2.0,1.9818,1.8653266743733377,0,14
8_transparent_WO_VisionCrack3,WO2,margin1.0,2.5,2.4196,1.8653266743733377,0,14
8_transparent_WO_VisionCrack3,WO2,margin2.0,0.5,0.4836,1.8653266743733377,0,14
8_transparent_WO_VisionCrack3,WO2,margin2.0,0.55,0.5551,1.8653266743733377,0,14
8_transparent_WO_VisionCrack3,WO2,margin2.0,0.6,0.6381,1.8653266743733377,0,14
8_transparent_WO_VisionCrack3,WO2,margin2.0,0.65,0.6612,1.8653266743733377,0,14
8_transparent_WO_VisionCrack3,WO2,margin2.0,0.7,0.7028,1.8653266743733377,0,14
8_transparent_WO_VisionCrack3,WO2,margin2.0,0.75,0.7539,1.8653266743733377,0,14
8_transparent_WO_VisionCrack3,WO2,margin2.0,0.8,0.7788,1.8653266743733377,0,14
8_transparent_WO_VisionCrack3,WO2,margin2.0,0.85,0.8416,1.8653266743733377,0,14
8_transparent_WO_VisionCrack3,WO2,margin2.0,0.9,0.8643,1.8653266743733377,0,14
8_transparent_WO_VisionCrack3,WO2,margin2.0,0.95,0.9312,1.8653266743733377,0,14
8_transparent_WO_VisionCrack3,WO2,margin2.0,1.0,0.95,1.8653266743733377,0,14
8_transparent_WO_VisionCrack3,WO2,margin2.0,1.5,1.5445,1.8653266743733377,0,14
8_transparent_WO_VisionCrack3,WO2,margin2.0,2.0,1.9917,1.8653266743733377,0,14
8_transparent_WO_VisionCrack3,WO2,margin2.0,2.5,2.4524,1.8653266743733377,0,14
8_transparent_WO_VisionCrack3,WO2,smooth15,0.5,0.4765,1.8653266743733377,0,14
8_transparent_WO_VisionCrack3,WO2,smooth15,0.55,0.5489,1.8653266743733377,0,14
8_transparent_WO_VisionCrack3,WO2,smooth15,0.6,0.6448,1.8653266743733377,0,14
8_transparent_WO_VisionCrack3,WO2,smooth15,0.65,0.656,1.8653266743733377,0,14
8_transparent_WO_VisionCrack3,WO2,smooth15,0.7,0.6786,1.8653266743733377,0,14
8_transparent_WO_VisionCrack3,WO2,smooth15,0.75,0.7482,1.8653266743733377,0,14
8_transparent_WO_VisionCrack3,WO2,smooth15,0.8,0.7705,1.8653266743733377,0,14
8_transparent_WO_VisionCrack3,WO2,smooth15,0.85,0.8382,1.8653266743733377,0,14
8_transparent_WO_VisionCrack3,WO2,smooth15,0.9,0.8626,1.8653266743733377,0,14
8_transparent_WO_VisionCrack3,WO2,smooth15,0.95,0.9262,1.8653266743733377,0,14
8_transparent_WO_VisionCrack3,WO2,smooth15,1.0,0.9504,1.8653266743733377,0,14
8_transparent_WO_VisionCrack3,WO2,smooth15,1.5,1.539,1.8653266743733377,0,14
8_transparent_WO_VisionCrack3,WO2,smooth15,2.0,1.9691,1.8653266743733377,0,14
8_transparent_WO_VisionCrack3,WO2,smooth15,2.5,2.4262,1.8653266743733377,0,14
8_transparent_WO_VisionCrack3,WO2,smooth35,0.5,0.4821,1.8653266743733377,0,14
8_transparent_WO_VisionCrack3,WO2,smooth35,0.55,0.5536,1.8653266743733377,0,14
8_transparent_WO_VisionCrack3,WO2,smooth35,0.6,0.6445,1.8653266743733377,0,14
8_transparent_WO_VisionCrack3,WO2,smooth35,0.65,0.6547,1.8653266743733377,0,14
8_transparent_WO_VisionCrack3,WO2,smooth35,0.7,0.6949,1.8653266743733377,0,14
8_transparent_WO_VisionCrack3,WO2,smooth35,0.75,0.7508,1.8653266743733377,0,14
8_transparent_WO_VisionCrack3,WO2,smooth35,0.8,0.7777,1.8653266743733377,0,14
8_transparent_WO_VisionCrack3,WO2,smooth35,0.85,0.8427,1.8653266743733377,0,14
8_transparent_WO_VisionCrack3,WO2,smooth35,0.9,0.8706,1.8653266743733377,0,14
8_transparent_WO_VisionCrack3,WO2,smooth35,0.95,0.9304,1.8653266743733377,0,14
8_transparent_WO_VisionCrack3,WO2,smooth35,1.0,0.9505,1.8653266743733377,0,14
8_transparent_WO_VisionCrack3,WO2,smooth35,1.5,1.554,1.8653266743733377,0,14
8_transparent_WO_VisionCrack3,WO2,smooth35,2.0,2.0098,1.8653266743733377,0,14
8_transparent_WO_VisionCrack3,WO2,smooth35,2.5,2.4805,1.8653266743733377,0,14
8_transparent_WO_VisionCrack3,WO2,band0.60,0.5,0.4808,1.8653266743733377,0,14
8_transparent_WO_VisionCrack3,WO2,band0.60,0.55,0.5501,1.8653266743733377,0,14
8_transparent_WO_VisionCrack3,WO2,band0.60,0.6,0.6441,1.8653266743733377,0,14
8_transparent_WO_VisionCrack3,WO2,band0.60,0.65,0.6573,1.8653266743733377,0,14
8_transparent_WO_VisionCrack3,WO2,band0.60,0.7,0.6823,1.8653266743733377,0,14
8_transparent_WO_VisionCrack3,WO2,band0.60,0.75,0.751,1.8653266743733377,0,14
8_transparent_WO_VisionCrack3,WO2,band0.60,0.8,0.7727,1.8653266743733377,0,14
8_transparent_WO_VisionCrack3,WO2,band0.60,0.85,0.837,1.8653266743733377,0,14
8_transparent_WO_VisionCrack3,WO2,band0.60,0.9,0.8633,1.8653266743733377,0,14
8_transparent_WO_VisionCrack3,WO2,band0.60,0.95,0.9244,1.8653266743733377,0,14
8_transparent_WO_VisionCrack3,WO2,band0.60,1.0,0.9479,1.8653266743733377,0,14
8_transparent_WO_VisionCrack3,WO2,band0.60,1.5,1.5431,1.8653266743733377,0,14
8_transparent_WO_VisionCrack3,WO2,band0.60,2.0,1.9841,1.8653266743733377,0,14
8_transparent_WO_VisionCrack3,WO2,band0.60,2.5,2.4494,1.8653266743733377,0,14
8_transparent_WO_VisionCrack3,WO2,win0.4,0.5,0.4691,1.8653266743733377,0,14
8_transparent_WO_VisionCrack3,WO2,win0.4,0.55,0.541,1.8653266743733377,0,14
8_transparent_WO_VisionCrack3,WO2,win0.4,0.6,0.6299,1.8653266743733377,0,14
8_transparent_WO_VisionCrack3,WO2,win0.4,0.65,0.6497,1.8653266743733377,0,14
8_transparent_WO_VisionCrack3,WO2,win0.4,0.7,0.665,1.8653266743733377,0,14
8_transparent_WO_VisionCrack3,WO2,win0.4,0.75,0.7269,1.8653266743733377,0,14
8_transparent_WO_VisionCrack3,WO2,win0.4,0.8,0.7597,1.8653266743733377,0,14
8_transparent_WO_VisionCrack3,WO2,win0.4,0.85,0.8344,1.8653266743733377,0,14
8_transparent_WO_VisionCrack3,WO2,win0.4,0.9,0.8516,1.8653266743733377,0,14
8_transparent_WO_VisionCrack3,WO2,win0.4,0.95,0.908,1.8653266743733377,0,14
8_transparent_WO_VisionCrack3,WO2,win0.4,1.0,0.9437,1.8653266743733377,0,14
8_transparent_WO_VisionCrack3,WO2,win0.4,1.5,1.5159,1.8653266743733377,0,14
8_transparent_WO_VisionCrack3,WO2,win0.4,2.0,1.9627,1.8653266743733377,0,14
8_transparent_WO_VisionCrack3,WO2,win0.4,2.5,2.4231,1.8653266743733377,0,14
8_transparent_WO_VisionCrack3,WO2,win0.8,0.5,0.5039,1.8653266743733377,0,14
8_transparent_WO_VisionCrack3,WO2,win0.8,0.55,0.5494,1.8653266743733377,0,14
8_transparent_WO_VisionCrack3,WO2,win0.8,0.6,0.6509,1.8653266743733377,0,14
8_transparent_WO_VisionCrack3,WO2,win0.8,0.65,0.6594,1.8653266743733377,0,14
8_transparent_WO_VisionCrack3,WO2,win0.8,0.7,0.7082,1.8653266743733377,0,14
8_transparent_WO_VisionCrack3,WO2,win0.8,0.75,0.7552,1.8653266743733377,0,14
8_transparent_WO_VisionCrack3,WO2,win0.8,0.8,0.7888,1.8653266743733377,0,14
8_transparent_WO_VisionCrack3,WO2,win0.8,0.85,0.8549,1.8653266743733377,0,14
8_transparent_WO_VisionCrack3,WO2,win0.8,0.9,0.8912,1.8653266743733377,0,14
8_transparent_WO_VisionCrack3,WO2,win0.8,0.95,0.9297,1.8653266743733377,0,14
8_transparent_WO_VisionCrack3,WO2,win0.8,1.0,0.9613,1.8653266743733377,0,14
8_transparent_WO_VisionCrack3,WO2,win0.8,1.5,1.5411,1.8653266743733377,0,14
8_transparent_WO_VisionCrack3,WO2,win0.8,2.0,1.9805,1.8653266743733377,0,14
8_transparent_WO_VisionCrack3,WO2,win0.8,2.5,2.4432,1.8653266743733377,0,14
8_transparent_WO_VisionCrack3,WO3,full,0.5,0.5066,1.698489383648902,0,14
8_transparent_WO_VisionCrack3,WO3,full,0.55,0.5322,1.698489383648902,0,14
8_transparent_WO_VisionCrack3,WO3,full,0.6,0.6281,1.698489383648902,0,14
8_transparent_WO_VisionCrack3,WO3,full,0.65,0.6414,1.698489383648902,0,14
8_transparent_WO_VisionCrack3,WO3,full,0.7,0.6608,1.698489383648902,0,14
8_transparent_WO_VisionCrack3,WO3,full,0.75,0.7534,1.698489383648902,0,14
8_transparent_WO_VisionCrack3,WO3,full,0.8,0.7674,1.698489383648902,0,14
8_transparent_WO_VisionCrack3,WO3,full,0.85,0.8156,1.698489383648902,0,14
8_transparent_WO_VisionCrack3,WO3,full,0.9,0.8701,1.698489383648902,0,14
8_transparent_WO_VisionCrack3,WO3,full,0.95,0.9342,1.698489383648902,0,14
8_transparent_WO_VisionCrack3,WO3,full,1.0,0.952,1.698489383648902,0,14
8_transparent_WO_VisionCrack3,WO3,full,1.5,1.542,1.698489383648902,0,14
8_transparent_WO_VisionCrack3,WO3,full,2.0,1.99,1.698489383648902,0,14
8_transparent_WO_VisionCrack3,WO3,full,2.5,2.4367,1.698489383648902,0,14
8_transparent_WO_VisionCrack3,WO3,no_masked_bg,0.5,0.5207,1.698489383648902,0,14
8_transparent_WO_VisionCrack3,WO3,no_masked_bg,0.55,0.546,1.698489383648902,0,14
8_transparent_WO_VisionCrack3,WO3,no_masked_bg,0.6,0.6442,1.698489383648902,0,14
8_transparent_WO_VisionCrack3,WO3,no_masked_bg,0.65,0.6528,1.698489383648902,0,14
8_transparent_WO_VisionCrack3,WO3,no_masked_bg,0.7,0.6816,1.698489383648902,0,14
8_transparent_WO_VisionCrack3,WO3,no_masked_bg,0.75,0.9194,1.698489383648902,0,14
8_transparent_WO_VisionCrack3,WO3,no_masked_bg,0.8,0.7877,1.698489383648902,0,14
8_transparent_WO_VisionCrack3,WO3,no_masked_bg,0.85,0.8285,1.698489383648902,0,14
8_transparent_WO_VisionCrack3,WO3,no_masked_bg,0.9,0.9001,1.698489383648902,0,14
8_transparent_WO_VisionCrack3,WO3,no_masked_bg,0.95,1.0122,1.698489383648902,0,14
8_transparent_WO_VisionCrack3,WO3,no_masked_bg,1.0,0.9837,1.698489383648902,0,14
8_transparent_WO_VisionCrack3,WO3,no_masked_bg,1.5,1.5704,1.698489383648902,0,14
8_transparent_WO_VisionCrack3,WO3,no_masked_bg,2.0,2.1777,1.698489383648902,0,14
8_transparent_WO_VisionCrack3,WO3,no_masked_bg,2.5,2.5729,1.698489383648902,0,14
8_transparent_WO_VisionCrack3,WO3,lsf_sigma,0.5,0.4946,1.9427494206196156,0,14
8_transparent_WO_VisionCrack3,WO3,lsf_sigma,0.55,0.5216,1.9427494206196156,0,14
8_transparent_WO_VisionCrack3,WO3,lsf_sigma,0.6,0.6174,1.9427494206196156,0,14
8_transparent_WO_VisionCrack3,WO3,lsf_sigma,0.65,0.6365,1.9427494206196156,0,14
8_transparent_WO_VisionCrack3,WO3,lsf_sigma,0.7,0.6557,1.9427494206196156,0,14
8_transparent_WO_VisionCrack3,WO3,lsf_sigma,0.75,0.7473,1.9427494206196156,0,14
8_transparent_WO_VisionCrack3,WO3,lsf_sigma,0.8,0.7621,1.9427494206196156,0,14
8_transparent_WO_VisionCrack3,WO3,lsf_sigma,0.85,0.8098,1.9427494206196156,0,14
8_transparent_WO_VisionCrack3,WO3,lsf_sigma,0.9,0.8649,1.9427494206196156,0,14
8_transparent_WO_VisionCrack3,WO3,lsf_sigma,0.95,0.9325,1.9427494206196156,0,14
8_transparent_WO_VisionCrack3,WO3,lsf_sigma,1.0,0.9505,1.9427494206196156,0,14
8_transparent_WO_VisionCrack3,WO3,lsf_sigma,1.5,1.5478,1.9427494206196156,0,14
8_transparent_WO_VisionCrack3,WO3,lsf_sigma,2.0,1.998,1.9427494206196156,0,14
8_transparent_WO_VisionCrack3,WO3,lsf_sigma,2.5,2.4489,1.9427494206196156,0,14
8_transparent_WO_VisionCrack3,WO3,no_deconv,0.5,0.5192,1.698489383648902,0,14
8_transparent_WO_VisionCrack3,WO3,no_deconv,0.55,0.5432,1.698489383648902,0,14
8_transparent_WO_VisionCrack3,WO3,no_deconv,0.6,0.6343,1.698489383648902,0,14
8_transparent_WO_VisionCrack3,WO3,no_deconv,0.65,0.6472,1.698489383648902,0,14
8_transparent_WO_VisionCrack3,WO3,no_deconv,0.7,0.666,1.698489383648902,0,14
8_transparent_WO_VisionCrack3,WO3,no_deconv,0.75,0.7561,1.698489383648902,0,14
8_transparent_WO_VisionCrack3,WO3,no_deconv,0.8,0.7697,1.698489383648902,0,14
8_transparent_WO_VisionCrack3,WO3,no_deconv,0.85,0.8171,1.698489383648902,0,14
8_transparent_WO_VisionCrack3,WO3,no_deconv,0.9,0.8709,1.698489383648902,0,14
8_transparent_WO_VisionCrack3,WO3,no_deconv,0.95,0.9344,1.698489383648902,0,14
8_transparent_WO_VisionCrack3,WO3,no_deconv,1.0,0.9522,1.698489383648902,0,14
8_transparent_WO_VisionCrack3,WO3,no_deconv,1.5,1.5458,1.698489383648902,0,14
8_transparent_WO_VisionCrack3,WO3,no_deconv,2.0,2.001,1.698489383648902,0,14
8_transparent_WO_VisionCrack3,WO3,no_deconv,2.5,2.4561,1.698489383648902,0,14
8_transparent_WO_VisionCrack3,WO3,rev3_window,0.5,0.4765,1.698489383648902,0,14
8_transparent_WO_VisionCrack3,WO3,rev3_window,0.55,0.5484,1.698489383648902,0,14
8_transparent_WO_VisionCrack3,WO3,rev3_window,0.6,0.6255,1.698489383648902,0,14
8_transparent_WO_VisionCrack3,WO3,rev3_window,0.65,0.6471,1.698489383648902,0,14
8_transparent_WO_VisionCrack3,WO3,rev3_window,0.7,0.6719,1.698489383648902,0,14
8_transparent_WO_VisionCrack3,WO3,rev3_window,0.75,0.7374,1.698489383648902,0,14
8_transparent_WO_VisionCrack3,WO3,rev3_window,0.8,0.7924,1.698489383648902,0,14
8_transparent_WO_VisionCrack3,WO3,rev3_window,0.85,0.844,1.698489383648902,0,14
8_transparent_WO_VisionCrack3,WO3,rev3_window,0.9,0.9103,1.698489383648902,0,14
8_transparent_WO_VisionCrack3,WO3,rev3_window,0.95,0.9213,1.698489383648902,0,14
8_transparent_WO_VisionCrack3,WO3,rev3_window,1.0,0.9689,1.698489383648902,0,14
8_transparent_WO_VisionCrack3,WO3,rev3_window,1.5,1.5286,1.698489383648902,0,14
8_transparent_WO_VisionCrack3,WO3,rev3_window,2.0,1.9748,1.698489383648902,0,14
8_transparent_WO_VisionCrack3,WO3,rev3_window,2.5,2.4144,1.698489383648902,0,14
8_transparent_WO_VisionCrack3,WO3,margin1.0,0.5,0.4927,1.698489383648902,0,14
8_transparent_WO_VisionCrack3,WO3,margin1.0,0.55,0.5248,1.698489383648902,0,14
8_transparent_WO_VisionCrack3,WO3,margin1.0,0.6,0.6201,1.698489383648902,0,14
8_transparent_WO_VisionCrack3,WO3,margin1.0,0.65,0.634,1.698489383648902,0,14
8_transparent_WO_VisionCrack3,WO3,margin1.0,0.7,0.6598,1.698489383648902,0,14
8_transparent_WO_VisionCrack3,WO3,margin1.0,0.75,0.7504,1.698489383648902,0,14
8_transparent_WO_VisionCrack3,WO3,margin1.0,0.8,0.7662,1.698489383648902,0,14
8_transparent_WO_VisionCrack3,WO3,margin1.0,0.85,0.8144,1.698489383648902,0,14
8_transparent_WO_VisionCrack3,WO3,margin1.0,0.9,0.8698,1.698489383648902,0,14
8_transparent_WO_VisionCrack3,WO3,margin1.0,0.95,0.9335,1.698489383648902,0,14
8_transparent_WO_VisionCrack3,WO3,margin1.0,1.0,0.9518,1.698489383648902,0,14
8_transparent_WO_VisionCrack3,WO3,margin1.0,1.5,1.5374,1.698489383648902,0,14
8_transparent_WO_VisionCrack3,WO3,margin1.0,2.0,1.9866,1.698489383648902,0,14
8_transparent_WO_VisionCrack3,WO3,margin1.0,2.5,2.4317,1.698489383648902,0,14
8_transparent_WO_VisionCrack3,WO3,margin2.0,0.5,0.5117,1.698489383648902,0,14
8_transparent_WO_VisionCrack3,WO3,margin2.0,0.55,0.5323,1.698489383648902,0,14
8_transparent_WO_VisionCrack3,WO3,margin2.0,0.6,0.6305,1.698489383648902,0,14
8_transparent_WO_VisionCrack3,WO3,margin2.0,0.65,0.6476,1.698489383648902,0,14
8_transparent_WO_VisionCrack3,WO3,margin2.0,0.7,0.671,1.698489383648902,0,14
8_transparent_WO_VisionCrack3,WO3,margin2.0,0.75,0.7587,1.698489383648902,0,14
8_transparent_WO_VisionCrack3,WO3,margin2.0,0.8,0.7709,1.698489383648902,0,14
8_transparent_WO_VisionCrack3,WO3,margin2.0,0.85,0.8164,1.698489383648902,0,14
8_transparent_WO_VisionCrack3,WO3,margin2.0,0.9,0.8709,1.698489383648902,0,14
8_transparent_WO_VisionCrack3,WO3,margin2.0,0.95,0.9386,1.698489383648902,0,14
8_transparent_WO_VisionCrack3,WO3,margin2.0,1.0,0.9548,1.698489383648902,0,14
8_transparent_WO_VisionCrack3,WO3,margin2.0,1.5,1.5426,1.698489383648902,0,14
8_transparent_WO_VisionCrack3,WO3,margin2.0,2.0,1.9925,1.698489383648902,0,14
8_transparent_WO_VisionCrack3,WO3,margin2.0,2.5,2.4449,1.698489383648902,0,14
8_transparent_WO_VisionCrack3,WO3,smooth15,0.5,0.503,1.698489383648902,0,14
8_transparent_WO_VisionCrack3,WO3,smooth15,0.55,0.5321,1.698489383648902,0,14
8_transparent_WO_VisionCrack3,WO3,smooth15,0.6,0.6285,1.698489383648902,0,14
8_transparent_WO_VisionCrack3,WO3,smooth15,0.65,0.6389,1.698489383648902,0,14
8_transparent_WO_VisionCrack3,WO3,smooth15,0.7,0.6572,1.698489383648902,0,14
8_transparent_WO_VisionCrack3,WO3,smooth15,0.75,0.7495,1.698489383648902,0,14
8_transparent_WO_VisionCrack3,WO3,smooth15,0.8,0.7665,1.698489383648902,0,14
8_transparent_WO_VisionCrack3,WO3,smooth15,0.85,0.8142,1.698489383648902,0,14
8_transparent_WO_VisionCrack3,WO3,smooth15,0.9,0.8705,1.698489383648902,0,14
8_transparent_WO_VisionCrack3,WO3,smooth15,0.95,0.9314,1.698489383648902,0,14
8_transparent_WO_VisionCrack3,WO3,smooth15,1.0,0.954,1.698489383648902,0,14
8_transparent_WO_VisionCrack3,WO3,smooth15,1.5,1.5358,1.698489383648902,0,14
8_transparent_WO_VisionCrack3,WO3,smooth15,2.0,1.9753,1.698489383648902,0,14
8_transparent_WO_VisionCrack3,WO3,smooth15,2.5,2.4175,1.698489383648902,0,14
8_transparent_WO_VisionCrack3,WO3,smooth35,0.5,0.5077,1.698489383648902,0,14
8_transparent_WO_VisionCrack3,WO3,smooth35,0.55,0.5343,1.698489383648902,0,14
8_transparent_WO_VisionCrack3,WO3,smooth35,0.6,0.6268,1.698489383648902,0,14
8_transparent_WO_VisionCrack3,WO3,smooth35,0.65,0.645,1.698489383648902,0,14
8_transparent_WO_VisionCrack3,WO3,smooth35,0.7,0.6657,1.698489383648902,0,14
8_transparent_WO_VisionCrack3,WO3,smooth35,0.75,0.7548,1.698489383648902,0,14
8_transparent_WO_VisionCrack3,WO3,smooth35,0.8,0.7719,1.698489383648902,0,14
8_transparent_WO_VisionCrack3,WO3,smooth35,0.85,0.8212,1.698489383648902,0,14
8_transparent_WO_VisionCrack3,WO3,smooth35,0.9,0.8791,1.698489383648902,0,14
8_transparent_WO_VisionCrack3,WO3,smooth35,0.95,0.9428,1.698489383648902,0,14
8_transparent_WO_VisionCrack3,WO3,smooth35,1.0,0.9564,1.698489383648902,0,14
8_transparent_WO_VisionCrack3,WO3,smooth35,1.5,1.5519,1.698489383648902,0,14
8_transparent_WO_VisionCrack3,WO3,smooth35,2.0,2.0113,1.698489383648902,0,14
8_transparent_WO_VisionCrack3,WO3,smooth35,2.5,2.4669,1.698489383648902,0,14
8_transparent_WO_VisionCrack3,WO3,band0.60,0.5,0.5066,1.698489383648902,0,14
8_transparent_WO_VisionCrack3,WO3,band0.60,0.55,0.5322,1.698489383648902,0,14
8_transparent_WO_VisionCrack3,WO3,band0.60,0.6,0.6281,1.698489383648902,0,14
8_transparent_WO_VisionCrack3,WO3,band0.60,0.65,0.6414,1.698489383648902,0,14
8_transparent_WO_VisionCrack3,WO3,band0.60,0.7,0.6608,1.698489383648902,0,14
8_transparent_WO_VisionCrack3,WO3,band0.60,0.75,0.7534,1.698489383648902,0,14
8_transparent_WO_VisionCrack3,WO3,band0.60,0.8,0.7674,1.698489383648902,0,14
8_transparent_WO_VisionCrack3,WO3,band0.60,0.85,0.8156,1.698489383648902,0,14
8_transparent_WO_VisionCrack3,WO3,band0.60,0.9,0.8701,1.698489383648902,0,14
8_transparent_WO_VisionCrack3,WO3,band0.60,0.95,0.9342,1.698489383648902,0,14
8_transparent_WO_VisionCrack3,WO3,band0.60,1.0,0.952,1.698489383648902,0,14
8_transparent_WO_VisionCrack3,WO3,band0.60,1.5,1.542,1.698489383648902,0,14
8_transparent_WO_VisionCrack3,WO3,band0.60,2.0,1.99,1.698489383648902,0,14
8_transparent_WO_VisionCrack3,WO3,band0.60,2.5,2.4367,1.698489383648902,0,14
8_transparent_WO_VisionCrack3,WO3,win0.4,0.5,0.4925,1.698489383648902,0,14
8_transparent_WO_VisionCrack3,WO3,win0.4,0.55,0.5356,1.698489383648902,0,14
8_transparent_WO_VisionCrack3,WO3,win0.4,0.6,0.6148,1.698489383648902,0,14
8_transparent_WO_VisionCrack3,WO3,win0.4,0.65,0.6132,1.698489383648902,0,14
8_transparent_WO_VisionCrack3,WO3,win0.4,0.7,0.639,1.698489383648902,0,14
8_transparent_WO_VisionCrack3,WO3,win0.4,0.75,0.7376,1.698489383648902,0,14
8_transparent_WO_VisionCrack3,WO3,win0.4,0.8,0.762,1.698489383648902,0,14
8_transparent_WO_VisionCrack3,WO3,win0.4,0.85,0.8127,1.698489383648902,0,14
8_transparent_WO_VisionCrack3,WO3,win0.4,0.9,0.8701,1.698489383648902,0,14
8_transparent_WO_VisionCrack3,WO3,win0.4,0.95,0.9026,1.698489383648902,0,14
8_transparent_WO_VisionCrack3,WO3,win0.4,1.0,0.9532,1.698489383648902,0,14
8_transparent_WO_VisionCrack3,WO3,win0.4,1.5,1.5129,1.698489383648902,0,14
8_transparent_WO_VisionCrack3,WO3,win0.4,2.0,1.9605,1.698489383648902,0,14
8_transparent_WO_VisionCrack3,WO3,win0.4,2.5,2.4447,1.698489383648902,0,14
8_transparent_WO_VisionCrack3,WO3,win0.8,0.5,0.5067,1.698489383648902,0,14
8_transparent_WO_VisionCrack3,WO3,win0.8,0.55,0.5507,1.698489383648902,0,14
8_transparent_WO_VisionCrack3,WO3,win0.8,0.6,0.6328,1.698489383648902,0,14
8_transparent_WO_VisionCrack3,WO3,win0.8,0.65,0.6412,1.698489383648902,0,14
8_transparent_WO_VisionCrack3,WO3,win0.8,0.7,0.678,1.698489383648902,0,14
8_transparent_WO_VisionCrack3,WO3,win0.8,0.75,0.7449,1.698489383648902,0,14
8_transparent_WO_VisionCrack3,WO3,win0.8,0.8,0.7743,1.698489383648902,0,14
8_transparent_WO_VisionCrack3,WO3,win0.8,0.85,0.8284,1.698489383648902,0,14
8_transparent_WO_VisionCrack3,WO3,win0.8,0.9,0.9044,1.698489383648902,0,14
8_transparent_WO_VisionCrack3,WO3,win0.8,0.95,0.9286,1.698489383648902,0,14
8_transparent_WO_VisionCrack3,WO3,win0.8,1.0,0.9633,1.698489383648902,0,14
8_transparent_WO_VisionCrack3,WO3,win0.8,1.5,1.5403,1.698489383648902,0,14
8_transparent_WO_VisionCrack3,WO3,win0.8,2.0,1.9799,1.698489383648902,0,14
8_transparent_WO_VisionCrack3,WO3,win0.8,2.5,2.4318,1.698489383648902,0,14
8_transparent_WO_VisionCrack3,WO4,full,0.5,0.4637,1.788071612032176,0,14
8_transparent_WO_VisionCrack3,WO4,full,0.55,0.5227,1.788071612032176,0,14
8_transparent_WO_VisionCrack3,WO4,full,0.6,0.6144,1.788071612032176,0,14
8_transparent_WO_VisionCrack3,WO4,full,0.65,0.637,1.788071612032176,0,14
8_transparent_WO_VisionCrack3,WO4,full,0.7,0.686,1.788071612032176,0,14
8_transparent_WO_VisionCrack3,WO4,full,0.75,0.7089,1.788071612032176,0,14
8_transparent_WO_VisionCrack3,WO4,full,0.8,0.7782,1.788071612032176,0,14
8_transparent_WO_VisionCrack3,WO4,full,0.85,0.8229,1.788071612032176,0,14
8_transparent_WO_VisionCrack3,WO4,full,0.9,0.8705,1.788071612032176,0,14
8_transparent_WO_VisionCrack3,WO4,full,0.95,0.9297,1.788071612032176,0,14
8_transparent_WO_VisionCrack3,WO4,full,1.0,0.9483,1.788071612032176,0,14
8_transparent_WO_VisionCrack3,WO4,full,1.5,1.5506,1.788071612032176,0,14
8_transparent_WO_VisionCrack3,WO4,full,2.0,1.9975,1.788071612032176,0,14
8_transparent_WO_VisionCrack3,WO4,full,2.5,2.4629,1.788071612032176,0,14
8_transparent_WO_VisionCrack3,WO4,no_masked_bg,0.5,0.4794,1.788071612032176,0,14
8_transparent_WO_VisionCrack3,WO4,no_masked_bg,0.55,0.538,1.788071612032176,0,14
8_transparent_WO_VisionCrack3,WO4,no_masked_bg,0.6,0.6307,1.788071612032176,0,14
8_transparent_WO_VisionCrack3,WO4,no_masked_bg,0.65,0.6454,1.788071612032176,0,14
8_transparent_WO_VisionCrack3,WO4,no_masked_bg,0.7,0.6991,1.788071612032176,0,14
8_transparent_WO_VisionCrack3,WO4,no_masked_bg,0.75,0.7377,1.788071612032176,0,14
8_transparent_WO_VisionCrack3,WO4,no_masked_bg,0.8,0.7974,1.788071612032176,0,14
8_transparent_WO_VisionCrack3,WO4,no_masked_bg,0.85,0.8419,1.788071612032176,0,14
8_transparent_WO_VisionCrack3,WO4,no_masked_bg,0.9,0.8873,1.788071612032176,0,14
8_transparent_WO_VisionCrack3,WO4,no_masked_bg,0.95,0.9942,1.788071612032176,0,14
8_transparent_WO_VisionCrack3,WO4,no_masked_bg,1.0,0.9803,1.788071612032176,0,14
8_transparent_WO_VisionCrack3,WO4,no_masked_bg,1.5,1.5787,1.788071612032176,0,14
8_transparent_WO_VisionCrack3,WO4,no_masked_bg,2.0,2.33,1.788071612032176,0,14
8_transparent_WO_VisionCrack3,WO4,no_masked_bg,2.5,2.5291,1.788071612032176,0,14
8_transparent_WO_VisionCrack3,WO4,lsf_sigma,0.5,0.4691,1.86756470814456,0,14
8_transparent_WO_VisionCrack3,WO4,lsf_sigma,0.55,0.5203,1.86756470814456,0,14
8_transparent_WO_VisionCrack3,WO4,lsf_sigma,0.6,0.6147,1.86756470814456,0,14
8_transparent_WO_VisionCrack3,WO4,lsf_sigma,0.65,0.636,1.86756470814456,0,14
8_transparent_WO_VisionCrack3,WO4,lsf_sigma,0.7,0.6852,1.86756470814456,0,14
8_transparent_WO_VisionCrack3,WO4,lsf_sigma,0.75,0.7116,1.86756470814456,0,14
8_transparent_WO_VisionCrack3,WO4,lsf_sigma,0.8,0.7775,1.86756470814456,0,14
8_transparent_WO_VisionCrack3,WO4,lsf_sigma,0.85,0.8213,1.86756470814456,0,14
8_transparent_WO_VisionCrack3,WO4,lsf_sigma,0.9,0.8683,1.86756470814456,0,14
8_transparent_WO_VisionCrack3,WO4,lsf_sigma,0.95,0.9318,1.86756470814456,0,14
8_transparent_WO_VisionCrack3,WO4,lsf_sigma,1.0,0.9486,1.86756470814456,0,14
8_transparent_WO_VisionCrack3,WO4,lsf_sigma,1.5,1.5535,1.86756470814456,0,14
8_transparent_WO_VisionCrack3,WO4,lsf_sigma,2.0,2.0012,1.86756470814456,0,14
8_transparent_WO_VisionCrack3,WO4,lsf_sigma,2.5,2.4672,1.86756470814456,0,14
8_transparent_WO_VisionCrack3,WO4,no_deconv,0.5,0.4881,1.788071612032176,0,14
8_transparent_WO_VisionCrack3,WO4,no_deconv,0.55,0.5419,1.788071612032176,0,14
8_transparent_WO_VisionCrack3,WO4,no_deconv,0.6,0.6278,1.788071612032176,0,14
8_transparent_WO_VisionCrack3,WO4,no_deconv,0.65,0.6494,1.788071612032176,0,14
8_transparent_WO_VisionCrack3,WO4,no_deconv,0.7,0.6963,1.788071612032176,0,14
8_transparent_WO_VisionCrack3,WO4,no_deconv,0.75,0.7183,1.788071612032176,0,14
8_transparent_WO_VisionCrack3,WO4,no_deconv,0.8,0.7854,1.788071612032176,0,14
8_transparent_WO_VisionCrack3,WO4,no_deconv,0.85,0.8288,1.788071612032176,0,14
8_transparent_WO_VisionCrack3,WO4,no_deconv,0.9,0.8752,1.788071612032176,0,14
8_transparent_WO_VisionCrack3,WO4,no_deconv,0.95,0.9332,1.788071612032176,0,14
8_transparent_WO_VisionCrack3,WO4,no_deconv,1.0,0.9516,1.788071612032176,0,14
8_transparent_WO_VisionCrack3,WO4,no_deconv,1.5,1.5529,1.788071612032176,0,14
8_transparent_WO_VisionCrack3,WO4,no_deconv,2.0,2.0038,1.788071612032176,0,14
8_transparent_WO_VisionCrack3,WO4,no_deconv,2.5,2.475,1.788071612032176,0,14
8_transparent_WO_VisionCrack3,WO4,rev3_window,0.5,0.4654,1.788071612032176,0,14
8_transparent_WO_VisionCrack3,WO4,rev3_window,0.55,0.535,1.788071612032176,0,14
8_transparent_WO_VisionCrack3,WO4,rev3_window,0.6,0.6269,1.788071612032176,0,14
8_transparent_WO_VisionCrack3,WO4,rev3_window,0.65,0.6338,1.788071612032176,0,14
8_transparent_WO_VisionCrack3,WO4,rev3_window,0.7,0.6608,1.788071612032176,0,14
8_transparent_WO_VisionCrack3,WO4,rev3_window,0.75,0.7092,1.788071612032176,0,14
8_transparent_WO_VisionCrack3,WO4,rev3_window,0.8,0.7998,1.788071612032176,0,14
8_transparent_WO_VisionCrack3,WO4,rev3_window,0.85,0.8449,1.788071612032176,0,14
8_transparent_WO_VisionCrack3,WO4,rev3_window,0.9,0.9032,1.788071612032176,0,14
8_transparent_WO_VisionCrack3,WO4,rev3_window,0.95,0.9214,1.788071612032176,0,14
8_transparent_WO_VisionCrack3,WO4,rev3_window,1.0,0.9675,1.788071612032176,0,14
8_transparent_WO_VisionCrack3,WO4,rev3_window,1.5,1.5338,1.788071612032176,0,14
8_transparent_WO_VisionCrack3,WO4,rev3_window,2.0,1.9841,1.788071612032176,0,14
8_transparent_WO_VisionCrack3,WO4,rev3_window,2.5,2.4435,1.788071612032176,0,14
8_transparent_WO_VisionCrack3,WO4,margin1.0,0.5,0.4487,1.788071612032176,0,14
8_transparent_WO_VisionCrack3,WO4,margin1.0,0.55,0.5128,1.788071612032176,0,14
8_transparent_WO_VisionCrack3,WO4,margin1.0,0.6,0.61,1.788071612032176,0,14
8_transparent_WO_VisionCrack3,WO4,margin1.0,0.65,0.6252,1.788071612032176,0,14
8_transparent_WO_VisionCrack3,WO4,margin1.0,0.7,0.6647,1.788071612032176,0,14
8_transparent_WO_VisionCrack3,WO4,margin1.0,0.75,0.7084,1.788071612032176,0,14
8_transparent_WO_VisionCrack3,WO4,margin1.0,0.8,0.7754,1.788071612032176,0,14
8_transparent_WO_VisionCrack3,WO4,margin1.0,0.85,0.821,1.788071612032176,0,14
8_transparent_WO_VisionCrack3,WO4,margin1.0,0.9,0.8677,1.788071612032176,0,14
8_transparent_WO_VisionCrack3,WO4,margin1.0,0.95,0.9288,1.788071612032176,0,14
8_transparent_WO_VisionCrack3,WO4,margin1.0,1.0,0.9474,1.788071612032176,0,14
8_transparent_WO_VisionCrack3,WO4,margin1.0,1.5,1.5482,1.788071612032176,0,14
8_transparent_WO_VisionCrack3,WO4,margin1.0,2.0,1.9962,1.788071612032176,0,14
8_transparent_WO_VisionCrack3,WO4,margin1.0,2.5,2.4559,1.788071612032176,0,14
8_transparent_WO_VisionCrack3,WO4,margin2.0,0.5,0.475,1.788071612032176,0,14
8_transparent_WO_VisionCrack3,WO4,margin2.0,0.55,0.5247,1.788071612032176,0,14
8_transparent_WO_VisionCrack3,WO4,margin2.0,0.6,0.6176,1.788071612032176,0,14
8_transparent_WO_VisionCrack3,WO4,margin2.0,0.65,0.6407,1.788071612032176,0,14
8_transparent_WO_VisionCrack3,WO4,margin2.0,0.7,0.6889,1.788071612032176,0,14
8_transparent_WO_VisionCrack3,WO4,margin2.0,0.75,0.7209,1.788071612032176,0,14
8_transparent_WO_VisionCrack3,WO4,margin2.0,0.8,0.7803,1.788071612032176,0,14
8_transparent_WO_VisionCrack3,WO4,margin2.0,0.85,0.824,1.788071612032176,0,14
8_transparent_WO_VisionCrack3,WO4,margin2.0,0.9,0.8708,1.788071612032176,0,14
8_transparent_WO_VisionCrack3,WO4,margin2.0,0.95,0.9342,1.788071612032176,0,14
8_transparent_WO_VisionCrack3,WO4,margin2.0,1.0,0.9499,1.788071612032176,0,14
8_transparent_WO_VisionCrack3,WO4,margin2.0,1.5,1.5529,1.788071612032176,0,14
8_transparent_WO_VisionCrack3,WO4,margin2.0,2.0,1.999,1.788071612032176,0,14
8_transparent_WO_VisionCrack3,WO4,margin2.0,2.5,2.4649,1.788071612032176,0,14
8_transparent_WO_VisionCrack3,WO4,smooth15,0.5,0.4583,1.788071612032176,0,14
8_transparent_WO_VisionCrack3,WO4,smooth15,0.55,0.5213,1.788071612032176,0,14
8_transparent_WO_VisionCrack3,WO4,smooth15,0.6,0.6152,1.788071612032176,0,14
8_transparent_WO_VisionCrack3,WO4,smooth15,0.65,0.6323,1.788071612032176,0,14
8_transparent_WO_VisionCrack3,WO4,smooth15,0.7,0.6857,1.788071612032176,0,14
8_transparent_WO_VisionCrack3,WO4,smooth15,0.75,0.7093,1.788071612032176,0,14
8_transparent_WO_VisionCrack3,WO4,smooth15,0.8,0.7767,1.788071612032176,0,14
8_transparent_WO_VisionCrack3,WO4,smooth15,0.85,0.8214,1.788071612032176,0,14
8_transparent_WO_VisionCrack3,WO4,smooth15,0.9,0.8728,1.788071612032176,0,14
8_transparent_WO_VisionCrack3,WO4,smooth15,0.95,0.9278,1.788071612032176,0,14
8_transparent_WO_VisionCrack3,WO4,smooth15,1.0,0.9488,1.788071612032176,0,14
8_transparent_WO_VisionCrack3,WO4,smooth15,1.5,1.5451,1.788071612032176,0,14
8_transparent_WO_VisionCrack3,WO4,smooth15,2.0,1.9849,1.788071612032176,0,14
8_transparent_WO_VisionCrack3,WO4,smooth15,2.5,2.4427,1.788071612032176,0,14
8_transparent_WO_VisionCrack3,WO4,smooth35,0.5,0.4628,1.788071612032176,0,14
8_transparent_WO_VisionCrack3,WO4,smooth35,0.55,0.5242,1.788071612032176,0,14
8_transparent_WO_VisionCrack3,WO4,smooth35,0.6,0.6149,1.788071612032176,0,14
8_transparent_WO_VisionCrack3,WO4,smooth35,0.65,0.6368,1.788071612032176,0,14
8_transparent_WO_VisionCrack3,WO4,smooth35,0.7,0.6851,1.788071612032176,0,14
8_transparent_WO_VisionCrack3,WO4,smooth35,0.75,0.7131,1.788071612032176,0,14
8_transparent_WO_VisionCrack3,WO4,smooth35,0.8,0.7813,1.788071612032176,0,14
8_transparent_WO_VisionCrack3,WO4,smooth35,0.85,0.8277,1.788071612032176,0,14
8_transparent_WO_VisionCrack3,WO4,smooth35,0.9,0.8768,1.788071612032176,0,14
8_transparent_WO_VisionCrack3,WO4,smooth35,0.95,0.9392,1.788071612032176,0,14
8_transparent_WO_VisionCrack3,WO4,smooth35,1.0,0.9523,1.788071612032176,0,14
8_transparent_WO_VisionCrack3,WO4,smooth35,1.5,1.5604,1.788071612032176,0,14
8_transparent_WO_VisionCrack3,WO4,smooth35,2.0,2.0218,1.788071612032176,0,14
8_transparent_WO_VisionCrack3,WO4,smooth35,2.5,2.5001,1.788071612032176,0,14
8_transparent_WO_VisionCrack3,WO4,band0.60,0.5,0.4637,1.788071612032176,0,14
8_transparent_WO_VisionCrack3,WO4,band0.60,0.55,0.5227,1.788071612032176,0,14
8_transparent_WO_VisionCrack3,WO4,band0.60,0.6,0.6144,1.788071612032176,0,14
8_transparent_WO_VisionCrack3,WO4,band0.60,0.65,0.637,1.788071612032176,0,14
8_transparent_WO_VisionCrack3,WO4,band0.60,0.7,0.686,1.788071612032176,0,14
8_transparent_WO_VisionCrack3,WO4,band0.60,0.75,0.7089,1.788071612032176,0,14
8_transparent_WO_VisionCrack3,WO4,band0.60,0.8,0.7782,1.788071612032176,0,14
8_transparent_WO_VisionCrack3,WO4,band0.60,0.85,0.8229,1.788071612032176,0,14
8_transparent_WO_VisionCrack3,WO4,band0.60,0.9,0.8705,1.788071612032176,0,14
8_transparent_WO_VisionCrack3,WO4,band0.60,0.95,0.9297,1.788071612032176,0,14
8_transparent_WO_VisionCrack3,WO4,band0.60,1.0,0.9483,1.788071612032176,0,14
8_transparent_WO_VisionCrack3,WO4,band0.60,1.5,1.5506,1.788071612032176,0,14
8_transparent_WO_VisionCrack3,WO4,band0.60,2.0,1.9975,1.788071612032176,0,14
8_transparent_WO_VisionCrack3,WO4,band0.60,2.5,2.4629,1.788071612032176,0,14
8_transparent_WO_VisionCrack3,WO4,win0.4,0.5,0.4526,1.788071612032176,0,14
8_transparent_WO_VisionCrack3,WO4,win0.4,0.55,0.5194,1.788071612032176,0,14
8_transparent_WO_VisionCrack3,WO4,win0.4,0.6,0.6157,1.788071612032176,0,14
8_transparent_WO_VisionCrack3,WO4,win0.4,0.65,0.6175,1.788071612032176,0,14
8_transparent_WO_VisionCrack3,WO4,win0.4,0.7,0.676,1.788071612032176,0,14
8_transparent_WO_VisionCrack3,WO4,win0.4,0.75,0.6802,1.788071612032176,0,14
8_transparent_WO_VisionCrack3,WO4,win0.4,0.8,0.7727,1.788071612032176,0,14
8_transparent_WO_VisionCrack3,WO4,win0.4,0.85,0.8054,1.788071612032176,0,14
8_transparent_WO_VisionCrack3,WO4,win0.4,0.9,0.8681,1.788071612032176,0,14
8_transparent_WO_VisionCrack3,WO4,win0.4,0.95,0.9071,1.788071612032176,0,14
8_transparent_WO_VisionCrack3,WO4,win0.4,1.0,0.9479,1.788071612032176,0,14
8_transparent_WO_VisionCrack3,WO4,win0.4,1.5,1.5199,1.788071612032176,0,14
8_transparent_WO_VisionCrack3,WO4,win0.4,2.0,1.9638,1.788071612032176,0,14
8_transparent_WO_VisionCrack3,WO4,win0.4,2.5,2.4632,1.788071612032176,0,14
8_transparent_WO_VisionCrack3,WO4,win0.8,0.5,0.4775,1.788071612032176,0,14
8_transparent_WO_VisionCrack3,WO4,win0.8,0.55,0.5338,1.788071612032176,0,14
8_transparent_WO_VisionCrack3,WO4,win0.8,0.6,0.6244,1.788071612032176,0,14
8_transparent_WO_VisionCrack3,WO4,win0.8,0.65,0.6387,1.788071612032176,0,14
8_transparent_WO_VisionCrack3,WO4,win0.8,0.7,0.6816,1.788071612032176,0,14
8_transparent_WO_VisionCrack3,WO4,win0.8,0.75,0.703,1.788071612032176,0,14
8_transparent_WO_VisionCrack3,WO4,win0.8,0.8,0.7873,1.788071612032176,0,14
8_transparent_WO_VisionCrack3,WO4,win0.8,0.85,0.8437,1.788071612032176,0,14
8_transparent_WO_VisionCrack3,WO4,win0.8,0.9,0.8813,1.788071612032176,0,14
8_transparent_WO_VisionCrack3,WO4,win0.8,0.95,0.9347,1.788071612032176,0,14
8_transparent_WO_VisionCrack3,WO4,win0.8,1.0,0.9643,1.788071612032176,0,14
8_transparent_WO_VisionCrack3,WO4,win0.8,1.5,1.5472,1.788071612032176,0,14
8_transparent_WO_VisionCrack3,WO4,win0.8,2.0,1.9911,1.788071612032176,0,14
8_transparent_WO_VisionCrack3,WO4,win0.8,2.5,2.4579,1.788071612032176,0,14
8_transparent_WO_VisionCrack3,WO5,full,0.5,0.4718,1.7314451003467637,0,14
8_transparent_WO_VisionCrack3,WO5,full,0.55,0.5347,1.7314451003467637,0,14
8_transparent_WO_VisionCrack3,WO5,full,0.6,0.6258,1.7314451003467637,0,14
8_transparent_WO_VisionCrack3,WO5,full,0.65,0.6388,1.7314451003467637,0,14
8_transparent_WO_VisionCrack3,WO5,full,0.7,0.6756,1.7314451003467637,0,14
8_transparent_WO_VisionCrack3,WO5,full,0.75,0.7146,1.7314451003467637,0,14
8_transparent_WO_VisionCrack3,WO5,full,0.8,0.7695,1.7314451003467637,0,14
8_transparent_WO_VisionCrack3,WO5,full,0.85,0.8136,1.7314451003467637,0,14
8_transparent_WO_VisionCrack3,WO5,full,0.9,0.8628,1.7314451003467637,0,14
8_transparent_WO_VisionCrack3,WO5,full,0.95,0.9251,1.7314451003467637,0,14
8_transparent_WO_VisionCrack3,WO5,full,1.0,0.9392,1.7314451003467637,0,14
8_transparent_WO_VisionCrack3,WO5,full,1.5,1.5357,1.7314451003467637,0,14
8_transparent_WO_VisionCrack3,WO5,full,2.0,1.983,1.7314451003467637,0,14
8_transparent_WO_VisionCrack3,WO5,full,2.5,2.432,1.7314451003467637,0,14
8_transparent_WO_VisionCrack3,WO5,no_masked_bg,0.5,0.4857,1.7314451003467637,0,14
8_transparent_WO_VisionCrack3,WO5,no_masked_bg,0.55,0.5445,1.7314451003467637,0,14
8_transparent_WO_VisionCrack3,WO5,no_masked_bg,0.6,0.6392,1.7314451003467637,0,14
8_transparent_WO_VisionCrack3,WO5,no_masked_bg,0.65,0.6565,1.7314451003467637,0,14
8_transparent_WO_VisionCrack3,WO5,no_masked_bg,0.7,0.6943,1.7314451003467637,0,14
8_transparent_WO_VisionCrack3,WO5,no_masked_bg,0.75,0.7487,1.7314451003467637,0,14
8_transparent_WO_VisionCrack3,WO5,no_masked_bg,0.8,0.7872,1.7314451003467637,0,14
8_transparent_WO_VisionCrack3,WO5,no_masked_bg,0.85,0.8331,1.7314451003467637,0,14
8_transparent_WO_VisionCrack3,WO5,no_masked_bg,0.9,0.878,1.7314451003467637,0,14
8_transparent_WO_VisionCrack3,WO5,no_masked_bg,0.95,1.0063,1.7314451003467637,0,14
8_transparent_WO_VisionCrack3,WO5,no_masked_bg,1.0,0.972,1.7314451003467637,0,14
8_transparent_WO_VisionCrack3,WO5,no_masked_bg,1.5,1.5708,1.7314451003467637,0,14
8_transparent_WO_VisionCrack3,WO5,no_masked_bg,2.0,2.2182,1.7314451003467637,0,14
8_transparent_WO_VisionCrack3,WO5,no_masked_bg,2.5,2.6186,1.7314451003467637,0,14
8_transparent_WO_VisionCrack3,WO5,lsf_sigma,0.5,0.4659,1.8863698106295104,0,14
8_transparent_WO_VisionCrack3,WO5,lsf_sigma,0.55,0.5249,1.8863698106295104,0,14
8_transparent_WO_VisionCrack3,WO5,lsf_sigma,0.6,0.6195,1.8863698106295104,0,14
8_transparent_WO_VisionCrack3,WO5,lsf_sigma,0.65,0.6371,1.8863698106295104,0,14
8_transparent_WO_VisionCrack3,WO5,lsf_sigma,0.7,0.6708,1.8863698106295104,0,14
8_transparent_WO_VisionCrack3,WO5,lsf_sigma,0.75,0.7145,1.8863698106295104,0,14
8_transparent_WO_VisionCrack3,WO5,lsf_sigma,0.8,0.7662,1.8863698106295104,0,14
8_transparent_WO_VisionCrack3,WO5,lsf_sigma,0.85,0.8124,1.8863698106295104,0,14
8_transparent_WO_VisionCrack3,WO5,lsf_sigma,0.9,0.8603,1.8863698106295104,0,14
8_transparent_WO_VisionCrack3,WO5,lsf_sigma,0.95,0.9264,1.8863698106295104,0,14
8_transparent_WO_VisionCrack3,WO5,lsf_sigma,1.0,0.9375,1.8863698106295104,0,14
8_transparent_WO_VisionCrack3,WO5,lsf_sigma,1.5,1.5406,1.8863698106295104,0,14
8_transparent_WO_VisionCrack3,WO5,lsf_sigma,2.0,1.9921,1.8863698106295104,0,14
8_transparent_WO_VisionCrack3,WO5,lsf_sigma,2.5,2.4461,1.8863698106295104,0,14
8_transparent_WO_VisionCrack3,WO5,no_deconv,0.5,0.4896,1.7314451003467637,0,14
8_transparent_WO_VisionCrack3,WO5,no_deconv,0.55,0.5481,1.7314451003467637,0,14
8_transparent_WO_VisionCrack3,WO5,no_deconv,0.6,0.6343,1.7314451003467637,0,14
8_transparent_WO_VisionCrack3,WO5,no_deconv,0.65,0.6467,1.7314451003467637,0,14
8_transparent_WO_VisionCrack3,WO5,no_deconv,0.7,0.6821,1.7314451003467637,0,14
8_transparent_WO_VisionCrack3,WO5,no_deconv,0.75,0.7197,1.7314451003467637,0,14
8_transparent_WO_VisionCrack3,WO5,no_deconv,0.8,0.7732,1.7314451003467637,0,14
8_transparent_WO_VisionCrack3,WO5,no_deconv,0.85,0.8163,1.7314451003467637,0,14
8_transparent_WO_VisionCrack3,WO5,no_deconv,0.9,0.8647,1.7314451003467637,0,14
8_transparent_WO_VisionCrack3,WO5,no_deconv,0.95,0.9263,1.7314451003467637,0,14
8_transparent_WO_VisionCrack3,WO5,no_deconv,1.0,0.9402,1.7314451003467637,0,14
8_transparent_WO_VisionCrack3,WO5,no_deconv,1.5,1.5393,1.7314451003467637,0,14
8_transparent_WO_VisionCrack3,WO5,no_deconv,2.0,1.9931,1.7314451003467637,0,14
8_transparent_WO_VisionCrack3,WO5,no_deconv,2.5,2.4502,1.7314451003467637,0,14
8_transparent_WO_VisionCrack3,WO5,rev3_window,0.5,0.4639,1.7314451003467637,0,14
8_transparent_WO_VisionCrack3,WO5,rev3_window,0.55,0.5389,1.7314451003467637,0,14
8_transparent_WO_VisionCrack3,WO5,rev3_window,0.6,0.6201,1.7314451003467637,0,14
8_transparent_WO_VisionCrack3,WO5,rev3_window,0.65,0.617,1.7314451003467637,0,14
8_transparent_WO_VisionCrack3,WO5,rev3_window,0.7,0.6631,1.7314451003467637,0,14
8_transparent_WO_VisionCrack3,WO5,rev3_window,0.75,0.7136,1.7314451003467637,0,14
8_transparent_WO_VisionCrack3,WO5,rev3_window,0.8,0.7911,1.7314451003467637,0,14
8_transparent_WO_VisionCrack3,WO5,rev3_window,0.85,0.8311,1.7314451003467637,0,14
8_transparent_WO_VisionCrack3,WO5,rev3_window,0.9,0.8862,1.7314451003467637,0,14
8_transparent_WO_VisionCrack3,WO5,rev3_window,0.95,0.9254,1.7314451003467637,0,14
8_transparent_WO_VisionCrack3,WO5,rev3_window,1.0,0.9539,1.7314451003467637,0,14
8_transparent_WO_VisionCrack3,WO5,rev3_window,1.5,1.5163,1.7314451003467637,0,14
8_transparent_WO_VisionCrack3,WO5,rev3_window,2.0,1.9628,1.7314451003467637,0,14
8_transparent_WO_VisionCrack3,WO5,rev3_window,2.5,2.4111,1.7314451003467637,0,14
8_transparent_WO_VisionCrack3,WO5,margin1.0,0.5,0.4581,1.7314451003467637,0,14
8_transparent_WO_VisionCrack3,WO5,margin1.0,0.55,0.5261,1.7314451003467637,0,14
8_transparent_WO_VisionCrack3,WO5,margin1.0,0.6,0.6222,1.7314451003467637,0,14
8_transparent_WO_VisionCrack3,WO5,margin1.0,0.65,0.6356,1.7314451003467637,0,14
8_transparent_WO_VisionCrack3,WO5,margin1.0,0.7,0.674,1.7314451003467637,0,14
8_transparent_WO_VisionCrack3,WO5,margin1.0,0.75,0.7128,1.7314451003467637,0,14
8_transparent_WO_VisionCrack3,WO5,margin1.0,0.8,0.7676,1.7314451003467637,0,14
8_transparent_WO_VisionCrack3,WO5,margin1.0,0.85,0.8112,1.7314451003467637,0,14
8_transparent_WO_VisionCrack3,WO5,margin1.0,0.9,0.8609,1.7314451003467637,0,14
8_transparent_WO_VisionCrack3,WO5,margin1.0,0.95,0.9236,1.7314451003467637,0,14
8_transparent_WO_VisionCrack3,WO5,margin1.0,1.0,0.938,1.7314451003467637,0,14
8_transparent_WO_VisionCrack3,WO5,margin1.0,1.5,1.534,1.7314451003467637,0,14
8_transparent_WO_VisionCrack3,WO5,margin1.0,2.0,1.9818,1.7314451003467637,0,14
8_transparent_WO_VisionCrack3,WO5,margin1.0,2.5,2.4262,1.7314451003467637,0,14
8_transparent_WO_VisionCrack3,WO5,margin2.0,0.5,0.4773,1.7314451003467637,0,14
8_transparent_WO_VisionCrack3,WO5,margin2.0,0.55,0.5362,1.7314451003467637,0,14
8_transparent_WO_VisionCrack3,WO5,margin2.0,0.6,0.6265,1.7314451003467637,0,14
8_transparent_WO_VisionCrack3,WO5,margin2.0,0.65,0.646,1.7314451003467637,0,14
8_transparent_WO_VisionCrack3,WO5,margin2.0,0.7,0.6814,1.7314451003467637,0,14
8_transparent_WO_VisionCrack3,WO5,margin2.0,0.75,0.7241,1.7314451003467637,0,14
8_transparent_WO_VisionCrack3,WO5,margin2.0,0.8,0.7706,1.7314451003467637,0,14
8_transparent_WO_VisionCrack3,WO5,margin2.0,0.85,0.8176,1.7314451003467637,0,14
8_transparent_WO_VisionCrack3,WO5,margin2.0,0.9,0.8638,1.7314451003467637,0,14
8_transparent_WO_VisionCrack3,WO5,margin2.0,0.95,0.9337,1.7314451003467637,0,14
8_transparent_WO_VisionCrack3,WO5,margin2.0,1.0,0.94,1.7314451003467637,0,14
8_transparent_WO_VisionCrack3,WO5,margin2.0,1.5,1.5377,1.7314451003467637,0,14
8_transparent_WO_VisionCrack3,WO5,margin2.0,2.0,1.9918,1.7314451003467637,0,14
8_transparent_WO_VisionCrack3,WO5,margin2.0,2.5,2.4431,1.7314451003467637,0,14
8_transparent_WO_VisionCrack3,WO5,smooth15,0.5,0.4682,1.7314451003467637,0,14
8_transparent_WO_VisionCrack3,WO5,smooth15,0.55,0.5342,1.7314451003467637,0,14
8_transparent_WO_VisionCrack3,WO5,smooth15,0.6,0.6266,1.7314451003467637,0,14
8_transparent_WO_VisionCrack3,WO5,smooth15,0.65,0.6376,1.7314451003467637,0,14
8_transparent_WO_VisionCrack3,WO5,smooth15,0.7,0.6712,1.7314451003467637,0,14
8_transparent_WO_VisionCrack3,WO5,smooth15,0.75,0.7135,1.7314451003467637,0,14
8_transparent_WO_VisionCrack3,WO5,smooth15,0.8,0.7677,1.7314451003467637,0,14
8_transparent_WO_VisionCrack3,WO5,smooth15,0.85,0.8099,1.7314451003467637,0,14
8_transparent_WO_VisionCrack3,WO5,smooth15,0.9,0.8627,1.7314451003467637,0,14
8_transparent_WO_VisionCrack3,WO5,smooth15,0.95,0.9221,1.7314451003467637,0,14
8_transparent_WO_VisionCrack3,WO5,smooth15,1.0,0.941,1.7314451003467637,0,14
8_transparent_WO_VisionCrack3,WO5,smooth15,1.5,1.529,1.7314451003467637,0,14
8_transparent_WO_VisionCrack3,WO5,smooth15,2.0,1.9656,1.7314451003467637,0,14
8_transparent_WO_VisionCrack3,WO5,smooth15,2.5,2.4105,1.7314451003467637,0,14
8_transparent_WO_VisionCrack3,WO5,smooth35,0.5,0.473,1.7314451003467637,0,14
8_transparent_WO_VisionCrack3,WO5,smooth35,0.55,0.5369,1.7314451003467637,0,14
8_transparent_WO_VisionCrack3,WO5,smooth35,0.6,0.6256,1.7314451003467637,0,14
8_transparent_WO_VisionCrack3,WO5,smooth35,0.65,0.6394,1.7314451003467637,0,14
8_transparent_WO_VisionCrack3,WO5,smooth35,0.7,0.6797,1.7314451003467637,0,14
8_transparent_WO_VisionCrack3,WO5,smooth35,0.75,0.7184,1.7314451003467637,0,14
8_transparent_WO_VisionCrack3,WO5,smooth35,0.8,0.7716,1.7314451003467637,0,14
8_transparent_WO_VisionCrack3,WO5,smooth35,0.85,0.8212,1.7314451003467637,0,14
8_transparent_WO_VisionCrack3,WO5,smooth35,0.9,0.8693,1.7314451003467637,0,14
8_transparent_WO_VisionCrack3,WO5,smooth35,0.95,0.9346,1.7314451003467637,0,14
8_transparent_WO_VisionCrack3,WO5,smooth35,1.0,0.9422,1.7314451003467637,0,14
8_transparent_WO_VisionCrack3,WO5,smooth35,1.5,1.5461,1.7314451003467637,0,14
8_transparent_WO_VisionCrack3,WO5,smooth35,2.0,2.0064,1.7314451003467637,0,14
8_transparent_WO_VisionCrack3,WO5,smooth35,2.5,2.4601,1.7314451003467637,0,14
8_transparent_WO_VisionCrack3,WO5,band0.60,0.5,0.4718,1.7314451003467637,0,14
8_transparent_WO_VisionCrack3,WO5,band0.60,0.55,0.5347,1.7314451003467637,0,14
8_transparent_WO_VisionCrack3,WO5,band0.60,0.6,0.6258,1.7314451003467637,0,14
8_transparent_WO_VisionCrack3,WO5,band0.60,0.65,0.6388,1.7314451003467637,0,14
8_transparent_WO_VisionCrack3,WO5,band0.60,0.7,0.6756,1.7314451003467637,0,14
8_transparent_WO_VisionCrack3,WO5,band0.60,0.75,0.7146,1.7314451003467637,0,14
8_transparent_WO_VisionCrack3,WO5,band0.60,0.8,0.7695,1.7314451003467637,0,14
8_transparent_WO_VisionCrack3,WO5,band0.60,0.85,0.8136,1.7314451003467637,0,14
8_transparent_WO_VisionCrack3,WO5,band0.60,0.9,0.8628,1.7314451003467637,0,14
8_transparent_WO_VisionCrack3,WO5,band0.60,0.95,0.9251,1.7314451003467637,0,14
8_transparent_WO_VisionCrack3,WO5,band0.60,1.0,0.9392,1.7314451003467637,0,14
8_transparent_WO_VisionCrack3,WO5,band0.60,1.5,1.5357,1.7314451003467637,0,14
8_transparent_WO_VisionCrack3,WO5,band0.60,2.0,1.983,1.7314451003467637,0,14
8_transparent_WO_VisionCrack3,WO5,band0.60,2.5,2.432,1.7314451003467637,0,14
8_transparent_WO_VisionCrack3,WO5,win0.4,0.5,0.4607,1.7314451003467637,0,14
8_transparent_WO_VisionCrack3,WO5,win0.4,0.55,0.5308,1.7314451003467637,0,14
8_transparent_WO_VisionCrack3,WO5,win0.4,0.6,0.6244,1.7314451003467637,0,14
8_transparent_WO_VisionCrack3,WO5,win0.4,0.65,0.6285,1.7314451003467637,0,14
8_transparent_WO_VisionCrack3,WO5,win0.4,0.7,0.6486,1.7314451003467637,0,14
8_transparent_WO_VisionCrack3,WO5,win0.4,0.75,0.706,1.7314451003467637,0,14
8_transparent_WO_VisionCrack3,WO5,win0.4,0.8,0.765,1.7314451003467637,0,14
8_transparent_WO_VisionCrack3,WO5,win0.4,0.85,0.8045,1.7314451003467637,0,14
8_transparent_WO_VisionCrack3,WO5,win0.4,0.9,0.8607,1.7314451003467637,0,14
8_transparent_WO_VisionCrack3,WO5,win0.4,0.95,0.9054,1.7314451003467637,0,14
8_transparent_WO_VisionCrack3,WO5,win0.4,1.0,0.9329,1.7314451003467637,0,14
8_transparent_WO_VisionCrack3,WO5,win0.4,1.5,1.5033,1.7314451003467637,0,14
8_transparent_WO_VisionCrack3,WO5,win0.4,2.0,1.9555,1.7314451003467637,0,14
8_transparent_WO_VisionCrack3,WO5,win0.4,2.5,2.4389,1.7314451003467637,0,14
8_transparent_WO_VisionCrack3,WO5,win0.8,0.5,0.4727,1.7314451003467637,0,14
8_transparent_WO_VisionCrack3,WO5,win0.8,0.55,0.5394,1.7314451003467637,0,14
8_transparent_WO_VisionCrack3,WO5,win0.8,0.6,0.6232,1.7314451003467637,0,14
8_transparent_WO_VisionCrack3,WO5,win0.8,0.65,0.6419,1.7314451003467637,0,14
8_transparent_WO_VisionCrack3,WO5,win0.8,0.7,0.6777,1.7314451003467637,0,14
8_transparent_WO_VisionCrack3,WO5,win0.8,0.75,0.7219,1.7314451003467637,0,14
8_transparent_WO_VisionCrack3,WO5,win0.8,0.8,0.7818,1.7314451003467637,0,14
8_transparent_WO_VisionCrack3,WO5,win0.8,0.85,0.8305,1.7314451003467637,0,14
8_transparent_WO_VisionCrack3,WO5,win0.8,0.9,0.8782,1.7314451003467637,0,14
8_transparent_WO_VisionCrack3,WO5,win0.8,0.95,0.9262,1.7314451003467637,0,14
8_transparent_WO_VisionCrack3,WO5,win0.8,1.0,0.9507,1.7314451003467637,0,14
8_transparent_WO_VisionCrack3,WO5,win0.8,1.5,1.5304,1.7314451003467637,0,14
8_transparent_WO_VisionCrack3,WO5,win0.8,2.0,1.975,1.7314451003467637,0,14
8_transparent_WO_VisionCrack3,WO5,win0.8,2.5,2.4247,1.7314451003467637,0,14
8_transparent_WO_VisionCrack3,WO6,full,0.5,0.4661,1.879207009244488,0,14
8_transparent_WO_VisionCrack3,WO6,full,0.55,0.5176,1.879207009244488,0,14
8_transparent_WO_VisionCrack3,WO6,full,0.6,0.604,1.879207009244488,0,14
8_transparent_WO_VisionCrack3,WO6,full,0.65,0.6426,1.879207009244488,0,14
8_transparent_WO_VisionCrack3,WO6,full,0.7,0.6878,1.879207009244488,0,14
8_transparent_WO_VisionCrack3,WO6,full,0.75,0.7527,1.879207009244488,0,14
8_transparent_WO_VisionCrack3,WO6,full,0.8,0.7703,1.879207009244488,0,14
8_transparent_WO_VisionCrack3,WO6,full,0.85,0.8491,1.879207009244488,0,14
8_transparent_WO_VisionCrack3,WO6,full,0.9,0.8624,1.879207009244488,0,14
8_transparent_WO_VisionCrack3,WO6,full,0.95,0.8989,1.879207009244488,0,14
8_transparent_WO_VisionCrack3,WO6,full,1.0,0.9479,1.879207009244488,0,14
8_transparent_WO_VisionCrack3,WO6,full,1.5,1.5348,1.879207009244488,0,14
8_transparent_WO_VisionCrack3,WO6,full,2.0,1.9973,1.879207009244488,0,14
8_transparent_WO_VisionCrack3,WO6,full,2.5,2.446,1.879207009244488,0,14
8_transparent_WO_VisionCrack3,WO6,no_masked_bg,0.5,0.4751,1.879207009244488,0,14
8_transparent_WO_VisionCrack3,WO6,no_masked_bg,0.55,0.524,1.879207009244488,0,14
8_transparent_WO_VisionCrack3,WO6,no_masked_bg,0.6,0.6251,1.879207009244488,0,14
8_transparent_WO_VisionCrack3,WO6,no_masked_bg,0.65,0.6523,1.879207009244488,0,14
8_transparent_WO_VisionCrack3,WO6,no_masked_bg,0.7,0.7119,1.879207009244488,0,14
8_transparent_WO_VisionCrack3,WO6,no_masked_bg,0.75,0.8418,1.879207009244488,0,14
8_transparent_WO_VisionCrack3,WO6,no_masked_bg,0.8,0.7872,1.879207009244488,0,14
8_transparent_WO_VisionCrack3,WO6,no_masked_bg,0.85,0.8739,1.879207009244488,0,14
8_transparent_WO_VisionCrack3,WO6,no_masked_bg,0.9,0.881,1.879207009244488,0,14
8_transparent_WO_VisionCrack3,WO6,no_masked_bg,0.95,0.9346,1.879207009244488,0,14
8_transparent_WO_VisionCrack3,WO6,no_masked_bg,1.0,0.9764,1.879207009244488,0,14
8_transparent_WO_VisionCrack3,WO6,no_masked_bg,1.5,1.5668,1.879207009244488,0,14
8_transparent_WO_VisionCrack3,WO6,no_masked_bg,2.0,2.3113,1.879207009244488,0,14
8_transparent_WO_VisionCrack3,WO6,no_masked_bg,2.5,2.6289,1.879207009244488,0,14
8_transparent_WO_VisionCrack3,WO6,lsf_sigma,0.5,0.4582,1.9864806376357222,0,14
8_transparent_WO_VisionCrack3,WO6,lsf_sigma,0.55,0.5106,1.9864806376357222,0,14
8_transparent_WO_VisionCrack3,WO6,lsf_sigma,0.6,0.5981,1.9864806376357222,0,14
8_transparent_WO_VisionCrack3,WO6,lsf_sigma,0.65,0.6371,1.9864806376357222,0,14
8_transparent_WO_VisionCrack3,WO6,lsf_sigma,0.7,0.6827,1.9864806376357222,0,14
8_transparent_WO_VisionCrack3,WO6,lsf_sigma,0.75,0.7481,1.9864806376357222,0,14
8_transparent_WO_VisionCrack3,WO6,lsf_sigma,0.8,0.7658,1.9864806376357222,0,14
8_transparent_WO_VisionCrack3,WO6,lsf_sigma,0.85,0.8452,1.9864806376357222,0,14
8_transparent_WO_VisionCrack3,WO6,lsf_sigma,0.9,0.8586,1.9864806376357222,0,14
8_transparent_WO_VisionCrack3,WO6,lsf_sigma,0.95,0.8954,1.9864806376357222,0,14
8_transparent_WO_VisionCrack3,WO6,lsf_sigma,1.0,0.9447,1.9864806376357222,0,14
8_transparent_WO_VisionCrack3,WO6,lsf_sigma,1.5,1.5338,1.9864806376357222,0,14
8_transparent_WO_VisionCrack3,WO6,lsf_sigma,2.0,1.9974,1.9864806376357222,0,14
8_transparent_WO_VisionCrack3,WO6,lsf_sigma,2.5,2.4468,1.9864806376357222,0,14
8_transparent_WO_VisionCrack3,WO6,no_deconv,0.5,0.4925,1.879207009244488,0,14
8_transparent_WO_VisionCrack3,WO6,no_deconv,0.55,0.539,1.879207009244488,0,14
8_transparent_WO_VisionCrack3,WO6,no_deconv,0.6,0.6193,1.879207009244488,0,14
8_transparent_WO_VisionCrack3,WO6,no_deconv,0.65,0.6561,1.879207009244488,0,14
8_transparent_WO_VisionCrack3,WO6,no_deconv,0.7,0.6993,1.879207009244488,0,14
8_transparent_WO_VisionCrack3,WO6,no_deconv,0.75,0.7618,1.879207009244488,0,14
8_transparent_WO_VisionCrack3,WO6,no_deconv,0.8,0.779,1.879207009244488,0,14
8_transparent_WO_VisionCrack3,WO6,no_deconv,0.85,0.8556,1.879207009244488,0,14
8_transparent_WO_VisionCrack3,WO6,no_deconv,0.9,0.8685,1.879207009244488,0,14
8_transparent_WO_VisionCrack3,WO6,no_deconv,0.95,0.9041,1.879207009244488,0,14
8_transparent_WO_VisionCrack3,WO6,no_deconv,1.0,0.9523,1.879207009244488,0,14
8_transparent_WO_VisionCrack3,WO6,no_deconv,1.5,1.5389,1.879207009244488,0,14
8_transparent_WO_VisionCrack3,WO6,no_deconv,2.0,2.0065,1.879207009244488,0,14
8_transparent_WO_VisionCrack3,WO6,no_deconv,2.5,2.4619,1.879207009244488,0,14
8_transparent_WO_VisionCrack3,WO6,rev3_window,0.5,0.4643,1.879207009244488,0,14
8_transparent_WO_VisionCrack3,WO6,rev3_window,0.55,0.531,1.879207009244488,0,14
8_transparent_WO_VisionCrack3,WO6,rev3_window,0.6,0.6112,1.879207009244488,0,14
8_transparent_WO_VisionCrack3,WO6,rev3_window,0.65,0.6289,1.879207009244488,0,14
8_transparent_WO_VisionCrack3,WO6,rev3_window,0.7,0.6797,1.879207009244488,0,14
8_transparent_WO_VisionCrack3,WO6,rev3_window,0.75,0.7367,1.879207009244488,0,14
8_transparent_WO_VisionCrack3,WO6,rev3_window,0.8,0.7917,1.879207009244488,0,14
8_transparent_WO_VisionCrack3,WO6,rev3_window,0.85,0.8319,1.879207009244488,0,14
8_transparent_WO_VisionCrack3,WO6,rev3_window,0.9,0.9041,1.879207009244488,0,14
8_transparent_WO_VisionCrack3,WO6,rev3_window,0.95,0.9287,1.879207009244488,0,14
8_transparent_WO_VisionCrack3,WO6,rev3_window,1.0,0.963,1.879207009244488,0,14
8_transparent_WO_VisionCrack3,WO6,rev3_window,1.5,1.5214,1.879207009244488,0,14
8_transparent_WO_VisionCrack3,WO6,rev3_window,2.0,1.9825,1.879207009244488,0,14
8_transparent_WO_VisionCrack3,WO6,rev3_window,2.5,2.4234,1.879207009244488,0,14
8_transparent_WO_VisionCrack3,WO6,margin1.0,0.5,0.4462,1.879207009244488,0,14
8_transparent_WO_VisionCrack3,WO6,margin1.0,0.55,0.5055,1.879207009244488,0,14
8_transparent_WO_VisionCrack3,WO6,margin1.0,0.6,0.5957,1.879207009244488,0,14
8_transparent_WO_VisionCrack3,WO6,margin1.0,0.65,0.6347,1.879207009244488,0,14
8_transparent_WO_VisionCrack3,WO6,margin1.0,0.7,0.6769,1.879207009244488,0,14
8_transparent_WO_VisionCrack3,WO6,margin1.0,0.75,0.7393,1.879207009244488,0,14
8_transparent_WO_VisionCrack3,WO6,margin1.0,0.8,0.7674,1.879207009244488,0,14
8_transparent_WO_VisionCrack3,WO6,margin1.0,0.85,0.836,1.879207009244488,0,14
8_transparent_WO_VisionCrack3,WO6,margin1.0,0.9,0.8595,1.879207009244488,0,14
8_transparent_WO_VisionCrack3,WO6,margin1.0,0.95,0.8968,1.879207009244488,0,14
8_transparent_WO_VisionCrack3,WO6,margin1.0,1.0,0.9456,1.879207009244488,0,14
8_transparent_WO_VisionCrack3,WO6,margin1.0,1.5,1.5284,1.879207009244488,0,14
8_transparent_WO_VisionCrack3,WO6,margin1.0,2.0,1.9903,1.879207009244488,0,14
8_transparent_WO_VisionCrack3,WO6,margin1.0,2.5,2.4354,1.879207009244488,0,14
8_transparent_WO_VisionCrack3,WO6,margin2.0,0.5,0.4759,1.879207009244488,0,14
8_transparent_WO_VisionCrack3,WO6,margin2.0,0.55,0.5176,1.879207009244488,0,14
8_transparent_WO_VisionCrack3,WO6,margin2.0,0.6,0.6077,1.879207009244488,0,14
8_transparent_WO_VisionCrack3,WO6,margin2.0,0.65,0.6489,1.879207009244488,0,14
8_transparent_WO_VisionCrack3,WO6,margin2.0,0.7,0.6852,1.879207009244488,0,14
8_transparent_WO_VisionCrack3,WO6,margin2.0,0.75,0.7804,1.879207009244488,0,14
8_transparent_WO_VisionCrack3,WO6,margin2.0,0.8,0.7727,1.879207009244488,0,14
8_transparent_WO_VisionCrack3,WO6,margin2.0,0.85,0.8573,1.879207009244488,0,14
8_transparent_WO_VisionCrack3,WO6,margin2.0,0.9,0.8641,1.879207009244488,0,14
8_transparent_WO_VisionCrack3,WO6,margin2.0,0.95,0.899,1.879207009244488,0,14
8_transparent_WO_VisionCrack3,WO6,margin2.0,1.0,0.9485,1.879207009244488,0,14
8_transparent_WO_VisionCrack3,WO6,margin2.0,1.5,1.5369,1.879207009244488,0,14
8_transparent_WO_VisionCrack3,WO6,margin2.0,2.0,2.0031,1.879207009244488,0,14
8_transparent_WO_VisionCrack3,WO6,margin2.0,2.5,2.4555,1.879207009244488,0,14
8_transparent_WO_VisionCrack3,WO6,smooth15,0.5,0.4629,1.879207009244488,0,14
8_transparent_WO_VisionCrack3,WO6,smooth15,0.55,0.5177,1.879207009244488,0,14
8_transparent_WO_VisionCrack3,WO6,smooth15,0.6,0.6037,1.879207009244488,0,14
8_transparent_WO_VisionCrack3,WO6,smooth15,0.65,0.6406,1.879207009244488,0,14
8_transparent_WO_VisionCrack3,WO6,smooth15,0.7,0.6855,1.879207009244488,0,14
8_transparent_WO_VisionCrack3,WO6,smooth15,0.75,0.7473,1.879207009244488,0,14
8_transparent_WO_VisionCrack3,WO6,smooth15,0.8,0.7706,1.879207009244488,0,14
8_transparent_WO_VisionCrack3,WO6,smooth15,0.85,0.8459,1.879207009244488,0,14
8_transparent_WO_VisionCrack3,WO6,smooth15,0.9,0.8633,1.879207009244488,0,14
8_transparent_WO_VisionCrack3,WO6,smooth15,0.95,0.9026,1.879207009244488,0,14
8_transparent_WO_VisionCrack3,WO6,smooth15,1.0,0.9499,1.879207009244488,0,14
8_transparent_WO_VisionCrack3,WO6,smooth15,1.5,1.5316,1.879207009244488,0,14
8_transparent_WO_VisionCrack3,WO6,smooth15,2.0,1.9832,1.879207009244488,0,14
8_transparent_WO_VisionCrack3,WO6,smooth15,2.5,2.4308,1.879207009244488,0,14
8_transparent_WO_VisionCrack3,WO6,smooth35,0.5,0.469,1.879207009244488,0,14
8_transparent_WO_VisionCrack3,WO6,smooth35,0.55,0.5185,1.879207009244488,0,14
8_transparent_WO_VisionCrack3,WO6,smooth35,0.6,0.6036,1.879207009244488,0,14
8_transparent_WO_VisionCrack3,WO6,smooth35,0.65,0.6409,1.879207009244488,0,14
8_transparent_WO_VisionCrack3,WO6,smooth35,0.7,0.6868,1.879207009244488,0,14
8_transparent_WO_VisionCrack3,WO6,smooth35,0.75,0.7514,1.879207009244488,0,14
8_transparent_WO_VisionCrack3,WO6,smooth35,0.8,0.7728,1.879207009244488,0,14
8_transparent_WO_VisionCrack3,WO6,smooth35,0.85,0.8506,1.879207009244488,0,14
8_transparent_WO_VisionCrack3,WO6,smooth35,0.9,0.8706,1.879207009244488,0,14
8_transparent_WO_VisionCrack3,WO6,smooth35,0.95,0.905,1.879207009244488,0,14
8_transparent_WO_VisionCrack3,WO6,smooth35,1.0,0.9508,1.879207009244488,0,14
8_transparent_WO_VisionCrack3,WO6,smooth35,1.5,1.5423,1.879207009244488,0,14
8_transparent_WO_VisionCrack3,WO6,smooth35,2.0,2.015,1.879207009244488,0,14
8_transparent_WO_VisionCrack3,WO6,smooth35,2.5,2.4693,1.879207009244488,0,14
8_transparent_WO_VisionCrack3,WO6,band0.60,0.5,0.4661,1.879207009244488,0,14
8_transparent_WO_VisionCrack3,WO6,band0.60,0.55,0.5176,1.879207009244488,0,14
8_transparent_WO_VisionCrack3,WO6,band0.60,0.6,0.604,1.879207009244488,0,14
8_transparent_WO_VisionCrack3,WO6,band0.60,0.65,0.6426,1.879207009244488,0,14
8_transparent_WO_VisionCrack3,WO6,band0.60,0.7,0.6878,1.879207009244488,0,14
8_transparent_WO_VisionCrack3,WO6,band0.60,0.75,0.7527,1.879207009244488,0,14
8_transparent_WO_VisionCrack3,WO6,band0.60,0.8,0.7703,1.879207009244488,0,14
8_transparent_WO_VisionCrack3,WO6,band0.60,0.85,0.8491,1.879207009244488,0,14
8_transparent_WO_VisionCrack3,WO6,band0.60,0.9,0.8624,1.879207009244488,0,14
8_transparent_WO_VisionCrack3,WO6,band0.60,0.95,0.8989,1.879207009244488,0,14
8_transparent_WO_VisionCrack3,WO6,band0.60,1.0,0.9479,1.879207009244488,0,14
8_transparent_WO_VisionCrack3,WO6,band0.60,1.5,1.5348,1.879207009244488,0,14
8_transparent_WO_VisionCrack3,WO6,band0.60,2.0,1.9973,1.879207009244488,0,14
8_transparent_WO_VisionCrack3,WO6,band0.60,2.5,2.446,1.879207009244488,0,14
8_transparent_WO_VisionCrack3,WO6,win0.4,0.5,0.4575,1.879207009244488,0,14
8_transparent_WO_VisionCrack3,WO6,win0.4,0.55,0.5133,1.879207009244488,0,14
8_transparent_WO_VisionCrack3,WO6,win0.4,0.6,0.594,1.879207009244488,0,14
8_transparent_WO_VisionCrack3,WO6,win0.4,0.65,0.6313,1.879207009244488,0,14
8_transparent_WO_VisionCrack3,WO6,win0.4,0.7,0.6831,1.879207009244488,0,14
8_transparent_WO_VisionCrack3,WO6,win0.4,0.75,0.729,1.879207009244488,0,14
8_transparent_WO_VisionCrack3,WO6,win0.4,0.8,0.7693,1.879207009244488,0,14
8_transparent_WO_VisionCrack3,WO6,win0.4,0.85,0.8358,1.879207009244488,0,14
8_transparent_WO_VisionCrack3,WO6,win0.4,0.9,0.8652,1.879207009244488,0,14
8_transparent_WO_VisionCrack3,WO6,win0.4,0.95,0.9013,1.879207009244488,0,14
8_transparent_WO_VisionCrack3,WO6,win0.4,1.0,0.9484,1.879207009244488,0,14
8_transparent_WO_VisionCrack3,WO6,win0.4,1.5,1.5116,1.879207009244488,0,14
8_transparent_WO_VisionCrack3,WO6,win0.4,2.0,1.9828,1.879207009244488,0,14
8_transparent_WO_VisionCrack3,WO6,win0.4,2.5,2.4434,1.879207009244488,0,14
8_transparent_WO_VisionCrack3,WO6,win0.8,0.5,0.483,1.879207009244488,0,14
8_transparent_WO_VisionCrack3,WO6,win0.8,0.55,0.5299,1.879207009244488,0,14
8_transparent_WO_VisionCrack3,WO6,win0.8,0.6,0.6084,1.879207009244488,0,14
8_transparent_WO_VisionCrack3,WO6,win0.8,0.65,0.6349,1.879207009244488,0,14
8_transparent_WO_VisionCrack3,WO6,win0.8,0.7,0.6932,1.879207009244488,0,14
8_transparent_WO_VisionCrack3,WO6,win0.8,0.75,0.7475,1.879207009244488,0,14
8_transparent_WO_VisionCrack3,WO6,win0.8,0.8,0.7874,1.879207009244488,0,14
8_transparent_WO_VisionCrack3,WO6,win0.8,0.85,0.8496,1.879207009244488,0,14
8_transparent_WO_VisionCrack3,WO6,win0.8,0.9,0.8868,1.879207009244488,0,14
8_transparent_WO_VisionCrack3,WO6,win0.8,0.95,0.9278,1.879207009244488,0,14
8_transparent_WO_VisionCrack3,WO6,win0.8,1.0,0.9626,1.879207009244488,0,14
8_transparent_WO_VisionCrack3,WO6,win0.8,1.5,1.5323,1.879207009244488,0,14
8_transparent_WO_VisionCrack3,WO6,win0.8,2.0,1.9953,1.879207009244488,0,14
8_transparent_WO_VisionCrack3,WO6,win0.8,2.5,2.4437,1.879207009244488,0,14
8_transparent_WO_VisionCrack3,WO7,full,0.5,0.4821,1.762156276746985,0,14
8_transparent_WO_VisionCrack3,WO7,full,0.55,0.5538,1.762156276746985,0,14
8_transparent_WO_VisionCrack3,WO7,full,0.6,0.6196,1.762156276746985,0,14
8_transparent_WO_VisionCrack3,WO7,full,0.65,0.6503,1.762156276746985,0,14
8_transparent_WO_VisionCrack3,WO7,full,0.7,0.7008,1.762156276746985,0,14
8_transparent_WO_VisionCrack3,WO7,full,0.75,0.75,1.762156276746985,0,14
8_transparent_WO_VisionCrack3,WO7,full,0.8,0.7629,1.762156276746985,0,14
8_transparent_WO_VisionCrack3,WO7,full,0.85,0.8604,1.762156276746985,0,14
8_transparent_WO_VisionCrack3,WO7,full,0.9,0.8858,1.762156276746985,0,14
8_transparent_WO_VisionCrack3,WO7,full,0.95,0.9269,1.762156276746985,0,14
8_transparent_WO_VisionCrack3,WO7,full,1.0,0.9379,1.762156276746985,0,14
8_transparent_WO_VisionCrack3,WO7,full,1.5,1.5324,1.762156276746985,0,14
8_transparent_WO_VisionCrack3,WO7,full,2.0,1.9862,1.762156276746985,0,14
8_transparent_WO_VisionCrack3,WO7,full,2.5,2.439,1.762156276746985,0,14
8_transparent_WO_VisionCrack3,WO7,no_masked_bg,0.5,0.5013,1.762156276746985,0,14
8_transparent_WO_VisionCrack3,WO7,no_masked_bg,0.55,0.5686,1.762156276746985,0,14
8_transparent_WO_VisionCrack3,WO7,no_masked_bg,0.6,0.6467,1.762156276746985,0,14
8_transparent_WO_VisionCrack3,WO7,no_masked_bg,0.65,0.6747,1.762156276746985,0,14
8_transparent_WO_VisionCrack3,WO7,no_masked_bg,0.7,0.7212,1.762156276746985,0,14
8_transparent_WO_VisionCrack3,WO7,no_masked_bg,0.75,0.8493,1.762156276746985,0,14
8_transparent_WO_VisionCrack3,WO7,no_masked_bg,0.8,0.7883,1.762156276746985,0,14
8_transparent_WO_VisionCrack3,WO7,no_masked_bg,0.85,0.9386,1.762156276746985,0,14
8_transparent_WO_VisionCrack3,WO7,no_masked_bg,0.9,1.0389,1.762156276746985,0,14
8_transparent_WO_VisionCrack3,WO7,no_masked_bg,0.95,1.0072,1.762156276746985,0,14
8_transparent_WO_VisionCrack3,WO7,no_masked_bg,1.0,0.9629,1.762156276746985,0,14
8_transparent_WO_VisionCrack3,WO7,no_masked_bg,1.5,1.5657,1.762156276746985,0,14
8_transparent_WO_VisionCrack3,WO7,no_masked_bg,2.0,2.2647,1.762156276746985,0,14
8_transparent_WO_VisionCrack3,WO7,no_masked_bg,2.5,2.5661,1.762156276746985,0,14
8_transparent_WO_VisionCrack3,WO7,lsf_sigma,0.5,0.4805,1.7860043009247972,0,14
8_transparent_WO_VisionCrack3,WO7,lsf_sigma,0.55,0.5525,1.7860043009247972,0,14
8_transparent_WO_VisionCrack3,WO7,lsf_sigma,0.6,0.6184,1.7860043009247972,0,14
8_transparent_WO_VisionCrack3,WO7,lsf_sigma,0.65,0.6492,1.7860043009247972,0,14
8_transparent_WO_VisionCrack3,WO7,lsf_sigma,0.7,0.6998,1.7860043009247972,0,14
8_transparent_WO_VisionCrack3,WO7,lsf_sigma,0.75,0.749,1.7860043009247972,0,14
8_transparent_WO_VisionCrack3,WO7,lsf_sigma,0.8,0.762,1.7860043009247972,0,14
8_transparent_WO_VisionCrack3,WO7,lsf_sigma,0.85,0.8596,1.7860043009247972,0,14
8_transparent_WO_VisionCrack3,WO7,lsf_sigma,0.9,0.8851,1.7860043009247972,0,14
8_transparent_WO_VisionCrack3,WO7,lsf_sigma,0.95,0.9262,1.7860043009247972,0,14
8_transparent_WO_VisionCrack3,WO7,lsf_sigma,1.0,0.9373,1.7860043009247972,0,14
8_transparent_WO_VisionCrack3,WO7,lsf_sigma,1.5,1.5322,1.7860043009247972,0,14
8_transparent_WO_VisionCrack3,WO7,lsf_sigma,2.0,1.9862,1.7860043009247972,0,14
8_transparent_WO_VisionCrack3,WO7,lsf_sigma,2.5,2.4391,1.7860043009247972,0,14
8_transparent_WO_VisionCrack3,WO7,no_deconv,0.5,0.4965,1.762156276746985,0,14
8_transparent_WO_VisionCrack3,WO7,no_deconv,0.55,0.5633,1.762156276746985,0,14
8_transparent_WO_VisionCrack3,WO7,no_deconv,0.6,0.6256,1.762156276746985,0,14
8_transparent_WO_VisionCrack3,WO7,no_deconv,0.65,0.6549,1.762156276746985,0,14
8_transparent_WO_VisionCrack3,WO7,no_deconv,0.7,0.7037,1.762156276746985,0,14
8_transparent_WO_VisionCrack3,WO7,no_deconv,0.75,0.7514,1.762156276746985,0,14
8_transparent_WO_VisionCrack3,WO7,no_deconv,0.8,0.7639,1.762156276746985,0,14
8_transparent_WO_VisionCrack3,WO7,no_deconv,0.85,0.8595,1.762156276746985,0,14
8_transparent_WO_VisionCrack3,WO7,no_deconv,0.9,0.8846,1.762156276746985,0,14
8_transparent_WO_VisionCrack3,WO7,no_deconv,0.95,0.9252,1.762156276746985,0,14
8_transparent_WO_VisionCrack3,WO7,no_deconv,1.0,0.9361,1.762156276746985,0,14
8_transparent_WO_VisionCrack3,WO7,no_deconv,1.5,1.5337,1.762156276746985,0,14
8_transparent_WO_VisionCrack3,WO7,no_deconv,2.0,1.9946,1.762156276746985,0,14
8_transparent_WO_VisionCrack3,WO7,no_deconv,2.5,2.4559,1.762156276746985,0,14
8_transparent_WO_VisionCrack3,WO7,rev3_window,0.5,0.4757,1.762156276746985,0,14
8_transparent_WO_VisionCrack3,WO7,rev3_window,0.55,0.5428,1.762156276746985,0,14
8_transparent_WO_VisionCrack3,WO7,rev3_window,0.6,0.6149,1.762156276746985,0,14
8_transparent_WO_VisionCrack3,WO7,rev3_window,0.65,0.6184,1.762156276746985,0,14
8_transparent_WO_VisionCrack3,WO7,rev3_window,0.7,0.6587,1.762156276746985,0,14
8_transparent_WO_VisionCrack3,WO7,rev3_window,0.75,0.7398,1.762156276746985,0,14
8_transparent_WO_VisionCrack3,WO7,rev3_window,0.8,0.7914,1.762156276746985,0,14
8_transparent_WO_VisionCrack3,WO7,rev3_window,0.85,0.8608,1.762156276746985,0,14
8_transparent_WO_VisionCrack3,WO7,rev3_window,0.9,0.8656,1.762156276746985,0,14
8_transparent_WO_VisionCrack3,WO7,rev3_window,0.95,0.9246,1.762156276746985,0,14
8_transparent_WO_VisionCrack3,WO7,rev3_window,1.0,0.9562,1.762156276746985,0,14
8_transparent_WO_VisionCrack3,WO7,rev3_window,1.5,1.5174,1.762156276746985,0,14
8_transparent_WO_VisionCrack3,WO7,rev3_window,2.0,1.9669,1.762156276746985,0,14
8_transparent_WO_VisionCrack3,WO7,rev3_window,2.5,2.4204,1.762156276746985,0,14
8_transparent_WO_VisionCrack3,WO7,margin1.0,0.5,0.4671,1.762156276746985,0,14
8_transparent_WO_VisionCrack3,WO7,margin1.0,0.55,0.5434,1.762156276746985,0,14
8_transparent_WO_VisionCrack3,WO7,margin1.0,0.6,0.6195,1.762156276746985,0,14
8_transparent_WO_VisionCrack3,WO7,margin1.0,0.65,0.6348,1.762156276746985,0,14
8_transparent_WO_VisionCrack3,WO7,margin1.0,0.7,0.6802,1.762156276746985,0,14
8_transparent_WO_VisionCrack3,WO7,margin1.0,0.75,0.7349,1.762156276746985,0,14
8_transparent_WO_VisionCrack3,WO7,margin1.0,0.8,0.7611,1.762156276746985,0,14
8_transparent_WO_VisionCrack3,WO7,margin1.0,0.85,0.8433,1.762156276746985,0,14
8_transparent_WO_VisionCrack3,WO7,margin1.0,0.9,0.8811,1.762156276746985,0,14
8_transparent_WO_VisionCrack3,WO7,margin1.0,0.95,0.9268,1.762156276746985,0,14
8_transparent_WO_VisionCrack3,WO7,margin1.0,1.0,0.9372,1.762156276746985,0,14
8_transparent_WO_VisionCrack3,WO7,margin1.0,1.5,1.5263,1.762156276746985,0,14
8_transparent_WO_VisionCrack3,WO7,margin1.0,2.0,1.9845,1.762156276746985,0,14
8_transparent_WO_VisionCrack3,WO7,margin1.0,2.5,2.4327,1.762156276746985,0,14
8_transparent_WO_VisionCrack3,WO7,margin2.0,0.5,0.4883,1.762156276746985,0,14
8_transparent_WO_VisionCrack3,WO7,margin2.0,0.55,0.5528,1.762156276746985,0,14
8_transparent_WO_VisionCrack3,WO7,margin2.0,0.6,0.6223,1.762156276746985,0,14
8_transparent_WO_VisionCrack3,WO7,margin2.0,0.65,0.6554,1.762156276746985,0,14
8_transparent_WO_VisionCrack3,WO7,margin2.0,0.7,0.7033,1.762156276746985,0,14
8_transparent_WO_VisionCrack3,WO7,margin2.0,0.75,0.7518,1.762156276746985,0,14
8_transparent_WO_VisionCrack3,WO7,margin2.0,0.8,0.7642,1.762156276746985,0,14
8_transparent_WO_VisionCrack3,WO7,margin2.0,0.85,0.8649,1.762156276746985,0,14
8_transparent_WO_VisionCrack3,WO7,margin2.0,0.9,0.8893,1.762156276746985,0,14
8_transparent_WO_VisionCrack3,WO7,margin2.0,0.95,0.9345,1.762156276746985,0,14
8_transparent_WO_VisionCrack3,WO7,margin2.0,1.0,0.9393,1.762156276746985,0,14
8_transparent_WO_VisionCrack3,WO7,margin2.0,1.5,1.5335,1.762156276746985,0,14
8_transparent_WO_VisionCrack3,WO7,margin2.0,2.0,1.9873,1.762156276746985,0,14
8_transparent_WO_VisionCrack3,WO7,margin2.0,2.5,2.4477,1.762156276746985,0,14
8_transparent_WO_VisionCrack3,WO7,smooth15,0.5,0.4751,1.762156276746985,0,14
8_transparent_WO_VisionCrack3,WO7,smooth15,0.55,0.5515,1.762156276746985,0,14
8_transparent_WO_VisionCrack3,WO7,smooth15,0.6,0.6189,1.762156276746985,0,14
8_transparent_WO_VisionCrack3,WO7,smooth15,0.65,0.6501,1.762156276746985,0,14
8_transparent_WO_VisionCrack3,WO7,smooth15,0.7,0.6977,1.762156276746985,0,14
8_transparent_WO_VisionCrack3,WO7,smooth15,0.75,0.748,1.762156276746985,0,14
8_transparent_WO_VisionCrack3,WO7,smooth15,0.8,0.7621,1.762156276746985,0,14
8_transparent_WO_VisionCrack3,WO7,smooth15,0.85,0.8582,1.762156276746985,0,14
8_transparent_WO_VisionCrack3,WO7,smooth15,0.9,0.8828,1.762156276746985,0,14
8_transparent_WO_VisionCrack3,WO7,smooth15,0.95,0.9255,1.762156276746985,0,14
8_transparent_WO_VisionCrack3,WO7,smooth15,1.0,0.9379,1.762156276746985,0,14
8_transparent_WO_VisionCrack3,WO7,smooth15,1.5,1.5258,1.762156276746985,0,14
8_transparent_WO_VisionCrack3,WO7,smooth15,2.0,1.9687,1.762156276746985,0,14
8_transparent_WO_VisionCrack3,WO7,smooth15,2.5,2.4211,1.762156276746985,0,14
8_transparent_WO_VisionCrack3,WO7,smooth35,0.5,0.4797,1.762156276746985,0,14
8_transparent_WO_VisionCrack3,WO7,smooth35,0.55,0.5555,1.762156276746985,0,14
8_transparent_WO_VisionCrack3,WO7,smooth35,0.6,0.6235,1.762156276746985,0,14
8_transparent_WO_VisionCrack3,WO7,smooth35,0.65,0.6501,1.762156276746985,0,14
8_transparent_WO_VisionCrack3,WO7,smooth35,0.7,0.7031,1.762156276746985,0,14
8_transparent_WO_VisionCrack3,WO7,smooth35,0.75,0.7528,1.762156276746985,0,14
8_transparent_WO_VisionCrack3,WO7,smooth35,0.8,0.7663,1.762156276746985,0,14
8_transparent_WO_VisionCrack3,WO7,smooth35,0.85,0.8637,1.762156276746985,0,14
8_transparent_WO_VisionCrack3,WO7,smooth35,0.9,0.895,1.762156276746985,0,14
8_transparent_WO_VisionCrack3,WO7,smooth35,0.95,0.9375,1.762156276746985,0,14
8_transparent_WO_VisionCrack3,WO7,smooth35,1.0,0.9402,1.762156276746985,0,14
8_transparent_WO_VisionCrack3,WO7,smooth35,1.5,1.5453,1.762156276746985,0,14
8_transparent_WO_VisionCrack3,WO7,smooth35,2.0,2.0171,1.762156276746985,0,14
8_transparent_WO_VisionCrack3,WO7,smooth35,2.5,2.4739,1.762156276746985,0,14
8_transparent_WO_VisionCrack3,WO7,band0.60,0.5,0.4821,1.762156276746985,0,14
8_transparent_WO_VisionCrack3,WO7,band0.60,0.55,0.5538,1.762156276746985,0,14
8_transparent_WO_VisionCrack3,WO7,band0.60,0.6,0.6196,1.762156276746985,0,14
8_transparent_WO_VisionCrack3,WO7,band0.60,0.65,0.6503,1.762156276746985,0,14
8_transparent_WO_VisionCrack3,WO7,band0.60,0.7,0.7008,1.762156276746985,0,14
8_transparent_WO_VisionCrack3,WO7,band0.60,0.75,0.75,1.762156276746985,0,14
8_transparent_WO_VisionCrack3,WO7,band0.60,0.8,0.7629,1.762156276746985,0,14
8_transparent_WO_VisionCrack3,WO7,band0.60,0.85,0.8604,1.762156276746985,0,14
8_transparent_WO_VisionCrack3,WO7,band0.60,0.9,0.8858,1.762156276746985,0,14
8_transparent_WO_VisionCrack3,WO7,band0.60,0.95,0.9269,1.762156276746985,0,14
8_transparent_WO_VisionCrack3,WO7,band0.60,1.0,0.9379,1.762156276746985,0,14
8_transparent_WO_VisionCrack3,WO7,band0.60,1.5,1.5324,1.762156276746985,0,14
8_transparent_WO_VisionCrack3,WO7,band0.60,2.0,1.9862,1.762156276746985,0,14
8_transparent_WO_VisionCrack3,WO7,band0.60,2.5,2.439,1.762156276746985,0,14
8_transparent_WO_VisionCrack3,WO7,win0.4,0.5,0.4699,1.762156276746985,0,14
8_transparent_WO_VisionCrack3,WO7,win0.4,0.55,0.5371,1.762156276746985,0,14
8_transparent_WO_VisionCrack3,WO7,win0.4,0.6,0.6128,1.762156276746985,0,14
8_transparent_WO_VisionCrack3,WO7,win0.4,0.65,0.6422,1.762156276746985,0,14
8_transparent_WO_VisionCrack3,WO7,win0.4,0.7,0.6899,1.762156276746985,0,14
8_transparent_WO_VisionCrack3,WO7,win0.4,0.75,0.7306,1.762156276746985,0,14
8_transparent_WO_VisionCrack3,WO7,win0.4,0.8,0.7593,1.762156276746985,0,14
8_transparent_WO_VisionCrack3,WO7,win0.4,0.85,0.8364,1.762156276746985,0,14
8_transparent_WO_VisionCrack3,WO7,win0.4,0.9,0.855,1.762156276746985,0,14
8_transparent_WO_VisionCrack3,WO7,win0.4,0.95,0.9008,1.762156276746985,0,14
8_transparent_WO_VisionCrack3,WO7,win0.4,1.0,0.9376,1.762156276746985,0,14
8_transparent_WO_VisionCrack3,WO7,win0.4,1.5,1.4978,1.762156276746985,0,14
8_transparent_WO_VisionCrack3,WO7,win0.4,2.0,1.9482,1.762156276746985,0,14
8_transparent_WO_VisionCrack3,WO7,win0.4,2.5,2.4443,1.762156276746985,0,14
8_transparent_WO_VisionCrack3,WO7,win0.8,0.5,0.487,1.762156276746985,0,14
8_transparent_WO_VisionCrack3,WO7,win0.8,0.55,0.5628,1.762156276746985,0,14
8_transparent_WO_VisionCrack3,WO7,win0.8,0.6,0.6241,1.762156276746985,0,14
8_transparent_WO_VisionCrack3,WO7,win0.8,0.65,0.6393,1.762156276746985,0,14
8_transparent_WO_VisionCrack3,WO7,win0.8,0.7,0.6995,1.762156276746985,0,14
8_transparent_WO_VisionCrack3,WO7,win0.8,0.75,0.7536,1.762156276746985,0,14
8_transparent_WO_VisionCrack3,WO7,win0.8,0.8,0.7796,1.762156276746985,0,14
8_transparent_WO_VisionCrack3,WO7,win0.8,0.85,0.8598,1.762156276746985,0,14
8_transparent_WO_VisionCrack3,WO7,win0.8,0.9,0.8812,1.762156276746985,0,14
8_transparent_WO_VisionCrack3,WO7,win0.8,0.95,0.9286,1.762156276746985,0,14
8_transparent_WO_VisionCrack3,WO7,win0.8,1.0,0.9514,1.762156276746985,0,14
8_transparent_WO_VisionCrack3,WO7,win0.8,1.5,1.5284,1.762156276746985,0,14
8_transparent_WO_VisionCrack3,WO7,win0.8,2.0,1.9719,1.762156276746985,0,14
8_transparent_WO_VisionCrack3,WO7,win0.8,2.5,2.4305,1.762156276746985,0,14
8_transparent_WO_VisionCrack3,WO8,full,0.5,0.4655,1.8236773721351143,0,14
8_transparent_WO_VisionCrack3,WO8,full,0.55,0.5221,1.8236773721351143,0,14
8_transparent_WO_VisionCrack3,WO8,full,0.6,0.6166,1.8236773721351143,0,14
8_transparent_WO_VisionCrack3,WO8,full,0.65,0.6401,1.8236773721351143,0,14
8_transparent_WO_VisionCrack3,WO8,full,0.7,0.6885,1.8236773721351143,0,14
8_transparent_WO_VisionCrack3,WO8,full,0.75,0.7222,1.8236773721351143,0,14
8_transparent_WO_VisionCrack3,WO8,full,0.8,0.7725,1.8236773721351143,0,14
8_transparent_WO_VisionCrack3,WO8,full,0.85,0.8166,1.8236773721351143,0,14
8_transparent_WO_VisionCrack3,WO8,full,0.9,0.8881,1.8236773721351143,0,14
8_transparent_WO_VisionCrack3,WO8,full,0.95,0.9062,1.8236773721351143,0,14
8_transparent_WO_VisionCrack3,WO8,full,1.0,0.9367,1.8236773721351143,0,14
8_transparent_WO_VisionCrack3,WO8,full,1.5,1.5327,1.8236773721351143,0,14
8_transparent_WO_VisionCrack3,WO8,full,2.0,1.977,1.8236773721351143,0,14
8_transparent_WO_VisionCrack3,WO8,full,2.5,2.4437,1.8236773721351143,0,14
8_transparent_WO_VisionCrack3,WO8,no_masked_bg,0.5,0.4822,1.8236773721351143,0,14
8_transparent_WO_VisionCrack3,WO8,no_masked_bg,0.55,0.536,1.8236773721351143,0,14
8_transparent_WO_VisionCrack3,WO8,no_masked_bg,0.6,0.6464,1.8236773721351143,0,14
8_transparent_WO_VisionCrack3,WO8,no_masked_bg,0.65,0.6537,1.8236773721351143,0,14
8_transparent_WO_VisionCrack3,WO8,no_masked_bg,0.7,0.7132,1.8236773721351143,0,14
8_transparent_WO_VisionCrack3,WO8,no_masked_bg,0.75,0.7754,1.8236773721351143,0,14
8_transparent_WO_VisionCrack3,WO8,no_masked_bg,0.8,0.789,1.8236773721351143,0,14
8_transparent_WO_VisionCrack3,WO8,no_masked_bg,0.85,0.8472,1.8236773721351143,0,14
8_transparent_WO_VisionCrack3,WO8,no_masked_bg,0.9,0.9463,1.8236773721351143,0,14
8_transparent_WO_VisionCrack3,WO8,no_masked_bg,0.95,0.9802,1.8236773721351143,0,14
8_transparent_WO_VisionCrack3,WO8,no_masked_bg,1.0,0.9722,1.8236773721351143,0,14
8_transparent_WO_VisionCrack3,WO8,no_masked_bg,1.5,1.5649,1.8236773721351143,0,14
8_transparent_WO_VisionCrack3,WO8,no_masked_bg,2.0,2.3386,1.8236773721351143,0,14
8_transparent_WO_VisionCrack3,WO8,no_masked_bg,2.5,2.5533,1.8236773721351143,0,14
8_transparent_WO_VisionCrack3,WO8,lsf_sigma,0.5,0.4606,1.978812811846054,0,14
8_transparent_WO_VisionCrack3,WO8,lsf_sigma,0.55,0.514,1.978812811846054,0,14
8_transparent_WO_VisionCrack3,WO8,lsf_sigma,0.6,0.6131,1.978812811846054,0,14
8_transparent_WO_VisionCrack3,WO8,lsf_sigma,0.65,0.6375,1.978812811846054,0,14
8_transparent_WO_VisionCrack3,WO8,lsf_sigma,0.7,0.6874,1.978812811846054,0,14
8_transparent_WO_VisionCrack3,WO8,lsf_sigma,0.75,0.7261,1.978812811846054,0,14
8_transparent_WO_VisionCrack3,WO8,lsf_sigma,0.8,0.7705,1.978812811846054,0,14
8_transparent_WO_VisionCrack3,WO8,lsf_sigma,0.85,0.8155,1.978812811846054,0,14
8_transparent_WO_VisionCrack3,WO8,lsf_sigma,0.9,0.8887,1.978812811846054,0,14
8_transparent_WO_VisionCrack3,WO8,lsf_sigma,0.95,0.9068,1.978812811846054,0,14
8_transparent_WO_VisionCrack3,WO8,lsf_sigma,1.0,0.9381,1.978812811846054,0,14
8_transparent_WO_VisionCrack3,WO8,lsf_sigma,1.5,1.5376,1.978812811846054,0,14
8_transparent_WO_VisionCrack3,WO8,lsf_sigma,2.0,1.9859,1.978812811846054,0,14
8_transparent_WO_VisionCrack3,WO8,lsf_sigma,2.5,2.4551,1.978812811846054,0,14
8_transparent_WO_VisionCrack3,WO8,no_deconv,0.5,0.481,1.8236773721351143,0,14
8_transparent_WO_VisionCrack3,WO8,no_deconv,0.55,0.5329,1.8236773721351143,0,14
8_transparent_WO_VisionCrack3,WO8,no_deconv,0.6,0.622,1.8236773721351143,0,14
8_transparent_WO_VisionCrack3,WO8,no_deconv,0.65,0.6445,1.8236773721351143,0,14
8_transparent_WO_VisionCrack3,WO8,no_deconv,0.7,0.6912,1.8236773721351143,0,14
8_transparent_WO_VisionCrack3,WO8,no_deconv,0.75,0.7238,1.8236773721351143,0,14
8_transparent_WO_VisionCrack3,WO8,no_deconv,0.8,0.7728,1.8236773721351143,0,14
8_transparent_WO_VisionCrack3,WO8,no_deconv,0.85,0.8161,1.8236773721351143,0,14
8_transparent_WO_VisionCrack3,WO8,no_deconv,0.9,0.8865,1.8236773721351143,0,14
8_transparent_WO_VisionCrack3,WO8,no_deconv,0.95,0.9045,1.8236773721351143,0,14
8_transparent_WO_VisionCrack3,WO8,no_deconv,1.0,0.9348,1.8236773721351143,0,14
8_transparent_WO_VisionCrack3,WO8,no_deconv,1.5,1.536,1.8236773721351143,0,14
8_transparent_WO_VisionCrack3,WO8,no_deconv,2.0,1.9891,1.8236773721351143,0,14
8_transparent_WO_VisionCrack3,WO8,no_deconv,2.5,2.4666,1.8236773721351143,0,14
8_transparent_WO_VisionCrack3,WO8,rev3_window,0.5,0.4624,1.8236773721351143,0,14
8_transparent_WO_VisionCrack3,WO8,rev3_window,0.55,0.5249,1.8236773721351143,0,14
8_transparent_WO_VisionCrack3,WO8,rev3_window,0.6,0.621,1.8236773721351143,0,14
8_transparent_WO_VisionCrack3,WO8,rev3_window,0.65,0.6131,1.8236773721351143,0,14
8_transparent_WO_VisionCrack3,WO8,rev3_window,0.7,0.6601,1.8236773721351143,0,14
8_transparent_WO_VisionCrack3,WO8,rev3_window,0.75,0.7214,1.8236773721351143,0,14
8_transparent_WO_VisionCrack3,WO8,rev3_window,0.8,0.7964,1.8236773721351143,0,14
8_transparent_WO_VisionCrack3,WO8,rev3_window,0.85,0.831,1.8236773721351143,0,14
8_transparent_WO_VisionCrack3,WO8,rev3_window,0.9,0.8882,1.8236773721351143,0,14
8_transparent_WO_VisionCrack3,WO8,rev3_window,0.95,0.9175,1.8236773721351143,0,14
8_transparent_WO_VisionCrack3,WO8,rev3_window,1.0,0.9564,1.8236773721351143,0,14
8_transparent_WO_VisionCrack3,WO8,rev3_window,1.5,1.5204,1.8236773721351143,0,14
8_transparent_WO_VisionCrack3,WO8,rev3_window,2.0,1.9661,1.8236773721351143,0,14
8_transparent_WO_VisionCrack3,WO8,rev3_window,2.5,2.4263,1.8236773721351143,0,14
8_transparent_WO_VisionCrack3,WO8,margin1.0,0.5,0.4522,1.8236773721351143,0,14
8_transparent_WO_VisionCrack3,WO8,margin1.0,0.55,0.509,1.8236773721351143,0,14
8_transparent_WO_VisionCrack3,WO8,margin1.0,0.6,0.6112,1.8236773721351143,0,14
8_transparent_WO_VisionCrack3,WO8,margin1.0,0.65,0.6358,1.8236773721351143,0,14
8_transparent_WO_VisionCrack3,WO8,margin1.0,0.7,0.6782,1.8236773721351143,0,14
8_transparent_WO_VisionCrack3,WO8,margin1.0,0.75,0.7132,1.8236773721351143,0,14
8_transparent_WO_VisionCrack3,WO8,margin1.0,0.8,0.7709,1.8236773721351143,0,14
8_transparent_WO_VisionCrack3,WO8,margin1.0,0.85,0.8149,1.8236773721351143,0,14
8_transparent_WO_VisionCrack3,WO8,margin1.0,0.9,0.8851,1.8236773721351143,0,14
8_transparent_WO_VisionCrack3,WO8,margin1.0,0.95,0.9057,1.8236773721351143,0,14
8_transparent_WO_VisionCrack3,WO8,margin1.0,1.0,0.9347,1.8236773721351143,0,14
8_transparent_WO_VisionCrack3,WO8,margin1.0,1.5,1.5294,1.8236773721351143,0,14
8_transparent_WO_VisionCrack3,WO8,margin1.0,2.0,1.9744,1.8236773721351143,0,14
8_transparent_WO_VisionCrack3,WO8,margin1.0,2.5,2.4362,1.8236773721351143,0,14
8_transparent_WO_VisionCrack3,WO8,margin2.0,0.5,0.4777,1.8236773721351143,0,14
8_transparent_WO_VisionCrack3,WO8,margin2.0,0.55,0.5254,1.8236773721351143,0,14
8_transparent_WO_VisionCrack3,WO8,margin2.0,0.6,0.6202,1.8236773721351143,0,14
8_transparent_WO_VisionCrack3,WO8,margin2.0,0.65,0.646,1.8236773721351143,0,14
8_transparent_WO_VisionCrack3,WO8,margin2.0,0.7,0.6979,1.8236773721351143,0,14
8_transparent_WO_VisionCrack3,WO8,margin2.0,0.75,0.737,1.8236773721351143,0,14
8_transparent_WO_VisionCrack3,WO8,margin2.0,0.8,0.7763,1.8236773721351143,0,14
8_transparent_WO_VisionCrack3,WO8,margin2.0,0.85,0.8232,1.8236773721351143,0,14
8_transparent_WO_VisionCrack3,WO8,margin2.0,0.9,0.8981,1.8236773721351143,0,14
8_transparent_WO_VisionCrack3,WO8,margin2.0,0.95,0.914,1.8236773721351143,0,14
8_transparent_WO_VisionCrack3,WO8,margin2.0,1.0,0.9394,1.8236773721351143,0,14
8_transparent_WO_VisionCrack3,WO8,margin2.0,1.5,1.5328,1.8236773721351143,0,14
8_transparent_WO_VisionCrack3,WO8,margin2.0,2.0,1.9801,1.8236773721351143,0,14
8_transparent_WO_VisionCrack3,WO8,margin2.0,2.5,2.4504,1.8236773721351143,0,14
8_transparent_WO_VisionCrack3,WO8,smooth15,0.5,0.4591,1.8236773721351143,0,14
8_transparent_WO_VisionCrack3,WO8,smooth15,0.55,0.5216,1.8236773721351143,0,14
8_transparent_WO_VisionCrack3,WO8,smooth15,0.6,0.6157,1.8236773721351143,0,14
8_transparent_WO_VisionCrack3,WO8,smooth15,0.65,0.6394,1.8236773721351143,0,14
8_transparent_WO_VisionCrack3,WO8,smooth15,0.7,0.6877,1.8236773721351143,0,14
8_transparent_WO_VisionCrack3,WO8,smooth15,0.75,0.7223,1.8236773721351143,0,14
8_transparent_WO_VisionCrack3,WO8,smooth15,0.8,0.7706,1.8236773721351143,0,14
8_transparent_WO_VisionCrack3,WO8,smooth15,0.85,0.8132,1.8236773721351143,0,14
8_transparent_WO_VisionCrack3,WO8,smooth15,0.9,0.8819,1.8236773721351143,0,14
8_transparent_WO_VisionCrack3,WO8,smooth15,0.95,0.9052,1.8236773721351143,0,14
8_transparent_WO_VisionCrack3,WO8,smooth15,1.0,0.9394,1.8236773721351143,0,14
8_transparent_WO_VisionCrack3,WO8,smooth15,1.5,1.5274,1.8236773721351143,0,14
8_transparent_WO_VisionCrack3,WO8,smooth15,2.0,1.9648,1.8236773721351143,0,14
8_transparent_WO_VisionCrack3,WO8,smooth15,2.5,2.424,1.8236773721351143,0,14
8_transparent_WO_VisionCrack3,WO8,smooth35,0.5,0.4664,1.8236773721351143,0,14
8_transparent_WO_VisionCrack3,WO8,smooth35,0.55,0.524,1.8236773721351143,0,14
8_transparent_WO_VisionCrack3,WO8,smooth35,0.6,0.6174,1.8236773721351143,0,14
8_transparent_WO_VisionCrack3,WO8,smooth35,0.65,0.6398,1.8236773721351143,0,14
8_transparent_WO_VisionCrack3,WO8,smooth35,0.7,0.69,1.8236773721351143,0,14
8_transparent_WO_VisionCrack3,WO8,smooth35,0.75,0.7268,1.8236773721351143,0,14
8_transparent_WO_VisionCrack3,WO8,smooth35,0.8,0.7759,1.8236773721351143,0,14
8_transparent_WO_VisionCrack3,WO8,smooth35,0.85,0.8241,1.8236773721351143,0,14
8_transparent_WO_VisionCrack3,WO8,smooth35,0.9,0.8993,1.8236773721351143,0,14
8_transparent_WO_VisionCrack3,WO8,smooth35,0.95,0.9132,1.8236773721351143,0,14
8_transparent_WO_VisionCrack3,WO8,smooth35,1.0,0.9406,1.8236773721351143,0,14
8_transparent_WO_VisionCrack3,WO8,smooth35,1.5,1.5443,1.8236773721351143,0,14
8_transparent_WO_VisionCrack3,WO8,smooth35,2.0,1.9964,1.8236773721351143,0,14
8_transparent_WO_VisionCrack3,WO8,smooth35,2.5,2.4767,1.8236773721351143,0,14
8_transparent_WO_VisionCrack3,WO8,band0.60,0.5,0.4655,1.8236773721351143,0,14
8_transparent_WO_VisionCrack3,WO8,band0.60,0.55,0.5221,1.8236773721351143,0,14
8_transparent_WO_VisionCrack3,WO8,band0.60,0.6,0.6166,1.8236773721351143,0,14
8_transparent_WO_VisionCrack3,WO8,band0.60,0.65,0.6401,1.8236773721351143,0,14
8_transparent_WO_VisionCrack3,WO8,band0.60,0.7,0.6885,1.8236773721351143,0,14
8_transparent_WO_VisionCrack3,WO8,band0.60,0.75,0.7222,1.8236773721351143,0,14
8_transparent_WO_VisionCrack3,WO8,band0.60,0.8,0.7725,1.8236773721351143,0,14
8_transparent_WO_VisionCrack3,WO8,band0.60,0.85,0.8166,1.8236773721351143,0,14
8_transparent_WO_VisionCrack3,WO8,band0.60,0.9,0.8881,1.8236773721351143,0,14
8_transparent_WO_VisionCrack3,WO8,band0.60,0.95,0.9062,1.8236773721351143,0,14
8_transparent_WO_VisionCrack3,WO8,band0.60,1.0,0.9367,1.8236773721351143,0,14
8_transparent_WO_VisionCrack3,WO8,band0.60,1.5,1.5327,1.8236773721351143,0,14
8_transparent_WO_VisionCrack3,WO8,band0.60,2.0,1.977,1.8236773721351143,0,14
8_transparent_WO_VisionCrack3,WO8,band0.60,2.5,2.4437,1.8236773721351143,0,14
8_transparent_WO_VisionCrack3,WO8,win0.4,0.5,0.4378,1.8236773721351143,0,14
8_transparent_WO_VisionCrack3,WO8,win0.4,0.55,0.5173,1.8236773721351143,0,14
8_transparent_WO_VisionCrack3,WO8,win0.4,0.6,0.6121,1.8236773721351143,0,14
8_transparent_WO_VisionCrack3,WO8,win0.4,0.65,0.6339,1.8236773721351143,0,14
8_transparent_WO_VisionCrack3,WO8,win0.4,0.7,0.6799,1.8236773721351143,0,14
8_transparent_WO_VisionCrack3,WO8,win0.4,0.75,0.7233,1.8236773721351143,0,14
8_transparent_WO_VisionCrack3,WO8,win0.4,0.8,0.767,1.8236773721351143,0,14
8_transparent_WO_VisionCrack3,WO8,win0.4,0.85,0.8014,1.8236773721351143,0,14
8_transparent_WO_VisionCrack3,WO8,win0.4,0.9,0.8482,1.8236773721351143,0,14
8_transparent_WO_VisionCrack3,WO8,win0.4,0.95,0.8932,1.8236773721351143,0,14
8_transparent_WO_VisionCrack3,WO8,win0.4,1.0,0.9347,1.8236773721351143,0,14
8_transparent_WO_VisionCrack3,WO8,win0.4,1.5,1.5001,1.8236773721351143,0,14
8_transparent_WO_VisionCrack3,WO8,win0.4,2.0,1.9511,1.8236773721351143,0,14
8_transparent_WO_VisionCrack3,WO8,win0.4,2.5,2.4522,1.8236773721351143,0,14
8_transparent_WO_VisionCrack3,WO8,win0.8,0.5,0.4647,1.8236773721351143,0,14
8_transparent_WO_VisionCrack3,WO8,win0.8,0.55,0.5289,1.8236773721351143,0,14
8_transparent_WO_VisionCrack3,WO8,win0.8,0.6,0.6284,1.8236773721351143,0,14
8_transparent_WO_VisionCrack3,WO8,win0.8,0.65,0.636,1.8236773721351143,0,14
8_transparent_WO_VisionCrack3,WO8,win0.8,0.7,0.6847,1.8236773721351143,0,14
8_transparent_WO_VisionCrack3,WO8,win0.8,0.75,0.7344,1.8236773721351143,0,14
8_transparent_WO_VisionCrack3,WO8,win0.8,0.8,0.7833,1.8236773721351143,0,14
8_transparent_WO_VisionCrack3,WO8,win0.8,0.85,0.8332,1.8236773721351143,0,14
8_transparent_WO_VisionCrack3,WO8,win0.8,0.9,0.8884,1.8236773721351143,0,14
8_transparent_WO_VisionCrack3,WO8,win0.8,0.95,0.9233,1.8236773721351143,0,14
8_transparent_WO_VisionCrack3,WO8,win0.8,1.0,0.9545,1.8236773721351143,0,14
8_transparent_WO_VisionCrack3,WO8,win0.8,1.5,1.5337,1.8236773721351143,0,14
8_transparent_WO_VisionCrack3,WO8,win0.8,2.0,1.9722,1.8236773721351143,0,14
8_transparent_WO_VisionCrack3,WO8,win0.8,2.5,2.4404,1.8236773721351143,0,14
8_transparent_WO_VisionCrack3,WO9,full,0.5,0.461,1.726182346756127,0,14
8_transparent_WO_VisionCrack3,WO9,full,0.55,0.5254,1.726182346756127,0,14
8_transparent_WO_VisionCrack3,WO9,full,0.6,0.606,1.726182346756127,0,14
8_transparent_WO_VisionCrack3,WO9,full,0.65,0.635,1.726182346756127,0,14
8_transparent_WO_VisionCrack3,WO9,full,0.7,0.6322,1.726182346756127,0,14
8_transparent_WO_VisionCrack3,WO9,full,0.75,0.7136,1.726182346756127,0,14
8_transparent_WO_VisionCrack3,WO9,full,0.8,0.7695,1.726182346756127,0,14
8_transparent_WO_VisionCrack3,WO9,full,0.85,0.8009,1.726182346756127,0,14
8_transparent_WO_VisionCrack3,WO9,full,0.9,0.8643,1.726182346756127,0,14
8_transparent_WO_VisionCrack3,WO9,full,0.95,0.8976,1.726182346756127,0,14
8_transparent_WO_VisionCrack3,WO9,full,1.0,0.9374,1.726182346756127,0,14
8_transparent_WO_VisionCrack3,WO9,full,1.5,1.5329,1.726182346756127,0,14
8_transparent_WO_VisionCrack3,WO9,full,2.0,1.9859,1.726182346756127,0,14
8_transparent_WO_VisionCrack3,WO9,full,2.5,2.4338,1.726182346756127,0,14
8_transparent_WO_VisionCrack3,WO9,no_masked_bg,0.5,0.4796,1.726182346756127,0,14
8_transparent_WO_VisionCrack3,WO9,no_masked_bg,0.55,0.5352,1.726182346756127,0,14
8_transparent_WO_VisionCrack3,WO9,no_masked_bg,0.6,0.618,1.726182346756127,0,14
8_transparent_WO_VisionCrack3,WO9,no_masked_bg,0.65,0.645,1.726182346756127,0,14
8_transparent_WO_VisionCrack3,WO9,no_masked_bg,0.7,0.6545,1.726182346756127,0,14
8_transparent_WO_VisionCrack3,WO9,no_masked_bg,0.75,0.735,1.726182346756127,0,14
8_transparent_WO_VisionCrack3,WO9,no_masked_bg,0.8,0.7849,1.726182346756127,0,14
8_transparent_WO_VisionCrack3,WO9,no_masked_bg,0.85,0.8166,1.726182346756127,0,14
8_transparent_WO_VisionCrack3,WO9,no_masked_bg,0.9,0.8823,1.726182346756127,0,14
8_transparent_WO_VisionCrack3,WO9,no_masked_bg,0.95,0.9274,1.726182346756127,0,14
8_transparent_WO_VisionCrack3,WO9,no_masked_bg,1.0,0.9673,1.726182346756127,0,14
8_transparent_WO_VisionCrack3,WO9,no_masked_bg,1.5,1.5696,1.726182346756127,0,14
8_transparent_WO_VisionCrack3,WO9,no_masked_bg,2.0,2.3023,1.726182346756127,0,14
8_transparent_WO_VisionCrack3,WO9,no_masked_bg,2.5,2.5532,1.726182346756127,0,14
8_transparent_WO_VisionCrack3,WO9,lsf_sigma,0.5,0.4522,1.925194711587033,0,14
8_transparent_WO_VisionCrack3,WO9,lsf_sigma,0.55,0.5161,1.925194711587033,0,14
8_transparent_WO_VisionCrack3,WO9,lsf_sigma,0.6,0.5973,1.925194711587033,0,14
8_transparent_WO_VisionCrack3,WO9,lsf_sigma,0.65,0.6311,1.925194711587033,0,14
8_transparent_WO_VisionCrack3,WO9,lsf_sigma,0.7,0.6256,1.925194711587033,0,14
8_transparent_WO_VisionCrack3,WO9,lsf_sigma,0.75,0.7111,1.925194711587033,0,14
8_transparent_WO_VisionCrack3,WO9,lsf_sigma,0.8,0.7649,1.925194711587033,0,14
8_transparent_WO_VisionCrack3,WO9,lsf_sigma,0.85,0.797,1.925194711587033,0,14
8_transparent_WO_VisionCrack3,WO9,lsf_sigma,0.9,0.8609,1.925194711587033,0,14
8_transparent_WO_VisionCrack3,WO9,lsf_sigma,0.95,0.8948,1.925194711587033,0,14
8_transparent_WO_VisionCrack3,WO9,lsf_sigma,1.0,0.9357,1.925194711587033,0,14
8_transparent_WO_VisionCrack3,WO9,lsf_sigma,1.5,1.5377,1.925194711587033,0,14
8_transparent_WO_VisionCrack3,WO9,lsf_sigma,2.0,1.993,1.925194711587033,0,14
8_transparent_WO_VisionCrack3,WO9,lsf_sigma,2.5,2.4465,1.925194711587033,0,14
8_transparent_WO_VisionCrack3,WO9,no_deconv,0.5,0.4796,1.726182346756127,0,14
8_transparent_WO_VisionCrack3,WO9,no_deconv,0.55,0.539,1.726182346756127,0,14
8_transparent_WO_VisionCrack3,WO9,no_deconv,0.6,0.615,1.726182346756127,0,14
8_transparent_WO_VisionCrack3,WO9,no_deconv,0.65,0.6428,1.726182346756127,0,14
8_transparent_WO_VisionCrack3,WO9,no_deconv,0.7,0.6402,1.726182346756127,0,14
8_transparent_WO_VisionCrack3,WO9,no_deconv,0.75,0.7186,1.726182346756127,0,14
8_transparent_WO_VisionCrack3,WO9,no_deconv,0.8,0.773,1.726182346756127,0,14
8_transparent_WO_VisionCrack3,WO9,no_deconv,0.85,0.8038,1.726182346756127,0,14
8_transparent_WO_VisionCrack3,WO9,no_deconv,0.9,0.8662,1.726182346756127,0,14
8_transparent_WO_VisionCrack3,WO9,no_deconv,0.95,0.8991,1.726182346756127,0,14
8_transparent_WO_VisionCrack3,WO9,no_deconv,1.0,0.9385,1.726182346756127,0,14
8_transparent_WO_VisionCrack3,WO9,no_deconv,1.5,1.5372,1.726182346756127,0,14
8_transparent_WO_VisionCrack3,WO9,no_deconv,2.0,1.9972,1.726182346756127,0,14
8_transparent_WO_VisionCrack3,WO9,no_deconv,2.5,2.4536,1.726182346756127,0,14
8_transparent_WO_VisionCrack3,WO9,rev3_window,0.5,0.4532,1.726182346756127,0,14
8_transparent_WO_VisionCrack3,WO9,rev3_window,0.55,0.5303,1.726182346756127,0,14
8_transparent_WO_VisionCrack3,WO9,rev3_window,0.6,0.6107,1.726182346756127,0,14
8_transparent_WO_VisionCrack3,WO9,rev3_window,0.65,0.6329,1.726182346756127,0,14
8_transparent_WO_VisionCrack3,WO9,rev3_window,0.7,0.6572,1.726182346756127,0,14
8_transparent_WO_VisionCrack3,WO9,rev3_window,0.75,0.7046,1.726182346756127,0,14
8_transparent_WO_VisionCrack3,WO9,rev3_window,0.8,0.7924,1.726182346756127,0,14
8_transparent_WO_VisionCrack3,WO9,rev3_window,0.85,0.8303,1.726182346756127,0,14
8_transparent_WO_VisionCrack3,WO9,rev3_window,0.9,0.9005,1.726182346756127,0,14
8_transparent_WO_VisionCrack3,WO9,rev3_window,0.95,0.9229,1.726182346756127,0,14
8_transparent_WO_VisionCrack3,WO9,rev3_window,1.0,0.9508,1.726182346756127,0,14
8_transparent_WO_VisionCrack3,WO9,rev3_window,1.5,1.5221,1.726182346756127,0,14
8_transparent_WO_VisionCrack3,WO9,rev3_window,2.0,1.9672,1.726182346756127,0,14
8_transparent_WO_VisionCrack3,WO9,rev3_window,2.5,2.4111,1.726182346756127,0,14
8_transparent_WO_VisionCrack3,WO9,margin1.0,0.5,0.443,1.726182346756127,0,14
8_transparent_WO_VisionCrack3,WO9,margin1.0,0.55,0.5185,1.726182346756127,0,14
8_transparent_WO_VisionCrack3,WO9,margin1.0,0.6,0.5959,1.726182346756127,0,14
8_transparent_WO_VisionCrack3,WO9,margin1.0,0.65,0.6241,1.726182346756127,0,14
8_transparent_WO_VisionCrack3,WO9,margin1.0,0.7,0.6311,1.726182346756127,0,14
8_transparent_WO_VisionCrack3,WO9,margin1.0,0.75,0.7101,1.726182346756127,0,14
8_transparent_WO_VisionCrack3,WO9,margin1.0,0.8,0.7683,1.726182346756127,0,14
8_transparent_WO_VisionCrack3,WO9,margin1.0,0.85,0.7998,1.726182346756127,0,14
8_transparent_WO_VisionCrack3,WO9,margin1.0,0.9,0.8637,1.726182346756127,0,14
8_transparent_WO_VisionCrack3,WO9,margin1.0,0.95,0.8971,1.726182346756127,0,14
8_transparent_WO_VisionCrack3,WO9,margin1.0,1.0,0.9363,1.726182346756127,0,14
8_transparent_WO_VisionCrack3,WO9,margin1.0,1.5,1.5304,1.726182346756127,0,14
8_transparent_WO_VisionCrack3,WO9,margin1.0,2.0,1.9835,1.726182346756127,0,14
8_transparent_WO_VisionCrack3,WO9,margin1.0,2.5,2.4279,1.726182346756127,0,14
8_transparent_WO_VisionCrack3,WO9,margin2.0,0.5,0.4659,1.726182346756127,0,14
8_transparent_WO_VisionCrack3,WO9,margin2.0,0.55,0.5267,1.726182346756127,0,14
8_transparent_WO_VisionCrack3,WO9,margin2.0,0.6,0.6082,1.726182346756127,0,14
8_transparent_WO_VisionCrack3,WO9,margin2.0,0.65,0.6395,1.726182346756127,0,14
8_transparent_WO_VisionCrack3,WO9,margin2.0,0.7,0.642,1.726182346756127,0,14
8_transparent_WO_VisionCrack3,WO9,margin2.0,0.75,0.7227,1.726182346756127,0,14
8_transparent_WO_VisionCrack3,WO9,margin2.0,0.8,0.771,1.726182346756127,0,14
8_transparent_WO_VisionCrack3,WO9,margin2.0,0.85,0.8031,1.726182346756127,0,14
8_transparent_WO_VisionCrack3,WO9,margin2.0,0.9,0.8652,1.726182346756127,0,14
8_transparent_WO_VisionCrack3,WO9,margin2.0,0.95,0.8981,1.726182346756127,0,14
8_transparent_WO_VisionCrack3,WO9,margin2.0,1.0,0.9387,1.726182346756127,0,14
8_transparent_WO_VisionCrack3,WO9,margin2.0,1.5,1.5349,1.726182346756127,0,14
8_transparent_WO_VisionCrack3,WO9,margin2.0,2.0,1.988,1.726182346756127,0,14
8_transparent_WO_VisionCrack3,WO9,margin2.0,2.5,2.4383,1.726182346756127,0,14
8_transparent_WO_VisionCrack3,WO9,smooth15,0.5,0.4545,1.726182346756127,0,14
8_transparent_WO_VisionCrack3,WO9,smooth15,0.55,0.5251,1.726182346756127,0,14
8_transparent_WO_VisionCrack3,WO9,smooth15,0.6,0.6069,1.726182346756127,0,14
8_transparent_WO_VisionCrack3,WO9,smooth15,0.65,0.6329,1.726182346756127,0,14
8_transparent_WO_VisionCrack3,WO9,smooth15,0.7,0.6306,1.726182346756127,0,14
8_transparent_WO_VisionCrack3,WO9,smooth15,0.75,0.711,1.726182346756127,0,14
8_transparent_WO_VisionCrack3,WO9,smooth15,0.8,0.7684,1.726182346756127,0,14
8_transparent_WO_VisionCrack3,WO9,smooth15,0.85,0.7999,1.726182346756127,0,14
8_transparent_WO_VisionCrack3,WO9,smooth15,0.9,0.8654,1.726182346756127,0,14
8_transparent_WO_VisionCrack3,WO9,smooth15,0.95,0.8991,1.726182346756127,0,14
8_transparent_WO_VisionCrack3,WO9,smooth15,1.0,0.9386,1.726182346756127,0,14
8_transparent_WO_VisionCrack3,WO9,smooth15,1.5,1.5272,1.726182346756127,0,14
8_transparent_WO_VisionCrack3,WO9,smooth15,2.0,1.9734,1.726182346756127,0,14
8_transparent_WO_VisionCrack3,WO9,smooth15,2.5,2.4149,1.726182346756127,0,14
8_transparent_WO_VisionCrack3,WO9,smooth35,0.5,0.4625,1.726182346756127,0,14
8_transparent_WO_VisionCrack3,WO9,smooth35,0.55,0.5264,1.726182346756127,0,14
8_transparent_WO_VisionCrack3,WO9,smooth35,0.6,0.6057,1.726182346756127,0,14
8_transparent_WO_VisionCrack3,WO9,smooth35,0.65,0.6367,1.726182346756127,0,14
8_transparent_WO_VisionCrack3,WO9,smooth35,0.7,0.6385,1.726182346756127,0,14
8_transparent_WO_VisionCrack3,WO9,smooth35,0.75,0.7154,1.726182346756127,0,14
8_transparent_WO_VisionCrack3,WO9,smooth35,0.8,0.7725,1.726182346756127,0,14
8_transparent_WO_VisionCrack3,WO9,smooth35,0.85,0.8056,1.726182346756127,0,14
8_transparent_WO_VisionCrack3,WO9,smooth35,0.9,0.8709,1.726182346756127,0,14
8_transparent_WO_VisionCrack3,WO9,smooth35,0.95,0.9026,1.726182346756127,0,14
8_transparent_WO_VisionCrack3,WO9,smooth35,1.0,0.9397,1.726182346756127,0,14
8_transparent_WO_VisionCrack3,WO9,smooth35,1.5,1.5436,1.726182346756127,0,14
8_transparent_WO_VisionCrack3,WO9,smooth35,2.0,2.0033,1.726182346756127,0,14
8_transparent_WO_VisionCrack3,WO9,smooth35,2.5,2.4603,1.726182346756127,0,14
8_transparent_WO_VisionCrack3,WO9,band0.60,0.5,0.461,1.726182346756127,0,14
8_transparent_WO_VisionCrack3,WO9,band0.60,0.55,0.5254,1.726182346756127,0,14
8_transparent_WO_VisionCrack3,WO9,band0.60,0.6,0.606,1.726182346756127,0,14
8_transparent_WO_VisionCrack3,WO9,band0.60,0.65,0.635,1.726182346756127,0,14
8_transparent_WO_VisionCrack3,WO9,band0.60,0.7,0.6322,1.726182346756127,0,14
8_transparent_WO_VisionCrack3,WO9,band0.60,0.75,0.7136,1.726182346756127,0,14
8_transparent_WO_VisionCrack3,WO9,band0.60,0.8,0.7695,1.726182346756127,0,14
8_transparent_WO_VisionCrack3,WO9,band0.60,0.85,0.8009,1.726182346756127,0,14
8_transparent_WO_VisionCrack3,WO9,band0.60,0.9,0.8643,1.726182346756127,0,14
8_transparent_WO_VisionCrack3,WO9,band0.60,0.95,0.8976,1.726182346756127,0,14
8_transparent_WO_VisionCrack3,WO9,band0.60,1.0,0.9374,1.726182346756127,0,14
8_transparent_WO_VisionCrack3,WO9,band0.60,1.5,1.5329,1.726182346756127,0,14
8_transparent_WO_VisionCrack3,WO9,band0.60,2.0,1.9859,1.726182346756127,0,14
8_transparent_WO_VisionCrack3,WO9,band0.60,2.5,2.4338,1.726182346756127,0,14
8_transparent_WO_VisionCrack3,WO9,win0.4,0.5,0.4323,1.726182346756127,0,14
8_transparent_WO_VisionCrack3,WO9,win0.4,0.55,0.5105,1.726182346756127,0,14
8_transparent_WO_VisionCrack3,WO9,win0.4,0.6,0.5982,1.726182346756127,0,14
8_transparent_WO_VisionCrack3,WO9,win0.4,0.65,0.6209,1.726182346756127,0,14
8_transparent_WO_VisionCrack3,WO9,win0.4,0.7,0.6323,1.726182346756127,0,14
8_transparent_WO_VisionCrack3,WO9,win0.4,0.75,0.6836,1.726182346756127,0,14
8_transparent_WO_VisionCrack3,WO9,win0.4,0.8,0.7666,1.726182346756127,0,14
8_transparent_WO_VisionCrack3,WO9,win0.4,0.85,0.7981,1.726182346756127,0,14
8_transparent_WO_VisionCrack3,WO9,win0.4,0.9,0.866,1.726182346756127,0,14
8_transparent_WO_VisionCrack3,WO9,win0.4,0.95,0.9008,1.726182346756127,0,14
8_transparent_WO_VisionCrack3,WO9,win0.4,1.0,0.9375,1.726182346756127,0,14
8_transparent_WO_VisionCrack3,WO9,win0.4,1.5,1.5064,1.726182346756127,0,14
8_transparent_WO_VisionCrack3,WO9,win0.4,2.0,1.9578,1.726182346756127,0,14
8_transparent_WO_VisionCrack3,WO9,win0.4,2.5,2.4376,1.726182346756127,0,14
8_transparent_WO_VisionCrack3,WO9,win0.8,0.5,0.4652,1.726182346756127,0,14
8_transparent_WO_VisionCrack3,WO9,win0.8,0.55,0.5304,1.726182346756127,0,14
8_transparent_WO_VisionCrack3,WO9,win0.8,0.6,0.6122,1.726182346756127,0,14
8_transparent_WO_VisionCrack3,WO9,win0.8,0.65,0.637,1.726182346756127,0,14
8_transparent_WO_VisionCrack3,WO9,win0.8,0.7,0.6727,1.726182346756127,0,14
8_transparent_WO_VisionCrack3,WO9,win0.8,0.75,0.7057,1.726182346756127,0,14
8_transparent_WO_VisionCrack3,WO9,win0.8,0.8,0.779,1.726182346756127,0,14
8_transparent_WO_VisionCrack3,WO9,win0.8,0.85,0.8132,1.726182346756127,0,14
8_transparent_WO_VisionCrack3,WO9,win0.8,0.9,0.8848,1.726182346756127,0,14
8_transparent_WO_VisionCrack3,WO9,win0.8,0.95,0.9201,1.726182346756127,0,14
8_transparent_WO_VisionCrack3,WO9,win0.8,1.0,0.9553,1.726182346756127,0,14
8_transparent_WO_VisionCrack3,WO9,win0.8,1.5,1.5326,1.726182346756127,0,14
8_transparent_WO_VisionCrack3,WO9,win0.8,2.0,1.9796,1.726182346756127,0,14
8_transparent_WO_VisionCrack3,WO9,win0.8,2.5,2.4325,1.726182346756127,0,14
