folder,tag,variant,truth,est,sigma,subres,n
1_opaque_W_VisionCrack3,1784091624,full,0.5,0.4933,1.4014853667422358,0,14
1_opaque_W_VisionCrack3,1784091624,full,0.55,0.5174,1.4014853667422358,0,14
1_opaque_W_VisionCrack3,1784091624,full,0.6,0.6182,1.4014853667422358,0,14
1_opaque_W_VisionCrack3,1784091624,full,0.65,0.6621,1.4014853667422358,0,14
1_opaque_W_VisionCrack3,1784091624,full,0.7,0.6968,1.4014853667422358,0,14
1_opaque_W_VisionCrack3,1784091624,full,0.75,0.7432,1.4014853667422358,0,14
1_opaque_W_VisionCrack3,1784091624,full,0.8,0.8297,1.4014853667422358,0,14
1_opaque_W_VisionCrack3,1784091624,full,0.85,0.8741,1.4014853667422358,0,14
1_opaque_W_VisionCrack3,1784091624,full,0.9,0.9166,1.4014853667422358,0,14
1_opaque_W_VisionCrack3,1784091624,full,0.95,0.963,1.4014853667422358,0,14
1_opaque_W_VisionCrack3,1784091624,full,1.0,0.9961,1.4014853667422358,0,14
1_opaque_W_VisionCrack3,1784091624,full,1.5,1.5522,1.4014853667422358,0,14
1_opaque_W_VisionCrack3,1784091624,full,2.0,2.0246,1.4014853667422358,0,14
1_opaque_W_VisionCrack3,1784091624,full,2.5,2.4821,1.4014853667422358,0,14
1_opaque_W_VisionCrack3,1784091624,no_masked_bg,0.5,0.493,1.4014853667422358,0,14
1_opaque_W_VisionCrack3,1784091624,no_masked_bg,0.55,0.5179,1.4014853667422358,0,14
1_opaque_W_VisionCrack3,1784091624,no_masked_bg,0.6,0.6183,1.4014853667422358,0,14
1_opaque_W_VisionCrack3,1784091624,no_masked_bg,0.65,0.6617,1.4014853667422358,0,14
1_opaque_W_VisionCrack3,1784091624,no_masked_bg,0.7,0.697,1.4014853667422358,0,14
1_opaque_W_VisionCrack3,1784091624,no_masked_bg,0.75,0.7439,1.4014853667422358,0,14
1_opaque_W_VisionCrack3,1784091624,no_masked_bg,0.8,0.8298,1.4014853667422358,0,14
1_opaque_W_VisionCrack3,1784091624,no_masked_bg,0.85,0.8746,1.4014853667422358,0,14
1_opaque_W_VisionCrack3,1784091624,no_masked_bg,0.9,0.9167,1.4014853667422358,0,14
1_opaque_W_VisionCrack3,1784091624,no_masked_bg,0.95,0.9638,1.4014853667422358,0,14
1_opaque_W_VisionCrack3,1784091624,no_masked_bg,1.0,0.9969,1.4014853667422358,0,14
1_opaque_W_VisionCrack3,1784091624,no_masked_bg,1.5,1.5536,1.4014853667422358,0,14
1_opaque_W_VisionCrack3,1784091624,no_masked_bg,2.0,2.1637,1.4014853667422358,0,14
1_opaque_W_VisionCrack3,1784091624,no_masked_bg,2.5,2.4898,1.4014853667422358,0,14
1_opaque_W_VisionCrack3,1784091624,lsf_sigma,0.5,0.4792,1.6771525287748152,0,14
1_opaque_W_VisionCrack3,1784091624,lsf_sigma,0.55,0.5042,1.6771525287748152,0,14
1_opaque_W_VisionCrack3,1784091624,lsf_sigma,0.6,0.6084,1.6771525287748152,0,14
1_opaque_W_VisionCrack3,1784091624,lsf_sigma,0.65,0.6533,1.6771525287748152,0,14
1_opaque_W_VisionCrack3,1784091624,lsf_sigma,0.7,0.6886,1.6771525287748152,0,14
1_opaque_W_VisionCrack3,1784091624,lsf_sigma,0.75,0.7361,1.6771525287748152,0,14
1_opaque_W_VisionCrack3,1784091624,lsf_sigma,0.8,0.824,1.6771525287748152,0,14
1_opaque_W_VisionCrack3,1784091624,lsf_sigma,0.85,0.8697,1.6771525287748152,0,14
1_opaque_W_VisionCrack3,1784091624,lsf_sigma,0.9,0.9124,1.6771525287748152,0,14
1_opaque_W_VisionCrack3,1784091624,lsf_sigma,0.95,0.9597,1.6771525287748152,0,14
1_opaque_W_VisionCrack3,1784091624,lsf_sigma,1.0,0.9928,1.6771525287748152,0,14
1_opaque_W_VisionCrack3,1784091624,lsf_sigma,1.5,1.5547,1.6771525287748152,0,14
1_opaque_W_VisionCrack3,1784091624,lsf_sigma,2.0,2.0301,1.6771525287748152,0,14
1_opaque_W_VisionCrack3,1784091624,lsf_sigma,2.5,2.4904,1.6771525287748152,0,14
1_opaque_W_VisionCrack3,1784091624,no_deconv,0.5,0.5193,1.4014853667422358,0,14
1_opaque_W_VisionCrack3,1784091624,no_deconv,0.55,0.5418,1.4014853667422358,0,14
1_opaque_W_VisionCrack3,1784091624,no_deconv,0.6,0.6369,1.4014853667422358,0,14
1_opaque_W_VisionCrack3,1784091624,no_deconv,0.65,0.6788,1.4014853667422358,0,14
1_opaque_W_VisionCrack3,1784091624,no_deconv,0.7,0.7122,1.4014853667422358,0,14
1_opaque_W_VisionCrack3,1784091624,no_deconv,0.75,0.7567,1.4014853667422358,0,14
1_opaque_W_VisionCrack3,1784091624,no_deconv,0.8,0.8405,1.4014853667422358,0,14
1_opaque_W_VisionCrack3,1784091624,no_deconv,0.85,0.8837,1.4014853667422358,0,14
1_opaque_W_VisionCrack3,1784091624,no_deconv,0.9,0.925,1.4014853667422358,0,14
1_opaque_W_VisionCrack3,1784091624,no_deconv,0.95,0.9702,1.4014853667422358,0,14
1_opaque_W_VisionCrack3,1784091624,no_deconv,1.0,1.0026,1.4014853667422358,0,14
1_opaque_W_VisionCrack3,1784091624,no_deconv,1.5,1.5502,1.4014853667422358,0,14
1_opaque_W_VisionCrack3,1784091624,no_deconv,2.0,2.0181,1.4014853667422358,0,14
1_opaque_W_VisionCrack3,1784091624,no_deconv,2.5,2.4722,1.4014853667422358,0,14
1_opaque_W_VisionCrack3,1784091624,rev3_window,0.5,0.4941,1.4014853667422358,0,14
1_opaque_W_VisionCrack3,1784091624,rev3_window,0.55,0.518,1.4014853667422358,0,14
1_opaque_W_VisionCrack3,1784091624,rev3_window,0.6,0.6175,1.4014853667422358,0,14
1_opaque_W_VisionCrack3,1784091624,rev3_window,0.65,0.6623,1.4014853667422358,0,14
1_opaque_W_VisionCrack3,1784091624,rev3_window,0.7,0.6991,1.4014853667422358,0,14
1_opaque_W_VisionCrack3,1784091624,rev3_window,0.75,0.7418,1.4014853667422358,0,14
1_opaque_W_VisionCrack3,1784091624,rev3_window,0.8,0.8298,1.4014853667422358,0,14
1_opaque_W_VisionCrack3,1784091624,rev3_window,0.85,0.8756,1.4014853667422358,0,14
1_opaque_W_VisionCrack3,1784091624,rev3_window,0.9,0.9167,1.4014853667422358,0,14
1_opaque_W_VisionCrack3,1784091624,rev3_window,0.95,0.9612,1.4014853667422358,0,14
1_opaque_W_VisionCrack3,1784091624,rev3_window,1.0,0.9987,1.4014853667422358,0,14
1_opaque_W_VisionCrack3,1784091624,rev3_window,1.5,1.5508,1.4014853667422358,0,14
1_opaque_W_VisionCrack3,1784091624,rev3_window,2.0,2.0245,1.4014853667422358,0,14
1_opaque_W_VisionCrack3,1784091624,rev3_window,2.5,2.4828,1.4014853667422358,0,14
1_opaque_W_VisionCrack3,1784091624,margin1.0,0.5,0.4921,1.4014853667422358,0,14
1_opaque_W_VisionCrack3,1784091624,margin1.0,0.55,0.5169,1.4014853667422358,0,14
1_opaque_W_VisionCrack3,1784091624,margin1.0,0.6,0.6184,1.4014853667422358,0,14
1_opaque_W_VisionCrack3,1784091624,margin1.0,0.65,0.6625,1.4014853667422358,0,14
1_opaque_W_VisionCrack3,1784091624,margin1.0,0.7,0.6971,1.4014853667422358,0,14
1_opaque_W_VisionCrack3,1784091624,margin1.0,0.75,0.7436,1.4014853667422358,0,14
1_opaque_W_VisionCrack3,1784091624,margin1.0,0.8,0.8301,1.4014853667422358,0,14
1_opaque_W_VisionCrack3,1784091624,margin1.0,0.85,0.8747,1.4014853667422358,0,14
1_opaque_W_VisionCrack3,1784091624,margin1.0,0.9,0.9172,1.4014853667422358,0,14
1_opaque_W_VisionCrack3,1784091624,margin1.0,0.95,0.9633,1.4014853667422358,0,14
1_opaque_W_VisionCrack3,1784091624,margin1.0,1.0,0.9963,1.4014853667422358,0,14
1_opaque_W_VisionCrack3,1784091624,margin1.0,1.5,1.5527,1.4014853667422358,0,14
1_opaque_W_VisionCrack3,1784091624,margin1.0,2.0,2.026,1.4014853667422358,0,14
1_opaque_W_VisionCrack3,1784091624,margin1.0,2.5,2.4804,1.4014853667422358,0,14
1_opaque_W_VisionCrack3,1784091624,margin2.0,0.5,0.493,1.4014853667422358,0,14
1_opaque_W_VisionCrack3,1784091624,margin2.0,0.55,0.5172,1.4014853667422358,0,14
1_opaque_W_VisionCrack3,1784091624,margin2.0,0.6,0.6182,1.4014853667422358,0,14
1_opaque_W_VisionCrack3,1784091624,margin2.0,0.65,0.6621,1.4014853667422358,0,14
1_opaque_W_VisionCrack3,1784091624,margin2.0,0.7,0.6969,1.4014853667422358,0,14
1_opaque_W_VisionCrack3,1784091624,margin2.0,0.75,0.7432,1.4014853667422358,0,14
1_opaque_W_VisionCrack3,1784091624,margin2.0,0.8,0.8295,1.4014853667422358,0,14
1_opaque_W_VisionCrack3,1784091624,margin2.0,0.85,0.8742,1.4014853667422358,0,14
1_opaque_W_VisionCrack3,1784091624,margin2.0,0.9,0.9167,1.4014853667422358,0,14
1_opaque_W_VisionCrack3,1784091624,margin2.0,0.95,0.963,1.4014853667422358,0,14
1_opaque_W_VisionCrack3,1784091624,margin2.0,1.0,0.9961,1.4014853667422358,0,14
1_opaque_W_VisionCrack3,1784091624,margin2.0,1.5,1.5521,1.4014853667422358,0,14
1_opaque_W_VisionCrack3,1784091624,margin2.0,2.0,2.0238,1.4014853667422358,0,14
1_opaque_W_VisionCrack3,1784091624,margin2.0,2.5,2.4813,1.4014853667422358,0,14
1_opaque_W_VisionCrack3,1784091624,smooth15,0.5,0.4932,1.4014853667422358,0,14
1_opaque_W_VisionCrack3,1784091624,smooth15,0.55,0.5174,1.4014853667422358,0,14
1_opaque_W_VisionCrack3,1784091624,smooth15,0.6,0.6183,1.4014853667422358,0,14
1_opaque_W_VisionCrack3,1784091624,smooth15,0.65,0.662,1.4014853667422358,0,14
1_opaque_W_VisionCrack3,1784091624,smooth15,0.7,0.6968,1.4014853667422358,0,14
1_opaque_W_VisionCrack3,1784091624,smooth15,0.75,0.7431,1.4014853667422358,0,14
1_opaque_W_VisionCrack3,1784091624,smooth15,0.8,0.8297,1.4014853667422358,0,14
1_opaque_W_VisionCrack3,1784091624,smooth15,0.85,0.8739,1.4014853667422358,0,14
1_opaque_W_VisionCrack3,1784091624,smooth15,0.9,0.9165,1.4014853667422358,0,14
1_opaque_W_VisionCrack3,1784091624,smooth15,0.95,0.9628,1.4014853667422358,0,14
1_opaque_W_VisionCrack3,1784091624,smooth15,1.0,0.9959,1.4014853667422358,0,14
1_opaque_W_VisionCrack3,1784091624,smooth15,1.5,1.5522,1.4014853667422358,0,14
1_opaque_W_VisionCrack3,1784091624,smooth15,2.0,2.0248,1.4014853667422358,0,14
1_opaque_W_VisionCrack3,1784091624,smooth15,2.5,2.4823,1.4014853667422358,0,14
1_opaque_W_VisionCrack3,1784091624,smooth35,0.5,0.4933,1.4014853667422358,0,14
1_opaque_W_VisionCrack3,1784091624,smooth35,0.55,0.5175,1.4014853667422358,0,14
1_opaque_W_VisionCrack3,1784091624,smooth35,0.6,0.6181,1.4014853667422358,0,14
1_opaque_W_VisionCrack3,1784091624,smooth35,0.65,0.662,1.4014853667422358,0,14
1_opaque_W_VisionCrack3,1784091624,smooth35,0.7,0.6967,1.4014853667422358,0,14
1_opaque_W_VisionCrack3,1784091624,smooth35,0.75,0.7432,1.4014853667422358,0,14
1_opaque_W_VisionCrack3,1784091624,smooth35,0.8,0.8298,1.4014853667422358,0,14
1_opaque_W_VisionCrack3,1784091624,smooth35,0.85,0.8744,1.4014853667422358,0,14
1_opaque_W_VisionCrack3,1784091624,smooth35,0.9,0.9166,1.4014853667422358,0,14
1_opaque_W_VisionCrack3,1784091624,smooth35,0.95,0.963,1.4014853667422358,0,14
1_opaque_W_VisionCrack3,1784091624,smooth35,1.0,0.9963,1.4014853667422358,0,14
1_opaque_W_VisionCrack3,1784091624,smooth35,1.5,1.5523,1.4014853667422358,0,14
1_opaque_W_VisionCrack3,1784091624,smooth35,2.0,2.0247,1.4014853667422358,0,14
1_opaque_W_VisionCrack3,1784091624,smooth35,2.5,2.4823,1.4014853667422358,0,14
1_opaque_W_VisionCrack3,1784091624,band0.60,0.5,0.4933,1.4014853667422358,0,14
1_opaque_W_VisionCrack3,1784091624,band0.60,0.55,0.5174,1.4014853667422358,0,14
1_opaque_W_VisionCrack3,1784091624,band0.60,0.6,0.6182,1.4014853667422358,0,14
1_opaque_W_VisionCrack3,1784091624,band0.60,0.65,0.6621,1.4014853667422358,0,14
1_opaque_W_VisionCrack3,1784091624,band0.60,0.7,0.6968,1.4014853667422358,0,14
1_opaque_W_VisionCrack3,1784091624,band0.60,0.75,0.7432,1.4014853667422358,0,14
1_opaque_W_VisionCrack3,1784091624,band0.60,0.8,0.8297,1.4014853667422358,0,14
1_opaque_W_VisionCrack3,1784091624,band0.60,0.85,0.8741,1.4014853667422358,0,14
1_opaque_W_VisionCrack3,1784091624,band0.60,0.9,0.9166,1.4014853667422358,0,14
1_opaque_W_VisionCrack3,1784091624,band0.60,0.95,0.963,1.4014853667422358,0,14
1_opaque_W_VisionCrack3,1784091624,band0.60,1.0,0.9961,1.4014853667422358,0,14
1_opaque_W_VisionCrack3,1784091624,band0.60,1.5,1.5522,1.4014853667422358,0,14
1_opaque_W_VisionCrack3,1784091624,band0.60,2.0,2.0246,1.4014853667422358,0,14
1_opaque_W_VisionCrack3,1784091624,band0.60,2.5,2.4821,1.4014853667422358,0,14
1_opaque_W_VisionCrack3,1784091624,win0.4,0.5,0.4933,1.4014853667422358,0,14
1_opaque_W_VisionCrack3,1784091624,win0.4,0.55,0.5174,1.4014853667422358,0,14
1_opaque_W_VisionCrack3,1784091624,win0.4,0.6,0.6183,1.4014853667422358,0,14
1_opaque_W_VisionCrack3,1784091624,win0.4,0.65,0.6622,1.4014853667422358,0,14
1_opaque_W_VisionCrack3,1784091624,win0.4,0.7,0.6968,1.4014853667422358,0,14
1_opaque_W_VisionCrack3,1784091624,win0.4,0.75,0.7434,1.4014853667422358,0,14
1_opaque_W_VisionCrack3,1784091624,win0.4,0.8,0.8291,1.4014853667422358,0,14
1_opaque_W_VisionCrack3,1784091624,win0.4,0.85,0.8746,1.4014853667422358,0,14
1_opaque_W_VisionCrack3,1784091624,win0.4,0.9,0.9176,1.4014853667422358,0,14
1_opaque_W_VisionCrack3,1784091624,win0.4,0.95,0.9619,1.4014853667422358,0,14
1_opaque_W_VisionCrack3,1784091624,win0.4,1.0,0.9968,1.4014853667422358,0,14
1_opaque_W_VisionCrack3,1784091624,win0.4,1.5,1.5514,1.4014853667422358,0,14
1_opaque_W_VisionCrack3,1784091624,win0.4,2.0,2.0229,1.4014853667422358,0,14
1_opaque_W_VisionCrack3,1784091624,win0.4,2.5,2.481,1.4014853667422358,0,14
1_opaque_W_VisionCrack3,1784091624,win0.8,0.5,0.4921,1.4014853667422358,0,14
1_opaque_W_VisionCrack3,1784091624,win0.8,0.55,0.5169,1.4014853667422358,0,14
1_opaque_W_VisionCrack3,1784091624,win0.8,0.6,0.6187,1.4014853667422358,0,14
1_opaque_W_VisionCrack3,1784091624,win0.8,0.65,0.6616,1.4014853667422358,0,14
1_opaque_W_VisionCrack3,1784091624,win0.8,0.7,0.6973,1.4014853667422358,0,14
1_opaque_W_VisionCrack3,1784091624,win0.8,0.75,0.7438,1.4014853667422358,0,14
1_opaque_W_VisionCrack3,1784091624,win0.8,0.8,0.8302,1.4014853667422358,0,14
1_opaque_W_VisionCrack3,1784091624,win0.8,0.85,0.8742,1.4014853667422358,0,14
1_opaque_W_VisionCrack3,1784091624,win0.8,0.9,0.9178,1.4014853667422358,0,14
1_opaque_W_VisionCrack3,1784091624,win0.8,0.95,0.9621,1.4014853667422358,0,14
1_opaque_W_VisionCrack3,1784091624,win0.8,1.0,0.9968,1.4014853667422358,0,14
1_opaque_W_VisionCrack3,1784091624,win0.8,1.5,1.5518,1.4014853667422358,0,14
1_opaque_W_VisionCrack3,1784091624,win0.8,2.0,2.0231,1.4014853667422358,0,14
1_opaque_W_VisionCrack3,1784091624,win0.8,2.5,2.4818,1.4014853667422358,0,14
1_opaque_W_VisionCrack3,1784091635,full,0.5,0.4916,1.4582965637726484,0,14
1_opaque_W_VisionCrack3,1784091635,full,0.55,0.5189,1.4582965637726484,0,14
1_opaque_W_VisionCrack3,1784091635,full,0.6,0.6172,1.4582965637726484,0,14
1_opaque_W_VisionCrack3,1784091635,full,0.65,0.654,1.4582965637726484,0,14
1_opaque_W_VisionCrack3,1784091635,full,0.7,0.6943,1.4582965637726484,0,14
1_opaque_W_VisionCrack3,1784091635,full,0.75,0.7428,1.4582965637726484,0,14
1_opaque_W_VisionCrack3,1784091635,full,0.8,0.8298,1.4582965637726484,0,14
1_opaque_W_VisionCrack3,1784091635,full,0.85,0.8708,1.4582965637726484,0,14
1_opaque_W_VisionCrack3,1784091635,full,0.9,0.9174,1.4582965637726484,0,14
1_opaque_W_VisionCrack3,1784091635,full,0.95,0.9608,1.4582965637726484,0,14
1_opaque_W_VisionCrack3,1784091635,full,1.0,0.9969,1.4582965637726484,0,14
1_opaque_W_VisionCrack3,1784091635,full,1.5,1.5519,1.4582965637726484,0,14
1_opaque_W_VisionCrack3,1784091635,full,2.0,2.0179,1.4582965637726484,0,14
1_opaque_W_VisionCrack3,1784091635,full,2.5,2.4795,1.4582965637726484,0,14
1_opaque_W_VisionCrack3,1784091635,no_masked_bg,0.5,0.4918,1.4582965637726484,0,14
1_opaque_W_VisionCrack3,1784091635,no_masked_bg,0.55,0.5188,1.4582965637726484,0,14
1_opaque_W_VisionCrack3,1784091635,no_masked_bg,0.6,0.6172,1.4582965637726484,0,14
1_opaque_W_VisionCrack3,1784091635,no_masked_bg,0.65,0.6539,1.4582965637726484,0,14
1_opaque_W_VisionCrack3,1784091635,no_masked_bg,0.7,0.6944,1.4582965637726484,0,14
1_opaque_W_VisionCrack3,1784091635,no_masked_bg,0.75,0.7429,1.4582965637726484,0,14
1_opaque_W_VisionCrack3,1784091635,no_masked_bg,0.8,0.8297,1.4582965637726484,0,14
1_opaque_W_VisionCrack3,1784091635,no_masked_bg,0.85,0.8708,1.4582965637726484,0,14
1_opaque_W_VisionCrack3,1784091635,no_masked_bg,0.9,0.9176,1.4582965637726484,0,14
1_opaque_W_VisionCrack3,1784091635,no_masked_bg,0.95,0.9611,1.4582965637726484,0,14
1_opaque_W_VisionCrack3,1784091635,no_masked_bg,1.0,0.9972,1.4582965637726484,0,14
1_opaque_W_VisionCrack3,1784091635,no_masked_bg,1.5,1.5532,1.4582965637726484,0,14
1_opaque_W_VisionCrack3,1784091635,no_masked_bg,2.0,2.1905,1.4582965637726484,0,14
1_opaque_W_VisionCrack3,1784091635,no_masked_bg,2.5,2.6407,1.4582965637726484,0,14
1_opaque_W_VisionCrack3,1784091635,lsf_sigma,0.5,0.4781,1.7290704366024703,0,14
1_opaque_W_VisionCrack3,1784091635,lsf_sigma,0.55,0.5062,1.7290704366024703,0,14
1_opaque_W_VisionCrack3,1784091635,lsf_sigma,0.6,0.608,1.7290704366024703,0,14
1_opaque_W_VisionCrack3,1784091635,lsf_sigma,0.65,0.646,1.7290704366024703,0,14
1_opaque_W_VisionCrack3,1784091635,lsf_sigma,0.7,0.687,1.7290704366024703,0,14
1_opaque_W_VisionCrack3,1784091635,lsf_sigma,0.75,0.737,1.7290704366024703,0,14
1_opaque_W_VisionCrack3,1784091635,lsf_sigma,0.8,0.8256,1.7290704366024703,0,14
1_opaque_W_VisionCrack3,1784091635,lsf_sigma,0.85,0.8672,1.7290704366024703,0,14
1_opaque_W_VisionCrack3,1784091635,lsf_sigma,0.9,0.9149,1.7290704366024703,0,14
1_opaque_W_VisionCrack3,1784091635,lsf_sigma,0.95,0.9592,1.7290704366024703,0,14
1_opaque_W_VisionCrack3,1784091635,lsf_sigma,1.0,0.9957,1.7290704366024703,0,14
1_opaque_W_VisionCrack3,1784091635,lsf_sigma,1.5,1.5574,1.7290704366024703,0,14
1_opaque_W_VisionCrack3,1784091635,lsf_sigma,2.0,2.0278,1.7290704366024703,0,14
1_opaque_W_VisionCrack3,1784091635,lsf_sigma,2.5,2.4931,1.7290704366024703,0,14
1_opaque_W_VisionCrack3,1784091635,no_deconv,0.5,0.5155,1.4582965637726484,0,14
1_opaque_W_VisionCrack3,1784091635,no_deconv,0.55,0.5411,1.4582965637726484,0,14
1_opaque_W_VisionCrack3,1784091635,no_deconv,0.6,0.6348,1.4582965637726484,0,14
1_opaque_W_VisionCrack3,1784091635,no_deconv,0.65,0.6702,1.4582965637726484,0,14
1_opaque_W_VisionCrack3,1784091635,no_deconv,0.7,0.7093,1.4582965637726484,0,14
1_opaque_W_VisionCrack3,1784091635,no_deconv,0.75,0.7565,1.4582965637726484,0,14
1_opaque_W_VisionCrack3,1784091635,no_deconv,0.8,0.8416,1.4582965637726484,0,14
1_opaque_W_VisionCrack3,1784091635,no_deconv,0.85,0.8819,1.4582965637726484,0,14
1_opaque_W_VisionCrack3,1784091635,no_deconv,0.9,0.9278,1.4582965637726484,0,14
1_opaque_W_VisionCrack3,1784091635,no_deconv,0.95,0.9707,1.4582965637726484,0,14
1_opaque_W_VisionCrack3,1784091635,no_deconv,1.0,1.0063,1.4582965637726484,0,14
1_opaque_W_VisionCrack3,1784091635,no_deconv,1.5,1.5601,1.4582965637726484,0,14
1_opaque_W_VisionCrack3,1784091635,no_deconv,2.0,2.0279,1.4582965637726484,0,14
1_opaque_W_VisionCrack3,1784091635,no_deconv,2.5,2.4924,1.4582965637726484,0,14
1_opaque_W_VisionCrack3,1784091635,rev3_window,0.5,0.489,1.4582965637726484,0,14
1_opaque_W_VisionCrack3,1784091635,rev3_window,0.55,0.5198,1.4582965637726484,0,14
1_opaque_W_VisionCrack3,1784091635,rev3_window,0.6,0.6162,1.4582965637726484,0,14
1_opaque_W_VisionCrack3,1784091635,rev3_window,0.65,0.6542,1.4582965637726484,0,14
1_opaque_W_VisionCrack3,1784091635,rev3_window,0.7,0.6939,1.4582965637726484,0,14
1_opaque_W_VisionCrack3,1784091635,rev3_window,0.75,0.7446,1.4582965637726484,0,14
1_opaque_W_VisionCrack3,1784091635,rev3_window,0.8,0.8294,1.4582965637726484,0,14
1_opaque_W_VisionCrack3,1784091635,rev3_window,0.85,0.8709,1.4582965637726484,0,14
1_opaque_W_VisionCrack3,1784091635,rev3_window,0.9,0.9189,1.4582965637726484,0,14
1_opaque_W_VisionCrack3,1784091635,rev3_window,0.95,0.9616,1.4582965637726484,0,14
1_opaque_W_VisionCrack3,1784091635,rev3_window,1.0,0.9965,1.4582965637726484,0,14
1_opaque_W_VisionCrack3,1784091635,rev3_window,1.5,1.5496,1.4582965637726484,0,14
1_opaque_W_VisionCrack3,1784091635,rev3_window,2.0,2.0188,1.4582965637726484,0,14
1_opaque_W_VisionCrack3,1784091635,rev3_window,2.5,2.4793,1.4582965637726484,0,14
1_opaque_W_VisionCrack3,1784091635,margin1.0,0.5,0.4905,1.4582965637726484,0,14
1_opaque_W_VisionCrack3,1784091635,margin1.0,0.55,0.5175,1.4582965637726484,0,14
1_opaque_W_VisionCrack3,1784091635,margin1.0,0.6,0.617,1.4582965637726484,0,14
1_opaque_W_VisionCrack3,1784091635,margin1.0,0.65,0.6541,1.4582965637726484,0,14
1_opaque_W_VisionCrack3,1784091635,margin1.0,0.7,0.6945,1.4582965637726484,0,14
1_opaque_W_VisionCrack3,1784091635,margin1.0,0.75,0.743,1.4582965637726484,0,14
1_opaque_W_VisionCrack3,1784091635,margin1.0,0.8,0.8301,1.4582965637726484,0,14
1_opaque_W_VisionCrack3,1784091635,margin1.0,0.85,0.8711,1.4582965637726484,0,14
1_opaque_W_VisionCrack3,1784091635,margin1.0,0.9,0.9178,1.4582965637726484,0,14
1_opaque_W_VisionCrack3,1784091635,margin1.0,0.95,0.9612,1.4582965637726484,0,14
1_opaque_W_VisionCrack3,1784091635,margin1.0,1.0,0.9973,1.4582965637726484,0,14
1_opaque_W_VisionCrack3,1784091635,margin1.0,1.5,1.5527,1.4582965637726484,0,14
1_opaque_W_VisionCrack3,1784091635,margin1.0,2.0,2.0198,1.4582965637726484,0,14
1_opaque_W_VisionCrack3,1784091635,margin1.0,2.5,2.4782,1.4582965637726484,0,14
1_opaque_W_VisionCrack3,1784091635,margin2.0,0.5,0.4915,1.4582965637726484,0,14
1_opaque_W_VisionCrack3,1784091635,margin2.0,0.55,0.5186,1.4582965637726484,0,14
1_opaque_W_VisionCrack3,1784091635,margin2.0,0.6,0.6172,1.4582965637726484,0,14
1_opaque_W_VisionCrack3,1784091635,margin2.0,0.65,0.654,1.4582965637726484,0,14
1_opaque_W_VisionCrack3,1784091635,margin2.0,0.7,0.6941,1.4582965637726484,0,14
1_opaque_W_VisionCrack3,1784091635,margin2.0,0.75,0.7427,1.4582965637726484,0,14
1_opaque_W_VisionCrack3,1784091635,margin2.0,0.8,0.8298,1.4582965637726484,0,14
1_opaque_W_VisionCrack3,1784091635,margin2.0,0.85,0.8707,1.4582965637726484,0,14
1_opaque_W_VisionCrack3,1784091635,margin2.0,0.9,0.9174,1.4582965637726484,0,14
1_opaque_W_VisionCrack3,1784091635,margin2.0,0.95,0.9608,1.4582965637726484,0,14
1_opaque_W_VisionCrack3,1784091635,margin2.0,1.0,0.9969,1.4582965637726484,0,14
1_opaque_W_VisionCrack3,1784091635,margin2.0,1.5,1.5518,1.4582965637726484,0,14
1_opaque_W_VisionCrack3,1784091635,margin2.0,2.0,2.0173,1.4582965637726484,0,14
1_opaque_W_VisionCrack3,1784091635,margin2.0,2.5,2.4784,1.4582965637726484,0,14
1_opaque_W_VisionCrack3,1784091635,smooth15,0.5,0.4919,1.4582965637726484,0,14
1_opaque_W_VisionCrack3,1784091635,smooth15,0.55,0.5191,1.4582965637726484,0,14
1_opaque_W_VisionCrack3,1784091635,smooth15,0.6,0.6172,1.4582965637726484,0,14
1_opaque_W_VisionCrack3,1784091635,smooth15,0.65,0.6542,1.4582965637726484,0,14
1_opaque_W_VisionCrack3,1784091635,smooth15,0.7,0.6944,1.4582965637726484,0,14
1_opaque_W_VisionCrack3,1784091635,smooth15,0.75,0.7428,1.4582965637726484,0,14
1_opaque_W_VisionCrack3,1784091635,smooth15,0.8,0.8298,1.4582965637726484,0,14
1_opaque_W_VisionCrack3,1784091635,smooth15,0.85,0.8708,1.4582965637726484,0,14
1_opaque_W_VisionCrack3,1784091635,smooth15,0.9,0.9174,1.4582965637726484,0,14
1_opaque_W_VisionCrack3,1784091635,smooth15,0.95,0.9608,1.4582965637726484,0,14
1_opaque_W_VisionCrack3,1784091635,smooth15,1.0,0.9966,1.4582965637726484,0,14
1_opaque_W_VisionCrack3,1784091635,smooth15,1.5,1.5519,1.4582965637726484,0,14
1_opaque_W_VisionCrack3,1784091635,smooth15,2.0,2.0178,1.4582965637726484,0,14
1_opaque_W_VisionCrack3,1784091635,smooth15,2.5,2.4791,1.4582965637726484,0,14
1_opaque_W_VisionCrack3,1784091635,smooth35,0.5,0.4917,1.4582965637726484,0,14
1_opaque_W_VisionCrack3,1784091635,smooth35,0.55,0.5189,1.4582965637726484,0,14
1_opaque_W_VisionCrack3,1784091635,smooth35,0.6,0.6173,1.4582965637726484,0,14
1_opaque_W_VisionCrack3,1784091635,smooth35,0.65,0.654,1.4582965637726484,0,14
1_opaque_W_VisionCrack3,1784091635,smooth35,0.7,0.6943,1.4582965637726484,0,14
1_opaque_W_VisionCrack3,1784091635,smooth35,0.75,0.7428,1.4582965637726484,0,14
1_opaque_W_VisionCrack3,1784091635,smooth35,0.8,0.8297,1.4582965637726484,0,14
1_opaque_W_VisionCrack3,1784091635,smooth35,0.85,0.8708,1.4582965637726484,0,14
1_opaque_W_VisionCrack3,1784091635,smooth35,0.9,0.9175,1.4582965637726484,0,14
1_opaque_W_VisionCrack3,1784091635,smooth35,0.95,0.961,1.4582965637726484,0,14
1_opaque_W_VisionCrack3,1784091635,smooth35,1.0,0.9969,1.4582965637726484,0,14
1_opaque_W_VisionCrack3,1784091635,smooth35,1.5,1.5519,1.4582965637726484,0,14
1_opaque_W_VisionCrack3,1784091635,smooth35,2.0,2.018,1.4582965637726484,0,14
1_opaque_W_VisionCrack3,1784091635,smooth35,2.5,2.4799,1.4582965637726484,0,14
1_opaque_W_VisionCrack3,1784091635,band0.60,0.5,0.4916,1.4582965637726484,0,14
1_opaque_W_VisionCrack3,1784091635,band0.60,0.55,0.5189,1.4582965637726484,0,14
1_opaque_W_VisionCrack3,1784091635,band0.60,0.6,0.6172,1.4582965637726484,0,14
1_opaque_W_VisionCrack3,1784091635,band0.60,0.65,0.654,1.4582965637726484,0,14
1_opaque_W_VisionCrack3,1784091635,band0.60,0.7,0.6943,1.4582965637726484,0,14
1_opaque_W_VisionCrack3,1784091635,band0.60,0.75,0.7428,1.4582965637726484,0,14
1_opaque_W_VisionCrack3,1784091635,band0.60,0.8,0.8298,1.4582965637726484,0,14
1_opaque_W_VisionCrack3,1784091635,band0.60,0.85,0.8708,1.4582965637726484,0,14
1_opaque_W_VisionCrack3,1784091635,band0.60,0.9,0.9174,1.4582965637726484,0,14
1_opaque_W_VisionCrack3,1784091635,band0.60,0.95,0.9608,1.4582965637726484,0,14
1_opaque_W_VisionCrack3,1784091635,band0.60,1.0,0.9969,1.4582965637726484,0,14
1_opaque_W_VisionCrack3,1784091635,band0.60,1.5,1.5519,1.4582965637726484,0,14
1_opaque_W_VisionCrack3,1784091635,band0.60,2.0,2.0179,1.4582965637726484,0,14
1_opaque_W_VisionCrack3,1784091635,band0.60,2.5,2.4795,1.4582965637726484,0,14
1_opaque_W_VisionCrack3,1784091635,win0.4,0.5,0.4916,1.4582965637726484,0,14
1_opaque_W_VisionCrack3,1784091635,win0.4,0.55,0.5189,1.4582965637726484,0,14
1_opaque_W_VisionCrack3,1784091635,win0.4,0.6,0.6172,1.4582965637726484,0,14
1_opaque_W_VisionCrack3,1784091635,win0.4,0.65,0.6546,1.4582965637726484,0,14
1_opaque_W_VisionCrack3,1784091635,win0.4,0.7,0.6945,1.4582965637726484,0,14
1_opaque_W_VisionCrack3,1784091635,win0.4,0.75,0.7427,1.4582965637726484,0,14
1_opaque_W_VisionCrack3,1784091635,win0.4,0.8,0.8298,1.4582965637726484,0,14
1_opaque_W_VisionCrack3,1784091635,win0.4,0.85,0.87,1.4582965637726484,0,14
1_opaque_W_VisionCrack3,1784091635,win0.4,0.9,0.9171,1.4582965637726484,0,14
1_opaque_W_VisionCrack3,1784091635,win0.4,0.95,0.9606,1.4582965637726484,0,14
1_opaque_W_VisionCrack3,1784091635,win0.4,1.0,0.9971,1.4582965637726484,0,14
1_opaque_W_VisionCrack3,1784091635,win0.4,1.5,1.5504,1.4582965637726484,0,14
1_opaque_W_VisionCrack3,1784091635,win0.4,2.0,2.0173,1.4582965637726484,0,14
1_opaque_W_VisionCrack3,1784091635,win0.4,2.5,2.4787,1.4582965637726484,0,14
1_opaque_W_VisionCrack3,1784091635,win0.8,0.5,0.4907,1.4582965637726484,0,14
1_opaque_W_VisionCrack3,1784091635,win0.8,0.55,0.5174,1.4582965637726484,0,14
1_opaque_W_VisionCrack3,1784091635,win0.8,0.6,0.6174,1.4582965637726484,0,14
1_opaque_W_VisionCrack3,1784091635,win0.8,0.65,0.6541,1.4582965637726484,0,14
1_opaque_W_VisionCrack3,1784091635,win0.8,0.7,0.6949,1.4582965637726484,0,14
1_opaque_W_VisionCrack3,1784091635,win0.8,0.75,0.7436,1.4582965637726484,0,14
1_opaque_W_VisionCrack3,1784091635,win0.8,0.8,0.8305,1.4582965637726484,0,14
1_opaque_W_VisionCrack3,1784091635,win0.8,0.85,0.8723,1.4582965637726484,0,14
1_opaque_W_VisionCrack3,1784091635,win0.8,0.9,0.917,1.4582965637726484,0,14
1_opaque_W_VisionCrack3,1784091635,win0.8,0.95,0.9614,1.4582965637726484,0,14
1_opaque_W_VisionCrack3,1784091635,win0.8,1.0,0.9976,1.4582965637726484,0,14
1_opaque_W_VisionCrack3,1784091635,win0.8,1.5,1.5518,1.4582965637726484,0,14
1_opaque_W_VisionCrack3,1784091635,win0.8,2.0,2.0176,1.4582965637726484,0,14
1_opaque_W_VisionCrack3,1784091635,win0.8,2.5,2.4791,1.4582965637726484,0,14
1_opaque_W_VisionCrack3,1784091644,full,0.5,0.5002,1.387032397820473,0,14
1_opaque_W_VisionCrack3,1784091644,full,0.55,0.5419,1.387032397820473,0,14
1_opaque_W_VisionCrack3,1784091644,full,0.6,0.6301,1.387032397820473,0,14
1_opaque_W_VisionCrack3,1784091644,full,0.65,0.6654,1.387032397820473,0,14
1_opaque_W_VisionCrack3,1784091644,full,0.7,0.7093,1.387032397820473,0,14
1_opaque_W_VisionCrack3,1784091644,full,0.75,0.7586,1.387032397820473,0,14
1_opaque_W_VisionCrack3,1784091644,full,0.8,0.8392,1.387032397820473,0,14
1_opaque_W_VisionCrack3,1784091644,full,0.85,0.8817,1.387032397820473,0,14
1_opaque_W_VisionCrack3,1784091644,full,0.9,0.9262,1.387032397820473,0,14
1_opaque_W_VisionCrack3,1784091644,full,0.95,0.9742,1.387032397820473,0,14
1_opaque_W_VisionCrack3,1784091644,full,1.0,1.0069,1.387032397820473,0,14
1_opaque_W_VisionCrack3,1784091644,full,1.5,1.5661,1.387032397820473,0,14
1_opaque_W_VisionCrack3,1784091644,full,2.0,2.0375,1.387032397820473,0,14
1_opaque_W_VisionCrack3,1784091644,full,2.5,2.5005,1.387032397820473,0,14
1_opaque_W_VisionCrack3,1784091644,no_masked_bg,0.5,0.5004,1.387032397820473,0,14
1_opaque_W_VisionCrack3,1784091644,no_masked_bg,0.55,0.5421,1.387032397820473,0,14
1_opaque_W_VisionCrack3,1784091644,no_masked_bg,0.6,0.6305,1.387032397820473,0,14
1_opaque_W_VisionCrack3,1784091644,no_masked_bg,0.65,0.6657,1.387032397820473,0,14
1_opaque_W_VisionCrack3,1784091644,no_masked_bg,0.7,0.7096,1.387032397820473,0,14
1_opaque_W_VisionCrack3,1784091644,no_masked_bg,0.75,0.759,1.387032397820473,0,14
1_opaque_W_VisionCrack3,1784091644,no_masked_bg,0.8,0.8394,1.387032397820473,0,14
1_opaque_W_VisionCrack3,1784091644,no_masked_bg,0.85,0.882,1.387032397820473,0,14
1_opaque_W_VisionCrack3,1784091644,no_masked_bg,0.9,0.9263,1.387032397820473,0,14
1_opaque_W_VisionCrack3,1784091644,no_masked_bg,0.95,0.9743,1.387032397820473,0,14
1_opaque_W_VisionCrack3,1784091644,no_masked_bg,1.0,1.0075,1.387032397820473,0,14
1_opaque_W_VisionCrack3,1784091644,no_masked_bg,1.5,1.5672,1.387032397820473,0,14
1_opaque_W_VisionCrack3,1784091644,no_masked_bg,2.0,2.2092,1.387032397820473,0,14
1_opaque_W_VisionCrack3,1784091644,no_masked_bg,2.5,2.5194,1.387032397820473,0,14
1_opaque_W_VisionCrack3,1784091644,lsf_sigma,0.5,0.4864,1.6573654924272319,0,14
1_opaque_W_VisionCrack3,1784091644,lsf_sigma,0.55,0.5293,1.6573654924272319,0,14
1_opaque_W_VisionCrack3,1784091644,lsf_sigma,0.6,0.6199,1.6573654924272319,0,14
1_opaque_W_VisionCrack3,1784091644,lsf_sigma,0.65,0.6558,1.6573654924272319,0,14
1_opaque_W_VisionCrack3,1784091644,lsf_sigma,0.7,0.7005,1.6573654924272319,0,14
1_opaque_W_VisionCrack3,1784091644,lsf_sigma,0.75,0.7508,1.6573654924272319,0,14
1_opaque_W_VisionCrack3,1784091644,lsf_sigma,0.8,0.8327,1.6573654924272319,0,14
1_opaque_W_VisionCrack3,1784091644,lsf_sigma,0.85,0.8757,1.6573654924272319,0,14
1_opaque_W_VisionCrack3,1784091644,lsf_sigma,0.9,0.9207,1.6573654924272319,0,14
1_opaque_W_VisionCrack3,1784091644,lsf_sigma,0.95,0.9693,1.6573654924272319,0,14
1_opaque_W_VisionCrack3,1784091644,lsf_sigma,1.0,1.0023,1.6573654924272319,0,14
1_opaque_W_VisionCrack3,1784091644,lsf_sigma,1.5,1.566,1.6573654924272319,0,14
1_opaque_W_VisionCrack3,1784091644,lsf_sigma,2.0,2.0394,1.6573654924272319,0,14
1_opaque_W_VisionCrack3,1784091644,lsf_sigma,2.5,2.5041,1.6573654924272319,0,14
1_opaque_W_VisionCrack3,1784091644,no_deconv,0.5,0.5251,1.387032397820473,0,14
1_opaque_W_VisionCrack3,1784091644,no_deconv,0.55,0.5641,1.387032397820473,0,14
1_opaque_W_VisionCrack3,1784091644,no_deconv,0.6,0.6477,1.387032397820473,0,14
1_opaque_W_VisionCrack3,1784091644,no_deconv,0.65,0.6814,1.387032397820473,0,14
1_opaque_W_VisionCrack3,1784091644,no_deconv,0.7,0.7236,1.387032397820473,0,14
1_opaque_W_VisionCrack3,1784091644,no_deconv,0.75,0.7711,1.387032397820473,0,14
1_opaque_W_VisionCrack3,1784091644,no_deconv,0.8,0.8491,1.387032397820473,0,14
1_opaque_W_VisionCrack3,1784091644,no_deconv,0.85,0.8905,1.387032397820473,0,14
1_opaque_W_VisionCrack3,1784091644,no_deconv,0.9,0.9337,1.387032397820473,0,14
1_opaque_W_VisionCrack3,1784091644,no_deconv,0.95,0.9806,1.387032397820473,0,14
1_opaque_W_VisionCrack3,1784091644,no_deconv,1.0,1.0125,1.387032397820473,0,14
1_opaque_W_VisionCrack3,1784091644,no_deconv,1.5,1.5634,1.387032397820473,0,14
1_opaque_W_VisionCrack3,1784091644,no_deconv,2.0,2.0303,1.387032397820473,0,14
1_opaque_W_VisionCrack3,1784091644,no_deconv,2.5,2.4898,1.387032397820473,0,14
1_opaque_W_VisionCrack3,1784091644,rev3_window,0.5,0.5003,1.387032397820473,0,14
1_opaque_W_VisionCrack3,1784091644,rev3_window,0.55,0.5431,1.387032397820473,0,14
1_opaque_W_VisionCrack3,1784091644,rev3_window,0.6,0.6299,1.387032397820473,0,14
1_opaque_W_VisionCrack3,1784091644,rev3_window,0.65,0.6671,1.387032397820473,0,14
1_opaque_W_VisionCrack3,1784091644,rev3_window,0.7,0.7131,1.387032397820473,0,14
1_opaque_W_VisionCrack3,1784091644,rev3_window,0.75,0.7599,1.387032397820473,0,14
1_opaque_W_VisionCrack3,1784091644,rev3_window,0.8,0.8393,1.387032397820473,0,14
1_opaque_W_VisionCrack3,1784091644,rev3_window,0.85,0.8827,1.387032397820473,0,14
1_opaque_W_VisionCrack3,1784091644,rev3_window,0.9,0.9254,1.387032397820473,0,14
1_opaque_W_VisionCrack3,1784091644,rev3_window,0.95,0.9733,1.387032397820473,0,14
1_opaque_W_VisionCrack3,1784091644,rev3_window,1.0,1.01,1.387032397820473,0,14
1_opaque_W_VisionCrack3,1784091644,rev3_window,1.5,1.568,1.387032397820473,0,14
1_opaque_W_VisionCrack3,1784091644,rev3_window,2.0,2.0387,1.387032397820473,0,14
1_opaque_W_VisionCrack3,1784091644,rev3_window,2.5,2.5035,1.387032397820473,0,14
1_opaque_W_VisionCrack3,1784091644,margin1.0,0.5,0.4986,1.387032397820473,0,14
1_opaque_W_VisionCrack3,1784091644,margin1.0,0.55,0.5417,1.387032397820473,0,14
1_opaque_W_VisionCrack3,1784091644,margin1.0,0.6,0.6309,1.387032397820473,0,14
1_opaque_W_VisionCrack3,1784091644,margin1.0,0.65,0.6656,1.387032397820473,0,14
1_opaque_W_VisionCrack3,1784091644,margin1.0,0.7,0.7096,1.387032397820473,0,14
1_opaque_W_VisionCrack3,1784091644,margin1.0,0.75,0.7591,1.387032397820473,0,14
1_opaque_W_VisionCrack3,1784091644,margin1.0,0.8,0.8397,1.387032397820473,0,14
1_opaque_W_VisionCrack3,1784091644,margin1.0,0.85,0.8821,1.387032397820473,0,14
1_opaque_W_VisionCrack3,1784091644,margin1.0,0.9,0.9263,1.387032397820473,0,14
1_opaque_W_VisionCrack3,1784091644,margin1.0,0.95,0.9742,1.387032397820473,0,14
1_opaque_W_VisionCrack3,1784091644,margin1.0,1.0,1.0073,1.387032397820473,0,14
1_opaque_W_VisionCrack3,1784091644,margin1.0,1.5,1.5666,1.387032397820473,0,14
1_opaque_W_VisionCrack3,1784091644,margin1.0,2.0,2.0375,1.387032397820473,0,14
1_opaque_W_VisionCrack3,1784091644,margin1.0,2.5,2.5012,1.387032397820473,0,14
1_opaque_W_VisionCrack3,1784091644,margin2.0,0.5,0.5002,1.387032397820473,0,14
1_opaque_W_VisionCrack3,1784091644,margin2.0,0.55,0.5419,1.387032397820473,0,14
1_opaque_W_VisionCrack3,1784091644,margin2.0,0.6,0.6304,1.387032397820473,0,14
1_opaque_W_VisionCrack3,1784091644,margin2.0,0.65,0.6653,1.387032397820473,0,14
1_opaque_W_VisionCrack3,1784091644,margin2.0,0.7,0.7094,1.387032397820473,0,14
1_opaque_W_VisionCrack3,1784091644,margin2.0,0.75,0.7586,1.387032397820473,0,14
1_opaque_W_VisionCrack3,1784091644,margin2.0,0.8,0.8392,1.387032397820473,0,14
1_opaque_W_VisionCrack3,1784091644,margin2.0,0.85,0.8817,1.387032397820473,0,14
1_opaque_W_VisionCrack3,1784091644,margin2.0,0.9,0.9261,1.387032397820473,0,14
1_opaque_W_VisionCrack3,1784091644,margin2.0,0.95,0.9742,1.387032397820473,0,14
1_opaque_W_VisionCrack3,1784091644,margin2.0,1.0,1.0068,1.387032397820473,0,14
1_opaque_W_VisionCrack3,1784091644,margin2.0,1.5,1.5661,1.387032397820473,0,14
1_opaque_W_VisionCrack3,1784091644,margin2.0,2.0,2.037,1.387032397820473,0,14
1_opaque_W_VisionCrack3,1784091644,margin2.0,2.5,2.4997,1.387032397820473,0,14
1_opaque_W_VisionCrack3,1784091644,smooth15,0.5,0.5003,1.387032397820473,0,14
1_opaque_W_VisionCrack3,1784091644,smooth15,0.55,0.542,1.387032397820473,0,14
1_opaque_W_VisionCrack3,1784091644,smooth15,0.6,0.63,1.387032397820473,0,14
1_opaque_W_VisionCrack3,1784091644,smooth15,0.65,0.6655,1.387032397820473,0,14
1_opaque_W_VisionCrack3,1784091644,smooth15,0.7,0.7095,1.387032397820473,0,14
1_opaque_W_VisionCrack3,1784091644,smooth15,0.75,0.7586,1.387032397820473,0,14
1_opaque_W_VisionCrack3,1784091644,smooth15,0.8,0.8391,1.387032397820473,0,14
1_opaque_W_VisionCrack3,1784091644,smooth15,0.85,0.8816,1.387032397820473,0,14
1_opaque_W_VisionCrack3,1784091644,smooth15,0.9,0.9262,1.387032397820473,0,14
1_opaque_W_VisionCrack3,1784091644,smooth15,0.95,0.974,1.387032397820473,0,14
1_opaque_W_VisionCrack3,1784091644,smooth15,1.0,1.0067,1.387032397820473,0,14
1_opaque_W_VisionCrack3,1784091644,smooth15,1.5,1.5659,1.387032397820473,0,14
1_opaque_W_VisionCrack3,1784091644,smooth15,2.0,2.0375,1.387032397820473,0,14
1_opaque_W_VisionCrack3,1784091644,smooth15,2.5,2.5005,1.387032397820473,0,14
1_opaque_W_VisionCrack3,1784091644,smooth35,0.5,0.5003,1.387032397820473,0,14
1_opaque_W_VisionCrack3,1784091644,smooth35,0.55,0.5421,1.387032397820473,0,14
1_opaque_W_VisionCrack3,1784091644,smooth35,0.6,0.6302,1.387032397820473,0,14
1_opaque_W_VisionCrack3,1784091644,smooth35,0.65,0.6655,1.387032397820473,0,14
1_opaque_W_VisionCrack3,1784091644,smooth35,0.7,0.7094,1.387032397820473,0,14
1_opaque_W_VisionCrack3,1784091644,smooth35,0.75,0.7587,1.387032397820473,0,14
1_opaque_W_VisionCrack3,1784091644,smooth35,0.8,0.8392,1.387032397820473,0,14
1_opaque_W_VisionCrack3,1784091644,smooth35,0.85,0.8819,1.387032397820473,0,14
1_opaque_W_VisionCrack3,1784091644,smooth35,0.9,0.9261,1.387032397820473,0,14
1_opaque_W_VisionCrack3,1784091644,smooth35,0.95,0.9742,1.387032397820473,0,14
1_opaque_W_VisionCrack3,1784091644,smooth35,1.0,1.007,1.387032397820473,0,14
1_opaque_W_VisionCrack3,1784091644,smooth35,1.5,1.5662,1.387032397820473,0,14
1_opaque_W_VisionCrack3,1784091644,smooth35,2.0,2.0376,1.387032397820473,0,14
1_opaque_W_VisionCrack3,1784091644,smooth35,2.5,2.5007,1.387032397820473,0,14
1_opaque_W_VisionCrack3,1784091644,band0.60,0.5,0.5002,1.387032397820473,0,14
1_opaque_W_VisionCrack3,1784091644,band0.60,0.55,0.5419,1.387032397820473,0,14
1_opaque_W_VisionCrack3,1784091644,band0.60,0.6,0.6301,1.387032397820473,0,14
1_opaque_W_VisionCrack3,1784091644,band0.60,0.65,0.6654,1.387032397820473,0,14
1_opaque_W_VisionCrack3,1784091644,band0.60,0.7,0.7093,1.387032397820473,0,14
1_opaque_W_VisionCrack3,1784091644,band0.60,0.75,0.7586,1.387032397820473,0,14
1_opaque_W_VisionCrack3,1784091644,band0.60,0.8,0.8392,1.387032397820473,0,14
1_opaque_W_VisionCrack3,1784091644,band0.60,0.85,0.8817,1.387032397820473,0,14
1_opaque_W_VisionCrack3,1784091644,band0.60,0.9,0.9262,1.387032397820473,0,14
1_opaque_W_VisionCrack3,1784091644,band0.60,0.95,0.9742,1.387032397820473,0,14
1_opaque_W_VisionCrack3,1784091644,band0.60,1.0,1.0069,1.387032397820473,0,14
1_opaque_W_VisionCrack3,1784091644,band0.60,1.5,1.5661,1.387032397820473,0,14
1_opaque_W_VisionCrack3,1784091644,band0.60,2.0,2.0375,1.387032397820473,0,14
1_opaque_W_VisionCrack3,1784091644,band0.60,2.5,2.5005,1.387032397820473,0,14
1_opaque_W_VisionCrack3,1784091644,win0.4,0.5,0.5002,1.387032397820473,0,14
1_opaque_W_VisionCrack3,1784091644,win0.4,0.55,0.5419,1.387032397820473,0,14
1_opaque_W_VisionCrack3,1784091644,win0.4,0.6,0.6297,1.387032397820473,0,14
1_opaque_W_VisionCrack3,1784091644,win0.4,0.65,0.6665,1.387032397820473,0,14
1_opaque_W_VisionCrack3,1784091644,win0.4,0.7,0.7098,1.387032397820473,0,14
1_opaque_W_VisionCrack3,1784091644,win0.4,0.75,0.7592,1.387032397820473,0,14
1_opaque_W_VisionCrack3,1784091644,win0.4,0.8,0.838,1.387032397820473,0,14
1_opaque_W_VisionCrack3,1784091644,win0.4,0.85,0.8813,1.387032397820473,0,14
1_opaque_W_VisionCrack3,1784091644,win0.4,0.9,0.9255,1.387032397820473,0,14
1_opaque_W_VisionCrack3,1784091644,win0.4,0.95,0.9741,1.387032397820473,0,14
1_opaque_W_VisionCrack3,1784091644,win0.4,1.0,1.0071,1.387032397820473,0,14
1_opaque_W_VisionCrack3,1784091644,win0.4,1.5,1.5666,1.387032397820473,0,14
1_opaque_W_VisionCrack3,1784091644,win0.4,2.0,2.0372,1.387032397820473,0,14
1_opaque_W_VisionCrack3,1784091644,win0.4,2.5,2.5009,1.387032397820473,0,14
1_opaque_W_VisionCrack3,1784091644,win0.8,0.5,0.4992,1.387032397820473,0,14
1_opaque_W_VisionCrack3,1784091644,win0.8,0.55,0.542,1.387032397820473,0,14
1_opaque_W_VisionCrack3,1784091644,win0.8,0.6,0.6294,1.387032397820473,0,14
1_opaque_W_VisionCrack3,1784091644,win0.8,0.65,0.6657,1.387032397820473,0,14
1_opaque_W_VisionCrack3,1784091644,win0.8,0.7,0.709,1.387032397820473,0,14
1_opaque_W_VisionCrack3,1784091644,win0.8,0.75,0.7591,1.387032397820473,0,14
1_opaque_W_VisionCrack3,1784091644,win0.8,0.8,0.8391,1.387032397820473,0,14
1_opaque_W_VisionCrack3,1784091644,win0.8,0.85,0.8828,1.387032397820473,0,14
1_opaque_W_VisionCrack3,1784091644,win0.8,0.9,0.9261,1.387032397820473,0,14
1_opaque_W_VisionCrack3,1784091644,win0.8,0.95,0.9742,1.387032397820473,0,14
1_opaque_W_VisionCrack3,1784091644,win0.8,1.0,1.0077,1.387032397820473,0,14
1_opaque_W_VisionCrack3,1784091644,win0.8,1.5,1.5665,1.387032397820473,0,14
1_opaque_W_VisionCrack3,1784091644,win0.8,2.0,2.0384,1.387032397820473,0,14
1_opaque_W_VisionCrack3,1784091644,win0.8,2.5,2.5006,1.387032397820473,0,14
1_opaque_W_VisionCrack3,1784091653,full,0.5,0.4927,1.5323720057568564,0,14
1_opaque_W_VisionCrack3,1784091653,full,0.55,0.5305,1.5323720057568564,0,14
1_opaque_W_VisionCrack3,1784091653,full,0.6,0.6182,1.5323720057568564,0,14
1_opaque_W_VisionCrack3,1784091653,full,0.65,0.657,1.5323720057568564,0,14
1_opaque_W_VisionCrack3,1784091653,full,0.7,0.6979,1.5323720057568564,0,14
1_opaque_W_VisionCrack3,1784091653,full,0.75,0.7488,1.5323720057568564,0,14
1_opaque_W_VisionCrack3,1784091653,full,0.8,0.8359,1.5323720057568564,0,14
1_opaque_W_VisionCrack3,1784091653,full,0.85,0.8813,1.5323720057568564,0,14
1_opaque_W_VisionCrack3,1784091653,full,0.9,0.9261,1.5323720057568564,0,14
1_opaque_W_VisionCrack3,1784091653,full,0.95,0.9738,1.5323720057568564,0,14
1_opaque_W_VisionCrack3,1784091653,full,1.0,1.0063,1.5323720057568564,0,14
1_opaque_W_VisionCrack3,1784091653,full,1.5,1.5704,1.5323720057568564,0,14
1_opaque_W_VisionCrack3,1784091653,full,2.0,2.0375,1.5323720057568564,0,14
1_opaque_W_VisionCrack3,1784091653,full,2.5,2.5005,1.5323720057568564,0,14
1_opaque_W_VisionCrack3,1784091653,no_masked_bg,0.5,0.493,1.5323720057568564,0,14
1_opaque_W_VisionCrack3,1784091653,no_masked_bg,0.55,0.5307,1.5323720057568564,0,14
1_opaque_W_VisionCrack3,1784091653,no_masked_bg,0.6,0.6183,1.5323720057568564,0,14
1_opaque_W_VisionCrack3,1784091653,no_masked_bg,0.65,0.657,1.5323720057568564,0,14
1_opaque_W_VisionCrack3,1784091653,no_masked_bg,0.7,0.698,1.5323720057568564,0,14
1_opaque_W_VisionCrack3,1784091653,no_masked_bg,0.75,0.7489,1.5323720057568564,0,14
1_opaque_W_VisionCrack3,1784091653,no_masked_bg,0.8,0.8367,1.5323720057568564,0,14
1_opaque_W_VisionCrack3,1784091653,no_masked_bg,0.85,0.8816,1.5323720057568564,0,14
1_opaque_W_VisionCrack3,1784091653,no_masked_bg,0.9,0.9272,1.5323720057568564,0,14
1_opaque_W_VisionCrack3,1784091653,no_masked_bg,0.95,0.9741,1.5323720057568564,0,14
1_opaque_W_VisionCrack3,1784091653,no_masked_bg,1.0,1.007,1.5323720057568564,0,14
1_opaque_W_VisionCrack3,1784091653,no_masked_bg,1.5,1.5709,1.5323720057568564,0,14
1_opaque_W_VisionCrack3,1784091653,no_masked_bg,2.0,2.1984,1.5323720057568564,0,14
1_opaque_W_VisionCrack3,1784091653,no_masked_bg,2.5,2.695,1.5323720057568564,0,14
1_opaque_W_VisionCrack3,1784091653,lsf_sigma,0.5,0.4765,1.815808585210913,0,14
1_opaque_W_VisionCrack3,1784091653,lsf_sigma,0.55,0.5154,1.815808585210913,0,14
1_opaque_W_VisionCrack3,1784091653,lsf_sigma,0.6,0.6062,1.815808585210913,0,14
1_opaque_W_VisionCrack3,1784091653,lsf_sigma,0.65,0.6462,1.815808585210913,0,14
1_opaque_W_VisionCrack3,1784091653,lsf_sigma,0.7,0.6881,1.815808585210913,0,14
1_opaque_W_VisionCrack3,1784091653,lsf_sigma,0.75,0.7404,1.815808585210913,0,14
1_opaque_W_VisionCrack3,1784091653,lsf_sigma,0.8,0.829,1.815808585210913,0,14
1_opaque_W_VisionCrack3,1784091653,lsf_sigma,0.85,0.8752,1.815808585210913,0,14
1_opaque_W_VisionCrack3,1784091653,lsf_sigma,0.9,0.9213,1.815808585210913,0,14
1_opaque_W_VisionCrack3,1784091653,lsf_sigma,0.95,0.9693,1.815808585210913,0,14
1_opaque_W_VisionCrack3,1784091653,lsf_sigma,1.0,1.0026,1.815808585210913,0,14
1_opaque_W_VisionCrack3,1784091653,lsf_sigma,1.5,1.5732,1.815808585210913,0,14
1_opaque_W_VisionCrack3,1784091653,lsf_sigma,2.0,2.0439,1.815808585210913,0,14
1_opaque_W_VisionCrack3,1784091653,lsf_sigma,2.5,2.5095,1.815808585210913,0,14
1_opaque_W_VisionCrack3,1784091653,no_deconv,0.5,0.5284,1.5323720057568564,0,14
1_opaque_W_VisionCrack3,1784091653,no_deconv,0.55,0.5631,1.5323720057568564,0,14
1_opaque_W_VisionCrack3,1784091653,no_deconv,0.6,0.6446,1.5323720057568564,0,14
1_opaque_W_VisionCrack3,1784091653,no_deconv,0.65,0.6809,1.5323720057568564,0,14
1_opaque_W_VisionCrack3,1784091653,no_deconv,0.7,0.7197,1.5323720057568564,0,14
1_opaque_W_VisionCrack3,1784091653,no_deconv,0.75,0.768,1.5323720057568564,0,14
1_opaque_W_VisionCrack3,1784091653,no_deconv,0.8,0.8513,1.5323720057568564,0,14
1_opaque_W_VisionCrack3,1784091653,no_deconv,0.85,0.8948,1.5323720057568564,0,14
1_opaque_W_VisionCrack3,1784091653,no_deconv,0.9,0.938,1.5323720057568564,0,14
1_opaque_W_VisionCrack3,1784091653,no_deconv,0.95,0.984,1.5323720057568564,0,14
1_opaque_W_VisionCrack3,1784091653,no_deconv,1.0,1.0154,1.5323720057568564,0,14
1_opaque_W_VisionCrack3,1784091653,no_deconv,1.5,1.5662,1.5323720057568564,0,14
1_opaque_W_VisionCrack3,1784091653,no_deconv,2.0,2.0256,1.5323720057568564,0,14
1_opaque_W_VisionCrack3,1784091653,no_deconv,2.5,2.4821,1.5323720057568564,0,14
1_opaque_W_VisionCrack3,1784091653,rev3_window,0.5,0.4956,1.5323720057568564,0,14
1_opaque_W_VisionCrack3,1784091653,rev3_window,0.55,0.5316,1.5323720057568564,0,14
1_opaque_W_VisionCrack3,1784091653,rev3_window,0.6,0.6166,1.5323720057568564,0,14
1_opaque_W_VisionCrack3,1784091653,rev3_window,0.65,0.6538,1.5323720057568564,0,14
1_opaque_W_VisionCrack3,1784091653,rev3_window,0.7,0.699,1.5323720057568564,0,14
1_opaque_W_VisionCrack3,1784091653,rev3_window,0.75,0.7488,1.5323720057568564,0,14
1_opaque_W_VisionCrack3,1784091653,rev3_window,0.8,0.8348,1.5323720057568564,0,14
1_opaque_W_VisionCrack3,1784091653,rev3_window,0.85,0.883,1.5323720057568564,0,14
1_opaque_W_VisionCrack3,1784091653,rev3_window,0.9,0.9274,1.5323720057568564,0,14
1_opaque_W_VisionCrack3,1784091653,rev3_window,0.95,0.9737,1.5323720057568564,0,14
1_opaque_W_VisionCrack3,1784091653,rev3_window,1.0,1.0043,1.5323720057568564,0,14
1_opaque_W_VisionCrack3,1784091653,rev3_window,1.5,1.5725,1.5323720057568564,0,14
1_opaque_W_VisionCrack3,1784091653,rev3_window,2.0,2.0355,1.5323720057568564,0,14
1_opaque_W_VisionCrack3,1784091653,rev3_window,2.5,2.5003,1.5323720057568564,0,14
1_opaque_W_VisionCrack3,1784091653,margin1.0,0.5,0.4921,1.5323720057568564,0,14
1_opaque_W_VisionCrack3,1784091653,margin1.0,0.55,0.5303,1.5323720057568564,0,14
1_opaque_W_VisionCrack3,1784091653,margin1.0,0.6,0.6183,1.5323720057568564,0,14
1_opaque_W_VisionCrack3,1784091653,margin1.0,0.65,0.657,1.5323720057568564,0,14
1_opaque_W_VisionCrack3,1784091653,margin1.0,0.7,0.6981,1.5323720057568564,0,14
1_opaque_W_VisionCrack3,1784091653,margin1.0,0.75,0.7492,1.5323720057568564,0,14
1_opaque_W_VisionCrack3,1784091653,margin1.0,0.8,0.8359,1.5323720057568564,0,14
1_opaque_W_VisionCrack3,1784091653,margin1.0,0.85,0.8812,1.5323720057568564,0,14
1_opaque_W_VisionCrack3,1784091653,margin1.0,0.9,0.9262,1.5323720057568564,0,14
1_opaque_W_VisionCrack3,1784091653,margin1.0,0.95,0.9736,1.5323720057568564,0,14
1_opaque_W_VisionCrack3,1784091653,margin1.0,1.0,1.0063,1.5323720057568564,0,14
1_opaque_W_VisionCrack3,1784091653,margin1.0,1.5,1.5715,1.5323720057568564,0,14
1_opaque_W_VisionCrack3,1784091653,margin1.0,2.0,2.038,1.5323720057568564,0,14
1_opaque_W_VisionCrack3,1784091653,margin1.0,2.5,2.5025,1.5323720057568564,0,14
1_opaque_W_VisionCrack3,1784091653,margin2.0,0.5,0.4929,1.5323720057568564,0,14
1_opaque_W_VisionCrack3,1784091653,margin2.0,0.55,0.5305,1.5323720057568564,0,14
1_opaque_W_VisionCrack3,1784091653,margin2.0,0.6,0.6181,1.5323720057568564,0,14
1_opaque_W_VisionCrack3,1784091653,margin2.0,0.65,0.6568,1.5323720057568564,0,14
1_opaque_W_VisionCrack3,1784091653,margin2.0,0.7,0.6978,1.5323720057568564,0,14
1_opaque_W_VisionCrack3,1784091653,margin2.0,0.75,0.7489,1.5323720057568564,0,14
1_opaque_W_VisionCrack3,1784091653,margin2.0,0.8,0.8359,1.5323720057568564,0,14
1_opaque_W_VisionCrack3,1784091653,margin2.0,0.85,0.881,1.5323720057568564,0,14
1_opaque_W_VisionCrack3,1784091653,margin2.0,0.9,0.9262,1.5323720057568564,0,14
1_opaque_W_VisionCrack3,1784091653,margin2.0,0.95,0.9735,1.5323720057568564,0,14
1_opaque_W_VisionCrack3,1784091653,margin2.0,1.0,1.0063,1.5323720057568564,0,14
1_opaque_W_VisionCrack3,1784091653,margin2.0,1.5,1.5708,1.5323720057568564,0,14
1_opaque_W_VisionCrack3,1784091653,margin2.0,2.0,2.0372,1.5323720057568564,0,14
1_opaque_W_VisionCrack3,1784091653,margin2.0,2.5,2.4998,1.5323720057568564,0,14
1_opaque_W_VisionCrack3,1784091653,smooth15,0.5,0.4928,1.5323720057568564,0,14
1_opaque_W_VisionCrack3,1784091653,smooth15,0.55,0.5298,1.5323720057568564,0,14
1_opaque_W_VisionCrack3,1784091653,smooth15,0.6,0.6182,1.5323720057568564,0,14
1_opaque_W_VisionCrack3,1784091653,smooth15,0.65,0.6569,1.5323720057568564,0,14
1_opaque_W_VisionCrack3,1784091653,smooth15,0.7,0.6979,1.5323720057568564,0,14
1_opaque_W_VisionCrack3,1784091653,smooth15,0.75,0.7487,1.5323720057568564,0,14
1_opaque_W_VisionCrack3,1784091653,smooth15,0.8,0.8356,1.5323720057568564,0,14
1_opaque_W_VisionCrack3,1784091653,smooth15,0.85,0.8817,1.5323720057568564,0,14
1_opaque_W_VisionCrack3,1784091653,smooth15,0.9,0.926,1.5323720057568564,0,14
1_opaque_W_VisionCrack3,1784091653,smooth15,0.95,0.9739,1.5323720057568564,0,14
1_opaque_W_VisionCrack3,1784091653,smooth15,1.0,1.0063,1.5323720057568564,0,14
1_opaque_W_VisionCrack3,1784091653,smooth15,1.5,1.5705,1.5323720057568564,0,14
1_opaque_W_VisionCrack3,1784091653,smooth15,2.0,2.0371,1.5323720057568564,0,14
1_opaque_W_VisionCrack3,1784091653,smooth15,2.5,2.5003,1.5323720057568564,0,14
1_opaque_W_VisionCrack3,1784091653,smooth35,0.5,0.4928,1.5323720057568564,0,14
1_opaque_W_VisionCrack3,1784091653,smooth35,0.55,0.5307,1.5323720057568564,0,14
1_opaque_W_VisionCrack3,1784091653,smooth35,0.6,0.6181,1.5323720057568564,0,14
1_opaque_W_VisionCrack3,1784091653,smooth35,0.65,0.6571,1.5323720057568564,0,14
1_opaque_W_VisionCrack3,1784091653,smooth35,0.7,0.6979,1.5323720057568564,0,14
1_opaque_W_VisionCrack3,1784091653,smooth35,0.75,0.7488,1.5323720057568564,0,14
1_opaque_W_VisionCrack3,1784091653,smooth35,0.8,0.836,1.5323720057568564,0,14
1_opaque_W_VisionCrack3,1784091653,smooth35,0.85,0.8815,1.5323720057568564,0,14
1_opaque_W_VisionCrack3,1784091653,smooth35,0.9,0.9262,1.5323720057568564,0,14
1_opaque_W_VisionCrack3,1784091653,smooth35,0.95,0.9739,1.5323720057568564,0,14
1_opaque_W_VisionCrack3,1784091653,smooth35,1.0,1.0065,1.5323720057568564,0,14
1_opaque_W_VisionCrack3,1784091653,smooth35,1.5,1.5703,1.5323720057568564,0,14
1_opaque_W_VisionCrack3,1784091653,smooth35,2.0,2.0377,1.5323720057568564,0,14
1_opaque_W_VisionCrack3,1784091653,smooth35,2.5,2.5006,1.5323720057568564,0,14
1_opaque_W_VisionCrack3,1784091653,band0.60,0.5,0.4927,1.5323720057568564,0,14
1_opaque_W_VisionCrack3,1784091653,band0.60,0.55,0.5305,1.5323720057568564,0,14
1_opaque_W_VisionCrack3,1784091653,band0.60,0.6,0.6182,1.5323720057568564,0,14
1_opaque_W_VisionCrack3,1784091653,band0.60,0.65,0.657,1.5323720057568564,0,14
1_opaque_W_VisionCrack3,1784091653,band0.60,0.7,0.6979,1.5323720057568564,0,14
1_opaque_W_VisionCrack3,1784091653,band0.60,0.75,0.7488,1.5323720057568564,0,14
1_opaque_W_VisionCrack3,1784091653,band0.60,0.8,0.8359,1.5323720057568564,0,14
1_opaque_W_VisionCrack3,1784091653,band0.60,0.85,0.8813,1.5323720057568564,0,14
1_opaque_W_VisionCrack3,1784091653,band0.60,0.9,0.9261,1.5323720057568564,0,14
1_opaque_W_VisionCrack3,1784091653,band0.60,0.95,0.9738,1.5323720057568564,0,14
1_opaque_W_VisionCrack3,1784091653,band0.60,1.0,1.0063,1.5323720057568564,0,14
1_opaque_W_VisionCrack3,1784091653,band0.60,1.5,1.5704,1.5323720057568564,0,14
1_opaque_W_VisionCrack3,1784091653,band0.60,2.0,2.0375,1.5323720057568564,0,14
1_opaque_W_VisionCrack3,1784091653,band0.60,2.5,2.5005,1.5323720057568564,0,14
1_opaque_W_VisionCrack3,1784091653,win0.4,0.5,0.4927,1.5323720057568564,0,14
1_opaque_W_VisionCrack3,1784091653,win0.4,0.55,0.5305,1.5323720057568564,0,14
1_opaque_W_VisionCrack3,1784091653,win0.4,0.6,0.6182,1.5323720057568564,0,14
1_opaque_W_VisionCrack3,1784091653,win0.4,0.65,0.6565,1.5323720057568564,0,14
1_opaque_W_VisionCrack3,1784091653,win0.4,0.7,0.6985,1.5323720057568564,0,14
1_opaque_W_VisionCrack3,1784091653,win0.4,0.75,0.749,1.5323720057568564,0,14
1_opaque_W_VisionCrack3,1784091653,win0.4,0.8,0.8348,1.5323720057568564,0,14
1_opaque_W_VisionCrack3,1784091653,win0.4,0.85,0.8817,1.5323720057568564,0,14
1_opaque_W_VisionCrack3,1784091653,win0.4,0.9,0.9254,1.5323720057568564,0,14
1_opaque_W_VisionCrack3,1784091653,win0.4,0.95,0.9735,1.5323720057568564,0,14
1_opaque_W_VisionCrack3,1784091653,win0.4,1.0,1.0056,1.5323720057568564,0,14
1_opaque_W_VisionCrack3,1784091653,win0.4,1.5,1.5703,1.5323720057568564,0,14
1_opaque_W_VisionCrack3,1784091653,win0.4,2.0,2.0372,1.5323720057568564,0,14
1_opaque_W_VisionCrack3,1784091653,win0.4,2.5,2.5007,1.5323720057568564,0,14
1_opaque_W_VisionCrack3,1784091653,win0.8,0.5,0.4944,1.5323720057568564,0,14
1_opaque_W_VisionCrack3,1784091653,win0.8,0.55,0.5311,1.5323720057568564,0,14
1_opaque_W_VisionCrack3,1784091653,win0.8,0.6,0.619,1.5323720057568564,0,14
1_opaque_W_VisionCrack3,1784091653,win0.8,0.65,0.6568,1.5323720057568564,0,14
1_opaque_W_VisionCrack3,1784091653,win0.8,0.7,0.6981,1.5323720057568564,0,14
1_opaque_W_VisionCrack3,1784091653,win0.8,0.75,0.7489,1.5323720057568564,0,14
1_opaque_W_VisionCrack3,1784091653,win0.8,0.8,0.8356,1.5323720057568564,0,14
1_opaque_W_VisionCrack3,1784091653,win0.8,0.85,0.8819,1.5323720057568564,0,14
1_opaque_W_VisionCrack3,1784091653,win0.8,0.9,0.9261,1.5323720057568564,0,14
1_opaque_W_VisionCrack3,1784091653,win0.8,0.95,0.9753,1.5323720057568564,0,14
1_opaque_W_VisionCrack3,1784091653,win0.8,1.0,1.0057,1.5323720057568564,0,14
1_opaque_W_VisionCrack3,1784091653,win0.8,1.5,1.5703,1.5323720057568564,0,14
1_opaque_W_VisionCrack3,1784091653,win0.8,2.0,2.0366,1.5323720057568564,0,14
1_opaque_W_VisionCrack3,1784091653,win0.8,2.5,2.5014,1.5323720057568564,0,14
1_opaque_W_VisionCrack3,1784091662,full,0.5,0.4992,1.3137930700536562,0,14
1_opaque_W_VisionCrack3,1784091662,full,0.55,0.5378,1.3137930700536562,0,14
1_opaque_W_VisionCrack3,1784091662,full,0.6,0.6238,1.3137930700536562,0,14
1_opaque_W_VisionCrack3,1784091662,full,0.65,0.6605,1.3137930700536562,0,14
1_opaque_W_VisionCrack3,1784091662,full,0.7,0.705,1.3137930700536562,0,14
1_opaque_W_VisionCrack3,1784091662,full,0.75,0.7537,1.3137930700536562,0,14
1_opaque_W_VisionCrack3,1784091662,full,0.8,0.8338,1.3137930700536562,0,14
1_opaque_W_VisionCrack3,1784091662,full,0.85,0.8796,1.3137930700536562,0,14
1_opaque_W_VisionCrack3,1784091662,full,0.9,0.9254,1.3137930700536562,0,14
1_opaque_W_VisionCrack3,1784091662,full,0.95,0.9693,1.3137930700536562,0,14
1_opaque_W_VisionCrack3,1784091662,full,1.0,1.006,1.3137930700536562,0,14
1_opaque_W_VisionCrack3,1784091662,full,1.5,1.5591,1.3137930700536562,0,14
1_opaque_W_VisionCrack3,1784091662,full,2.0,2.0237,1.3137930700536562,0,14
1_opaque_W_VisionCrack3,1784091662,full,2.5,2.4833,1.3137930700536562,0,14
1_opaque_W_VisionCrack3,1784091662,no_masked_bg,0.5,0.4994,1.3137930700536562,0,14
1_opaque_W_VisionCrack3,1784091662,no_masked_bg,0.55,0.5377,1.3137930700536562,0,14
1_opaque_W_VisionCrack3,1784091662,no_masked_bg,0.6,0.624,1.3137930700536562,0,14
1_opaque_W_VisionCrack3,1784091662,no_masked_bg,0.65,0.6608,1.3137930700536562,0,14
1_opaque_W_VisionCrack3,1784091662,no_masked_bg,0.7,0.7052,1.3137930700536562,0,14
1_opaque_W_VisionCrack3,1784091662,no_masked_bg,0.75,0.7538,1.3137930700536562,0,14
1_opaque_W_VisionCrack3,1784091662,no_masked_bg,0.8,0.8336,1.3137930700536562,0,14
1_opaque_W_VisionCrack3,1784091662,no_masked_bg,0.85,0.88,1.3137930700536562,0,14
1_opaque_W_VisionCrack3,1784091662,no_masked_bg,0.9,0.9257,1.3137930700536562,0,14
1_opaque_W_VisionCrack3,1784091662,no_masked_bg,0.95,0.97,1.3137930700536562,0,14
1_opaque_W_VisionCrack3,1784091662,no_masked_bg,1.0,1.0067,1.3137930700536562,0,14
1_opaque_W_VisionCrack3,1784091662,no_masked_bg,1.5,1.5595,1.3137930700536562,0,14
1_opaque_W_VisionCrack3,1784091662,no_masked_bg,2.0,2.1717,1.3137930700536562,0,14
1_opaque_W_VisionCrack3,1784091662,no_masked_bg,2.5,2.5346,1.3137930700536562,0,14
1_opaque_W_VisionCrack3,1784091662,lsf_sigma,0.5,0.4868,1.5915006024484621,0,14
1_opaque_W_VisionCrack3,1784091662,lsf_sigma,0.55,0.5262,1.5915006024484621,0,14
1_opaque_W_VisionCrack3,1784091662,lsf_sigma,0.6,0.6148,1.5915006024484621,0,14
1_opaque_W_VisionCrack3,1784091662,lsf_sigma,0.65,0.6525,1.5915006024484621,0,14
1_opaque_W_VisionCrack3,1784091662,lsf_sigma,0.7,0.6982,1.5915006024484621,0,14
1_opaque_W_VisionCrack3,1784091662,lsf_sigma,0.75,0.748,1.5915006024484621,0,14
1_opaque_W_VisionCrack3,1784091662,lsf_sigma,0.8,0.829,1.5915006024484621,0,14
1_opaque_W_VisionCrack3,1784091662,lsf_sigma,0.85,0.8759,1.5915006024484621,0,14
1_opaque_W_VisionCrack3,1784091662,lsf_sigma,0.9,0.9223,1.5915006024484621,0,14
1_opaque_W_VisionCrack3,1784091662,lsf_sigma,0.95,0.967,1.5915006024484621,0,14
1_opaque_W_VisionCrack3,1784091662,lsf_sigma,1.0,1.0042,1.5915006024484621,0,14
1_opaque_W_VisionCrack3,1784091662,lsf_sigma,1.5,1.5624,1.5915006024484621,0,14
1_opaque_W_VisionCrack3,1784091662,lsf_sigma,2.0,2.031,1.5915006024484621,0,14
1_opaque_W_VisionCrack3,1784091662,lsf_sigma,2.5,2.4932,1.5915006024484621,0,14
1_opaque_W_VisionCrack3,1784091662,no_deconv,0.5,0.5239,1.3137930700536562,0,14
1_opaque_W_VisionCrack3,1784091662,no_deconv,0.55,0.5603,1.3137930700536562,0,14
1_opaque_W_VisionCrack3,1784091662,no_deconv,0.6,0.6424,1.3137930700536562,0,14
1_opaque_W_VisionCrack3,1784091662,no_deconv,0.65,0.6776,1.3137930700536562,0,14
1_opaque_W_VisionCrack3,1784091662,no_deconv,0.7,0.7206,1.3137930700536562,0,14
1_opaque_W_VisionCrack3,1784091662,no_deconv,0.75,0.7679,1.3137930700536562,0,14
1_opaque_W_VisionCrack3,1784091662,no_deconv,0.8,0.8458,1.3137930700536562,0,14
1_opaque_W_VisionCrack3,1784091662,no_deconv,0.85,0.8905,1.3137930700536562,0,14
1_opaque_W_VisionCrack3,1784091662,no_deconv,0.9,0.9353,1.3137930700536562,0,14
1_opaque_W_VisionCrack3,1784091662,no_deconv,0.95,0.9783,1.3137930700536562,0,14
1_opaque_W_VisionCrack3,1784091662,no_deconv,1.0,1.0143,1.3137930700536562,0,14
1_opaque_W_VisionCrack3,1784091662,no_deconv,1.5,1.561,1.3137930700536562,0,14
1_opaque_W_VisionCrack3,1784091662,no_deconv,2.0,2.0224,1.3137930700536562,0,14
1_opaque_W_VisionCrack3,1784091662,no_deconv,2.5,2.4799,1.3137930700536562,0,14
1_opaque_W_VisionCrack3,1784091662,rev3_window,0.5,0.5003,1.3137930700536562,0,14
1_opaque_W_VisionCrack3,1784091662,rev3_window,0.55,0.5387,1.3137930700536562,0,14
1_opaque_W_VisionCrack3,1784091662,rev3_window,0.6,0.6224,1.3137930700536562,0,14
1_opaque_W_VisionCrack3,1784091662,rev3_window,0.65,0.6612,1.3137930700536562,0,14
1_opaque_W_VisionCrack3,1784091662,rev3_window,0.7,0.7069,1.3137930700536562,0,14
1_opaque_W_VisionCrack3,1784091662,rev3_window,0.75,0.7541,1.3137930700536562,0,14
1_opaque_W_VisionCrack3,1784091662,rev3_window,0.8,0.8344,1.3137930700536562,0,14
1_opaque_W_VisionCrack3,1784091662,rev3_window,0.85,0.8817,1.3137930700536562,0,14
1_opaque_W_VisionCrack3,1784091662,rev3_window,0.9,0.9266,1.3137930700536562,0,14
1_opaque_W_VisionCrack3,1784091662,rev3_window,0.95,0.9688,1.3137930700536562,0,14
1_opaque_W_VisionCrack3,1784091662,rev3_window,1.0,1.0031,1.3137930700536562,0,14
1_opaque_W_VisionCrack3,1784091662,rev3_window,1.5,1.5584,1.3137930700536562,0,14
1_opaque_W_VisionCrack3,1784091662,rev3_window,2.0,2.0233,1.3137930700536562,0,14
1_opaque_W_VisionCrack3,1784091662,rev3_window,2.5,2.4831,1.3137930700536562,0,14
1_opaque_W_VisionCrack3,1784091662,margin1.0,0.5,0.4983,1.3137930700536562,0,14
1_opaque_W_VisionCrack3,1784091662,margin1.0,0.55,0.5372,1.3137930700536562,0,14
1_opaque_W_VisionCrack3,1784091662,margin1.0,0.6,0.6238,1.3137930700536562,0,14
1_opaque_W_VisionCrack3,1784091662,margin1.0,0.65,0.6608,1.3137930700536562,0,14
1_opaque_W_VisionCrack3,1784091662,margin1.0,0.7,0.7052,1.3137930700536562,0,14
1_opaque_W_VisionCrack3,1784091662,margin1.0,0.75,0.754,1.3137930700536562,0,14
1_opaque_W_VisionCrack3,1784091662,margin1.0,0.8,0.8341,1.3137930700536562,0,14
1_opaque_W_VisionCrack3,1784091662,margin1.0,0.85,0.8803,1.3137930700536562,0,14
1_opaque_W_VisionCrack3,1784091662,margin1.0,0.9,0.9256,1.3137930700536562,0,14
1_opaque_W_VisionCrack3,1784091662,margin1.0,0.95,0.9704,1.3137930700536562,0,14
1_opaque_W_VisionCrack3,1784091662,margin1.0,1.0,1.007,1.3137930700536562,0,14
1_opaque_W_VisionCrack3,1784091662,margin1.0,1.5,1.5603,1.3137930700536562,0,14
1_opaque_W_VisionCrack3,1784091662,margin1.0,2.0,2.0251,1.3137930700536562,0,14
1_opaque_W_VisionCrack3,1784091662,margin1.0,2.5,2.4851,1.3137930700536562,0,14
1_opaque_W_VisionCrack3,1784091662,margin2.0,0.5,0.4994,1.3137930700536562,0,14
1_opaque_W_VisionCrack3,1784091662,margin2.0,0.55,0.5376,1.3137930700536562,0,14
1_opaque_W_VisionCrack3,1784091662,margin2.0,0.6,0.6236,1.3137930700536562,0,14
1_opaque_W_VisionCrack3,1784091662,margin2.0,0.65,0.6604,1.3137930700536562,0,14
1_opaque_W_VisionCrack3,1784091662,margin2.0,0.7,0.7051,1.3137930700536562,0,14
1_opaque_W_VisionCrack3,1784091662,margin2.0,0.75,0.7539,1.3137930700536562,0,14
1_opaque_W_VisionCrack3,1784091662,margin2.0,0.8,0.8336,1.3137930700536562,0,14
1_opaque_W_VisionCrack3,1784091662,margin2.0,0.85,0.8796,1.3137930700536562,0,14
1_opaque_W_VisionCrack3,1784091662,margin2.0,0.9,0.9254,1.3137930700536562,0,14
1_opaque_W_VisionCrack3,1784091662,margin2.0,0.95,0.9695,1.3137930700536562,0,14
1_opaque_W_VisionCrack3,1784091662,margin2.0,1.0,1.0061,1.3137930700536562,0,14
1_opaque_W_VisionCrack3,1784091662,margin2.0,1.5,1.5586,1.3137930700536562,0,14
1_opaque_W_VisionCrack3,1784091662,margin2.0,2.0,2.0235,1.3137930700536562,0,14
1_opaque_W_VisionCrack3,1784091662,margin2.0,2.5,2.4825,1.3137930700536562,0,14
1_opaque_W_VisionCrack3,1784091662,smooth15,0.5,0.499,1.3137930700536562,0,14
1_opaque_W_VisionCrack3,1784091662,smooth15,0.55,0.5382,1.3137930700536562,0,14
1_opaque_W_VisionCrack3,1784091662,smooth15,0.6,0.6238,1.3137930700536562,0,14
1_opaque_W_VisionCrack3,1784091662,smooth15,0.65,0.6605,1.3137930700536562,0,14
1_opaque_W_VisionCrack3,1784091662,smooth15,0.7,0.7049,1.3137930700536562,0,14
1_opaque_W_VisionCrack3,1784091662,smooth15,0.75,0.7534,1.3137930700536562,0,14
1_opaque_W_VisionCrack3,1784091662,smooth15,0.8,0.8339,1.3137930700536562,0,14
1_opaque_W_VisionCrack3,1784091662,smooth15,0.85,0.8795,1.3137930700536562,0,14
1_opaque_W_VisionCrack3,1784091662,smooth15,0.9,0.9252,1.3137930700536562,0,14
1_opaque_W_VisionCrack3,1784091662,smooth15,0.95,0.9691,1.3137930700536562,0,14
1_opaque_W_VisionCrack3,1784091662,smooth15,1.0,1.0058,1.3137930700536562,0,14
1_opaque_W_VisionCrack3,1784091662,smooth15,1.5,1.5592,1.3137930700536562,0,14
1_opaque_W_VisionCrack3,1784091662,smooth15,2.0,2.0235,1.3137930700536562,0,14
1_opaque_W_VisionCrack3,1784091662,smooth15,2.5,2.4834,1.3137930700536562,0,14
1_opaque_W_VisionCrack3,1784091662,smooth35,0.5,0.4993,1.3137930700536562,0,14
1_opaque_W_VisionCrack3,1784091662,smooth35,0.55,0.5379,1.3137930700536562,0,14
1_opaque_W_VisionCrack3,1784091662,smooth35,0.6,0.6239,1.3137930700536562,0,14
1_opaque_W_VisionCrack3,1784091662,smooth35,0.65,0.6606,1.3137930700536562,0,14
1_opaque_W_VisionCrack3,1784091662,smooth35,0.7,0.7051,1.3137930700536562,0,14
1_opaque_W_VisionCrack3,1784091662,smooth35,0.75,0.7537,1.3137930700536562,0,14
1_opaque_W_VisionCrack3,1784091662,smooth35,0.8,0.8337,1.3137930700536562,0,14
1_opaque_W_VisionCrack3,1784091662,smooth35,0.85,0.8798,1.3137930700536562,0,14
1_opaque_W_VisionCrack3,1784091662,smooth35,0.9,0.9255,1.3137930700536562,0,14
1_opaque_W_VisionCrack3,1784091662,smooth35,0.95,0.9694,1.3137930700536562,0,14
1_opaque_W_VisionCrack3,1784091662,smooth35,1.0,1.0061,1.3137930700536562,0,14
1_opaque_W_VisionCrack3,1784091662,smooth35,1.5,1.559,1.3137930700536562,0,14
1_opaque_W_VisionCrack3,1784091662,smooth35,2.0,2.0239,1.3137930700536562,0,14
1_opaque_W_VisionCrack3,1784091662,smooth35,2.5,2.4835,1.3137930700536562,0,14
1_opaque_W_VisionCrack3,1784091662,band0.60,0.5,0.4992,1.3137930700536562,0,14
1_opaque_W_VisionCrack3,1784091662,band0.60,0.55,0.5378,1.3137930700536562,0,14
1_opaque_W_VisionCrack3,1784091662,band0.60,0.6,0.6238,1.3137930700536562,0,14
1_opaque_W_VisionCrack3,1784091662,band0.60,0.65,0.6605,1.3137930700536562,0,14
1_opaque_W_VisionCrack3,1784091662,band0.60,0.7,0.705,1.3137930700536562,0,14
1_opaque_W_VisionCrack3,1784091662,band0.60,0.75,0.7537,1.3137930700536562,0,14
1_opaque_W_VisionCrack3,1784091662,band0.60,0.8,0.8338,1.3137930700536562,0,14
1_opaque_W_VisionCrack3,1784091662,band0.60,0.85,0.8796,1.3137930700536562,0,14
1_opaque_W_VisionCrack3,1784091662,band0.60,0.9,0.9254,1.3137930700536562,0,14
1_opaque_W_VisionCrack3,1784091662,band0.60,0.95,0.9693,1.3137930700536562,0,14
1_opaque_W_VisionCrack3,1784091662,band0.60,1.0,1.006,1.3137930700536562,0,14
1_opaque_W_VisionCrack3,1784091662,band0.60,1.5,1.5591,1.3137930700536562,0,14
1_opaque_W_VisionCrack3,1784091662,band0.60,2.0,2.0237,1.3137930700536562,0,14
1_opaque_W_VisionCrack3,1784091662,band0.60,2.5,2.4833,1.3137930700536562,0,14
1_opaque_W_VisionCrack3,1784091662,win0.4,0.5,0.4992,1.3137930700536562,0,14
1_opaque_W_VisionCrack3,1784091662,win0.4,0.55,0.5378,1.3137930700536562,0,14
1_opaque_W_VisionCrack3,1784091662,win0.4,0.6,0.6242,1.3137930700536562,0,14
1_opaque_W_VisionCrack3,1784091662,win0.4,0.65,0.6599,1.3137930700536562,0,14
1_opaque_W_VisionCrack3,1784091662,win0.4,0.7,0.705,1.3137930700536562,0,14
1_opaque_W_VisionCrack3,1784091662,win0.4,0.75,0.7533,1.3137930700536562,0,14
1_opaque_W_VisionCrack3,1784091662,win0.4,0.8,0.8349,1.3137930700536562,0,14
1_opaque_W_VisionCrack3,1784091662,win0.4,0.85,0.8803,1.3137930700536562,0,14
1_opaque_W_VisionCrack3,1784091662,win0.4,0.9,0.9245,1.3137930700536562,0,14
1_opaque_W_VisionCrack3,1784091662,win0.4,0.95,0.9702,1.3137930700536562,0,14
1_opaque_W_VisionCrack3,1784091662,win0.4,1.0,1.0059,1.3137930700536562,0,14
1_opaque_W_VisionCrack3,1784091662,win0.4,1.5,1.5594,1.3137930700536562,0,14
1_opaque_W_VisionCrack3,1784091662,win0.4,2.0,2.0243,1.3137930700536562,0,14
1_opaque_W_VisionCrack3,1784091662,win0.4,2.5,2.4843,1.3137930700536562,0,14
1_opaque_W_VisionCrack3,1784091662,win0.8,0.5,0.4995,1.3137930700536562,0,14
1_opaque_W_VisionCrack3,1784091662,win0.8,0.55,0.5368,1.3137930700536562,0,14
1_opaque_W_VisionCrack3,1784091662,win0.8,0.6,0.6241,1.3137930700536562,0,14
1_opaque_W_VisionCrack3,1784091662,win0.8,0.65,0.6608,1.3137930700536562,0,14
1_opaque_W_VisionCrack3,1784091662,win0.8,0.7,0.7056,1.3137930700536562,0,14
1_opaque_W_VisionCrack3,1784091662,win0.8,0.75,0.7538,1.3137930700536562,0,14
1_opaque_W_VisionCrack3,1784091662,win0.8,0.8,0.8344,1.3137930700536562,0,14
1_opaque_W_VisionCrack3,1784091662,win0.8,0.85,0.8801,1.3137930700536562,0,14
1_opaque_W_VisionCrack3,1784091662,win0.8,0.9,0.9255,1.3137930700536562,0,14
1_opaque_W_VisionCrack3,1784091662,win0.8,0.95,0.9692,1.3137930700536562,0,14
1_opaque_W_VisionCrack3,1784091662,win0.8,1.0,1.0059,1.3137930700536562,0,14
1_opaque_W_VisionCrack3,1784091662,win0.8,1.5,1.5592,1.3137930700536562,0,14
1_opaque_W_VisionCrack3,1784091662,win0.8,2.0,2.0243,1.3137930700536562,0,14
1_opaque_W_VisionCrack3,1784091662,win0.8,2.5,2.4842,1.3137930700536562,0,14
1_opaque_W_VisionCrack3,1784091673,full,0.5,0.5073,1.384639769822991,0,14
1_opaque_W_VisionCrack3,1784091673,full,0.55,0.5379,1.384639769822991,0,14
1_opaque_W_VisionCrack3,1784091673,full,0.6,0.6273,1.384639769822991,0,14
1_opaque_W_VisionCrack3,1784091673,full,0.65,0.6693,1.384639769822991,0,14
1_opaque_W_VisionCrack3,1784091673,full,0.7,0.707,1.384639769822991,0,14
1_opaque_W_VisionCrack3,1784091673,full,0.75,0.7517,1.384639769822991,0,14
1_opaque_W_VisionCrack3,1784091673,full,0.8,0.8376,1.384639769822991,0,14
1_opaque_W_VisionCrack3,1784091673,full,0.85,0.8801,1.384639769822991,0,14
1_opaque_W_VisionCrack3,1784091673,full,0.9,0.9257,1.384639769822991,0,14
1_opaque_W_VisionCrack3,1784091673,full,0.95,0.9732,1.384639769822991,0,14
1_opaque_W_VisionCrack3,1784091673,full,1.0,1.0067,1.384639769822991,0,14
1_opaque_W_VisionCrack3,1784091673,full,1.5,1.5631,1.384639769822991,0,14
1_opaque_W_VisionCrack3,1784091673,full,2.0,2.034,1.384639769822991,0,14
1_opaque_W_VisionCrack3,1784091673,full,2.5,2.4927,1.384639769822991,0,14
1_opaque_W_VisionCrack3,1784091673,no_masked_bg,0.5,0.5073,1.384639769822991,0,14
1_opaque_W_VisionCrack3,1784091673,no_masked_bg,0.55,0.5372,1.384639769822991,0,14
1_opaque_W_VisionCrack3,1784091673,no_masked_bg,0.6,0.6273,1.384639769822991,0,14
1_opaque_W_VisionCrack3,1784091673,no_masked_bg,0.65,0.6695,1.384639769822991,0,14
1_opaque_W_VisionCrack3,1784091673,no_masked_bg,0.7,0.7074,1.384639769822991,0,14
1_opaque_W_VisionCrack3,1784091673,no_masked_bg,0.75,0.7519,1.384639769822991,0,14
1_opaque_W_VisionCrack3,1784091673,no_masked_bg,0.8,0.8376,1.384639769822991,0,14
1_opaque_W_VisionCrack3,1784091673,no_masked_bg,0.85,0.8801,1.384639769822991,0,14
1_opaque_W_VisionCrack3,1784091673,no_masked_bg,0.9,0.9259,1.384639769822991,0,14
1_opaque_W_VisionCrack3,1784091673,no_masked_bg,0.95,0.9736,1.384639769822991,0,14
1_opaque_W_VisionCrack3,1784091673,no_masked_bg,1.0,1.0073,1.384639769822991,0,14
1_opaque_W_VisionCrack3,1784091673,no_masked_bg,1.5,1.5637,1.384639769822991,0,14
1_opaque_W_VisionCrack3,1784091673,no_masked_bg,2.0,2.1936,1.384639769822991,0,14
1_opaque_W_VisionCrack3,1784091673,no_masked_bg,2.5,2.5092,1.384639769822991,0,14
1_opaque_W_VisionCrack3,1784091673,lsf_sigma,0.5,0.4958,1.6244369214498953,0,14
1_opaque_W_VisionCrack3,1784091673,lsf_sigma,0.55,0.5273,1.6244369214498953,0,14
1_opaque_W_VisionCrack3,1784091673,lsf_sigma,0.6,0.6189,1.6244369214498953,0,14
1_opaque_W_VisionCrack3,1784091673,lsf_sigma,0.65,0.6619,1.6244369214498953,0,14
1_opaque_W_VisionCrack3,1784091673,lsf_sigma,0.7,0.7004,1.6244369214498953,0,14
1_opaque_W_VisionCrack3,1784091673,lsf_sigma,0.75,0.7457,1.6244369214498953,0,14
1_opaque_W_VisionCrack3,1784091673,lsf_sigma,0.8,0.8326,1.6244369214498953,0,14
1_opaque_W_VisionCrack3,1784091673,lsf_sigma,0.85,0.8758,1.6244369214498953,0,14
1_opaque_W_VisionCrack3,1784091673,lsf_sigma,0.9,0.922,1.6244369214498953,0,14
1_opaque_W_VisionCrack3,1784091673,lsf_sigma,0.95,0.97,1.6244369214498953,0,14
1_opaque_W_VisionCrack3,1784091673,lsf_sigma,1.0,1.0039,1.6244369214498953,0,14
1_opaque_W_VisionCrack3,1784091673,lsf_sigma,1.5,1.5644,1.6244369214498953,0,14
1_opaque_W_VisionCrack3,1784091673,lsf_sigma,2.0,2.0386,1.6244369214498953,0,14
1_opaque_W_VisionCrack3,1784091673,lsf_sigma,2.5,2.4997,1.6244369214498953,0,14
1_opaque_W_VisionCrack3,1784091673,no_deconv,0.5,0.5331,1.384639769822991,0,14
1_opaque_W_VisionCrack3,1784091673,no_deconv,0.55,0.5618,1.384639769822991,0,14
1_opaque_W_VisionCrack3,1784091673,no_deconv,0.6,0.6466,1.384639769822991,0,14
1_opaque_W_VisionCrack3,1784091673,no_deconv,0.65,0.6868,1.384639769822991,0,14
1_opaque_W_VisionCrack3,1784091673,no_deconv,0.7,0.7231,1.384639769822991,0,14
1_opaque_W_VisionCrack3,1784091673,no_deconv,0.75,0.7662,1.384639769822991,0,14
1_opaque_W_VisionCrack3,1784091673,no_deconv,0.8,0.8496,1.384639769822991,0,14
1_opaque_W_VisionCrack3,1784091673,no_deconv,0.85,0.8909,1.384639769822991,0,14
1_opaque_W_VisionCrack3,1784091673,no_deconv,0.9,0.9354,1.384639769822991,0,14
1_opaque_W_VisionCrack3,1784091673,no_deconv,0.95,0.9818,1.384639769822991,0,14
1_opaque_W_VisionCrack3,1784091673,no_deconv,1.0,1.0146,1.384639769822991,0,14
1_opaque_W_VisionCrack3,1784091673,no_deconv,1.5,1.5631,1.384639769822991,0,14
1_opaque_W_VisionCrack3,1784091673,no_deconv,2.0,2.03,1.384639769822991,0,14
1_opaque_W_VisionCrack3,1784091673,no_deconv,2.5,2.4857,1.384639769822991,0,14
1_opaque_W_VisionCrack3,1784091673,rev3_window,0.5,0.5083,1.384639769822991,0,14
1_opaque_W_VisionCrack3,1784091673,rev3_window,0.55,0.5377,1.384639769822991,0,14
1_opaque_W_VisionCrack3,1784091673,rev3_window,0.6,0.6277,1.384639769822991,0,14
1_opaque_W_VisionCrack3,1784091673,rev3_window,0.65,0.6687,1.384639769822991,0,14
1_opaque_W_VisionCrack3,1784091673,rev3_window,0.7,0.71,1.384639769822991,0,14
1_opaque_W_VisionCrack3,1784091673,rev3_window,0.75,0.7531,1.384639769822991,0,14
1_opaque_W_VisionCrack3,1784091673,rev3_window,0.8,0.8376,1.384639769822991,0,14
1_opaque_W_VisionCrack3,1784091673,rev3_window,0.85,0.8813,1.384639769822991,0,14
1_opaque_W_VisionCrack3,1784091673,rev3_window,0.9,0.924,1.384639769822991,0,14
1_opaque_W_VisionCrack3,1784091673,rev3_window,0.95,0.973,1.384639769822991,0,14
1_opaque_W_VisionCrack3,1784091673,rev3_window,1.0,1.0084,1.384639769822991,0,14
1_opaque_W_VisionCrack3,1784091673,rev3_window,1.5,1.5657,1.384639769822991,0,14
1_opaque_W_VisionCrack3,1784091673,rev3_window,2.0,2.0323,1.384639769822991,0,14
1_opaque_W_VisionCrack3,1784091673,rev3_window,2.5,2.4916,1.384639769822991,0,14
1_opaque_W_VisionCrack3,1784091673,margin1.0,0.5,0.5063,1.384639769822991,0,14
1_opaque_W_VisionCrack3,1784091673,margin1.0,0.55,0.5371,1.384639769822991,0,14
1_opaque_W_VisionCrack3,1784091673,margin1.0,0.6,0.6272,1.384639769822991,0,14
1_opaque_W_VisionCrack3,1784091673,margin1.0,0.65,0.6698,1.384639769822991,0,14
1_opaque_W_VisionCrack3,1784091673,margin1.0,0.7,0.7074,1.384639769822991,0,14
1_opaque_W_VisionCrack3,1784091673,margin1.0,0.75,0.7519,1.384639769822991,0,14
1_opaque_W_VisionCrack3,1784091673,margin1.0,0.8,0.8379,1.384639769822991,0,14
1_opaque_W_VisionCrack3,1784091673,margin1.0,0.85,0.8802,1.384639769822991,0,14
1_opaque_W_VisionCrack3,1784091673,margin1.0,0.9,0.9262,1.384639769822991,0,14
1_opaque_W_VisionCrack3,1784091673,margin1.0,0.95,0.9736,1.384639769822991,0,14
1_opaque_W_VisionCrack3,1784091673,margin1.0,1.0,1.0074,1.384639769822991,0,14
1_opaque_W_VisionCrack3,1784091673,margin1.0,1.5,1.5634,1.384639769822991,0,14
1_opaque_W_VisionCrack3,1784091673,margin1.0,2.0,2.0355,1.384639769822991,0,14
1_opaque_W_VisionCrack3,1784091673,margin1.0,2.5,2.4948,1.384639769822991,0,14
1_opaque_W_VisionCrack3,1784091673,margin2.0,0.5,0.5073,1.384639769822991,0,14
1_opaque_W_VisionCrack3,1784091673,margin2.0,0.55,0.5378,1.384639769822991,0,14
1_opaque_W_VisionCrack3,1784091673,margin2.0,0.6,0.6272,1.384639769822991,0,14
1_opaque_W_VisionCrack3,1784091673,margin2.0,0.65,0.6695,1.384639769822991,0,14
1_opaque_W_VisionCrack3,1784091673,margin2.0,0.7,0.7072,1.384639769822991,0,14
1_opaque_W_VisionCrack3,1784091673,margin2.0,0.75,0.7517,1.384639769822991,0,14
1_opaque_W_VisionCrack3,1784091673,margin2.0,0.8,0.8376,1.384639769822991,0,14
1_opaque_W_VisionCrack3,1784091673,margin2.0,0.85,0.88,1.384639769822991,0,14
1_opaque_W_VisionCrack3,1784091673,margin2.0,0.9,0.9257,1.384639769822991,0,14
1_opaque_W_VisionCrack3,1784091673,margin2.0,0.95,0.9735,1.384639769822991,0,14
1_opaque_W_VisionCrack3,1784091673,margin2.0,1.0,1.0067,1.384639769822991,0,14
1_opaque_W_VisionCrack3,1784091673,margin2.0,1.5,1.5629,1.384639769822991,0,14
1_opaque_W_VisionCrack3,1784091673,margin2.0,2.0,2.034,1.384639769822991,0,14
1_opaque_W_VisionCrack3,1784091673,margin2.0,2.5,2.4921,1.384639769822991,0,14
1_opaque_W_VisionCrack3,1784091673,smooth15,0.5,0.5072,1.384639769822991,0,14
1_opaque_W_VisionCrack3,1784091673,smooth15,0.55,0.5379,1.384639769822991,0,14
1_opaque_W_VisionCrack3,1784091673,smooth15,0.6,0.6274,1.384639769822991,0,14
1_opaque_W_VisionCrack3,1784091673,smooth15,0.65,0.6692,1.384639769822991,0,14
1_opaque_W_VisionCrack3,1784091673,smooth15,0.7,0.707,1.384639769822991,0,14
1_opaque_W_VisionCrack3,1784091673,smooth15,0.75,0.7518,1.384639769822991,0,14
1_opaque_W_VisionCrack3,1784091673,smooth15,0.8,0.8375,1.384639769822991,0,14
1_opaque_W_VisionCrack3,1784091673,smooth15,0.85,0.88,1.384639769822991,0,14
1_opaque_W_VisionCrack3,1784091673,smooth15,0.9,0.9257,1.384639769822991,0,14
1_opaque_W_VisionCrack3,1784091673,smooth15,0.95,0.973,1.384639769822991,0,14
1_opaque_W_VisionCrack3,1784091673,smooth15,1.0,1.0066,1.384639769822991,0,14
1_opaque_W_VisionCrack3,1784091673,smooth15,1.5,1.5632,1.384639769822991,0,14
1_opaque_W_VisionCrack3,1784091673,smooth15,2.0,2.0338,1.384639769822991,0,14
1_opaque_W_VisionCrack3,1784091673,smooth15,2.5,2.4928,1.384639769822991,0,14
1_opaque_W_VisionCrack3,1784091673,smooth35,0.5,0.5073,1.384639769822991,0,14
1_opaque_W_VisionCrack3,1784091673,smooth35,0.55,0.5379,1.384639769822991,0,14
1_opaque_W_VisionCrack3,1784091673,smooth35,0.6,0.6273,1.384639769822991,0,14
1_opaque_W_VisionCrack3,1784091673,smooth35,0.65,0.6694,1.384639769822991,0,14
1_opaque_W_VisionCrack3,1784091673,smooth35,0.7,0.7071,1.384639769822991,0,14
1_opaque_W_VisionCrack3,1784091673,smooth35,0.75,0.7517,1.384639769822991,0,14
1_opaque_W_VisionCrack3,1784091673,smooth35,0.8,0.8378,1.384639769822991,0,14
1_opaque_W_VisionCrack3,1784091673,smooth35,0.85,0.8802,1.384639769822991,0,14
1_opaque_W_VisionCrack3,1784091673,smooth35,0.9,0.9257,1.384639769822991,0,14
1_opaque_W_VisionCrack3,1784091673,smooth35,0.95,0.9735,1.384639769822991,0,14
1_opaque_W_VisionCrack3,1784091673,smooth35,1.0,1.0067,1.384639769822991,0,14
1_opaque_W_VisionCrack3,1784091673,smooth35,1.5,1.563,1.384639769822991,0,14
1_opaque_W_VisionCrack3,1784091673,smooth35,2.0,2.0345,1.384639769822991,0,14
1_opaque_W_VisionCrack3,1784091673,smooth35,2.5,2.493,1.384639769822991,0,14
1_opaque_W_VisionCrack3,1784091673,band0.60,0.5,0.5073,1.384639769822991,0,14
1_opaque_W_VisionCrack3,1784091673,band0.60,0.55,0.5379,1.384639769822991,0,14
1_opaque_W_VisionCrack3,1784091673,band0.60,0.6,0.6273,1.384639769822991,0,14
1_opaque_W_VisionCrack3,1784091673,band0.60,0.65,0.6693,1.384639769822991,0,14
1_opaque_W_VisionCrack3,1784091673,band0.60,0.7,0.707,1.384639769822991,0,14
1_opaque_W_VisionCrack3,1784091673,band0.60,0.75,0.7517,1.384639769822991,0,14
1_opaque_W_VisionCrack3,1784091673,band0.60,0.8,0.8376,1.384639769822991,0,14
1_opaque_W_VisionCrack3,1784091673,band0.60,0.85,0.8801,1.384639769822991,0,14
1_opaque_W_VisionCrack3,1784091673,band0.60,0.9,0.9257,1.384639769822991,0,14
1_opaque_W_VisionCrack3,1784091673,band0.60,0.95,0.9732,1.384639769822991,0,14
1_opaque_W_VisionCrack3,1784091673,band0.60,1.0,1.0067,1.384639769822991,0,14
1_opaque_W_VisionCrack3,1784091673,band0.60,1.5,1.5631,1.384639769822991,0,14
1_opaque_W_VisionCrack3,1784091673,band0.60,2.0,2.034,1.384639769822991,0,14
1_opaque_W_VisionCrack3,1784091673,band0.60,2.5,2.4927,1.384639769822991,0,14
1_opaque_W_VisionCrack3,1784091673,win0.4,0.5,0.5073,1.384639769822991,0,14
1_opaque_W_VisionCrack3,1784091673,win0.4,0.55,0.5379,1.384639769822991,0,14
1_opaque_W_VisionCrack3,1784091673,win0.4,0.6,0.6277,1.384639769822991,0,14
1_opaque_W_VisionCrack3,1784091673,win0.4,0.65,0.6683,1.384639769822991,0,14
1_opaque_W_VisionCrack3,1784091673,win0.4,0.7,0.7067,1.384639769822991,0,14
1_opaque_W_VisionCrack3,1784091673,win0.4,0.75,0.7513,1.384639769822991,0,14
1_opaque_W_VisionCrack3,1784091673,win0.4,0.8,0.8386,1.384639769822991,0,14
1_opaque_W_VisionCrack3,1784091673,win0.4,0.85,0.8792,1.384639769822991,0,14
1_opaque_W_VisionCrack3,1784091673,win0.4,0.9,0.9255,1.384639769822991,0,14
1_opaque_W_VisionCrack3,1784091673,win0.4,0.95,0.9733,1.384639769822991,0,14
1_opaque_W_VisionCrack3,1784091673,win0.4,1.0,1.0063,1.384639769822991,0,14
1_opaque_W_VisionCrack3,1784091673,win0.4,1.5,1.5626,1.384639769822991,0,14
1_opaque_W_VisionCrack3,1784091673,win0.4,2.0,2.0346,1.384639769822991,0,14
1_opaque_W_VisionCrack3,1784091673,win0.4,2.5,2.4946,1.384639769822991,0,14
1_opaque_W_VisionCrack3,1784091673,win0.8,0.5,0.5082,1.384639769822991,0,14
1_opaque_W_VisionCrack3,1784091673,win0.8,0.55,0.5367,1.384639769822991,0,14
1_opaque_W_VisionCrack3,1784091673,win0.8,0.6,0.6261,1.384639769822991,0,14
1_opaque_W_VisionCrack3,1784091673,win0.8,0.65,0.6689,1.384639769822991,0,14
1_opaque_W_VisionCrack3,1784091673,win0.8,0.7,0.7069,1.384639769822991,0,14
1_opaque_W_VisionCrack3,1784091673,win0.8,0.75,0.7512,1.384639769822991,0,14
1_opaque_W_VisionCrack3,1784091673,win0.8,0.8,0.8379,1.384639769822991,0,14
1_opaque_W_VisionCrack3,1784091673,win0.8,0.85,0.8804,1.384639769822991,0,14
1_opaque_W_VisionCrack3,1784091673,win0.8,0.9,0.9256,1.384639769822991,0,14
1_opaque_W_VisionCrack3,1784091673,win0.8,0.95,0.9738,1.384639769822991,0,14
1_opaque_W_VisionCrack3,1784091673,win0.8,1.0,1.0066,1.384639769822991,0,14
1_opaque_W_VisionCrack3,1784091673,win0.8,1.5,1.5644,1.384639769822991,0,14
1_opaque_W_VisionCrack3,1784091673,win0.8,2.0,2.0343,1.384639769822991,0,14
1_opaque_W_VisionCrack3,1784091673,win0.8,2.5,2.4943,1.384639769822991,0,14
1_opaque_W_VisionCrack3,1784091683,full,0.5,0.4957,1.4260117453831076,0,14
1_opaque_W_VisionCrack3,1784091683,full,0.55,0.5302,1.4260117453831076,0,14
1_opaque_W_VisionCrack3,1784091683,full,0.6,0.6191,1.4260117453831076,0,14
1_opaque_W_VisionCrack3,1784091683,full,0.65,0.6584,1.4260117453831076,0,14
1_opaque_W_VisionCrack3,1784091683,full,0.7,0.7029,1.4260117453831076,0,14
1_opaque_W_VisionCrack3,1784091683,full,0.75,0.7528,1.4260117453831076,0,14
1_opaque_W_VisionCrack3,1784091683,full,0.8,0.8363,1.4260117453831076,0,14
1_opaque_W_VisionCrack3,1784091683,full,0.85,0.8819,1.4260117453831076,0,14
1_opaque_W_VisionCrack3,1784091683,full,0.9,0.9247,1.4260117453831076,0,14
1_opaque_W_VisionCrack3,1784091683,full,0.95,0.9685,1.4260117453831076,0,14
1_opaque_W_VisionCrack3,1784091683,full,1.0,1.0061,1.4260117453831076,0,14
1_opaque_W_VisionCrack3,1784091683,full,1.5,1.561,1.4260117453831076,0,14
1_opaque_W_VisionCrack3,1784091683,full,2.0,2.0324,1.4260117453831076,0,14
1_opaque_W_VisionCrack3,1784091683,full,2.5,2.4849,1.4260117453831076,0,14
1_opaque_W_VisionCrack3,1784091683,no_masked_bg,0.5,0.4959,1.4260117453831076,0,14
1_opaque_W_VisionCrack3,1784091683,no_masked_bg,0.55,0.5304,1.4260117453831076,0,14
1_opaque_W_VisionCrack3,1784091683,no_masked_bg,0.6,0.6194,1.4260117453831076,0,14
1_opaque_W_VisionCrack3,1784091683,no_masked_bg,0.65,0.6584,1.4260117453831076,0,14
1_opaque_W_VisionCrack3,1784091683,no_masked_bg,0.7,0.7034,1.4260117453831076,0,14
1_opaque_W_VisionCrack3,1784091683,no_masked_bg,0.75,0.7528,1.4260117453831076,0,14
1_opaque_W_VisionCrack3,1784091683,no_masked_bg,0.8,0.8365,1.4260117453831076,0,14
1_opaque_W_VisionCrack3,1784091683,no_masked_bg,0.85,0.8824,1.4260117453831076,0,14
1_opaque_W_VisionCrack3,1784091683,no_masked_bg,0.9,0.925,1.4260117453831076,0,14
1_opaque_W_VisionCrack3,1784091683,no_masked_bg,0.95,0.969,1.4260117453831076,0,14
1_opaque_W_VisionCrack3,1784091683,no_masked_bg,1.0,1.0068,1.4260117453831076,0,14
1_opaque_W_VisionCrack3,1784091683,no_masked_bg,1.5,1.5624,1.4260117453831076,0,14
1_opaque_W_VisionCrack3,1784091683,no_masked_bg,2.0,2.2243,1.4260117453831076,0,14
1_opaque_W_VisionCrack3,1784091683,no_masked_bg,2.5,2.5093,1.4260117453831076,0,14
1_opaque_W_VisionCrack3,1784091683,lsf_sigma,0.5,0.4782,1.7471115651193032,0,14
1_opaque_W_VisionCrack3,1784091683,lsf_sigma,0.55,0.514,1.7471115651193032,0,14
1_opaque_W_VisionCrack3,1784091683,lsf_sigma,0.6,0.6061,1.7471115651193032,0,14
1_opaque_W_VisionCrack3,1784091683,lsf_sigma,0.65,0.6465,1.7471115651193032,0,14
1_opaque_W_VisionCrack3,1784091683,lsf_sigma,0.7,0.6922,1.7471115651193032,0,14
1_opaque_W_VisionCrack3,1784091683,lsf_sigma,0.75,0.7434,1.7471115651193032,0,14
1_opaque_W_VisionCrack3,1784091683,lsf_sigma,0.8,0.8286,1.7471115651193032,0,14
1_opaque_W_VisionCrack3,1784091683,lsf_sigma,0.85,0.8749,1.7471115651193032,0,14
1_opaque_W_VisionCrack3,1784091683,lsf_sigma,0.9,0.9185,1.7471115651193032,0,14
1_opaque_W_VisionCrack3,1784091683,lsf_sigma,0.95,0.9631,1.7471115651193032,0,14
1_opaque_W_VisionCrack3,1784091683,lsf_sigma,1.0,1.0016,1.7471115651193032,0,14
1_opaque_W_VisionCrack3,1784091683,lsf_sigma,1.5,1.5615,1.7471115651193032,0,14
1_opaque_W_VisionCrack3,1784091683,lsf_sigma,2.0,2.0371,1.7471115651193032,0,14
1_opaque_W_VisionCrack3,1784091683,lsf_sigma,2.5,2.4925,1.7471115651193032,0,14
1_opaque_W_VisionCrack3,1784091683,no_deconv,0.5,0.5222,1.4260117453831076,0,14
1_opaque_W_VisionCrack3,1784091683,no_deconv,0.55,0.5542,1.4260117453831076,0,14
1_opaque_W_VisionCrack3,1784091683,no_deconv,0.6,0.6383,1.4260117453831076,0,14
1_opaque_W_VisionCrack3,1784091683,no_deconv,0.65,0.6757,1.4260117453831076,0,14
1_opaque_W_VisionCrack3,1784091683,no_deconv,0.7,0.7186,1.4260117453831076,0,14
1_opaque_W_VisionCrack3,1784091683,no_deconv,0.75,0.7666,1.4260117453831076,0,14
1_opaque_W_VisionCrack3,1784091683,no_deconv,0.8,0.8476,1.4260117453831076,0,14
1_opaque_W_VisionCrack3,1784091683,no_deconv,0.85,0.8919,1.4260117453831076,0,14
1_opaque_W_VisionCrack3,1784091683,no_deconv,0.9,0.9336,1.4260117453831076,0,14
1_opaque_W_VisionCrack3,1784091683,no_deconv,0.95,0.9764,1.4260117453831076,0,14
1_opaque_W_VisionCrack3,1784091683,no_deconv,1.0,1.0131,1.4260117453831076,0,14
1_opaque_W_VisionCrack3,1784091683,no_deconv,1.5,1.5606,1.4260117453831076,0,14
1_opaque_W_VisionCrack3,1784091683,no_deconv,2.0,2.0285,1.4260117453831076,0,14
1_opaque_W_VisionCrack3,1784091683,no_deconv,2.5,2.4785,1.4260117453831076,0,14
1_opaque_W_VisionCrack3,1784091683,rev3_window,0.5,0.4978,1.4260117453831076,0,14
1_opaque_W_VisionCrack3,1784091683,rev3_window,0.55,0.5289,1.4260117453831076,0,14
1_opaque_W_VisionCrack3,1784091683,rev3_window,0.6,0.6199,1.4260117453831076,0,14
1_opaque_W_VisionCrack3,1784091683,rev3_window,0.65,0.6564,1.4260117453831076,0,14
1_opaque_W_VisionCrack3,1784091683,rev3_window,0.7,0.7034,1.4260117453831076,0,14
1_opaque_W_VisionCrack3,1784091683,rev3_window,0.75,0.7559,1.4260117453831076,0,14
1_opaque_W_VisionCrack3,1784091683,rev3_window,0.8,0.8364,1.4260117453831076,0,14
1_opaque_W_VisionCrack3,1784091683,rev3_window,0.85,0.8856,1.4260117453831076,0,14
1_opaque_W_VisionCrack3,1784091683,rev3_window,0.9,0.9256,1.4260117453831076,0,14
1_opaque_W_VisionCrack3,1784091683,rev3_window,0.95,0.9726,1.4260117453831076,0,14
1_opaque_W_VisionCrack3,1784091683,rev3_window,1.0,1.0054,1.4260117453831076,0,14
1_opaque_W_VisionCrack3,1784091683,rev3_window,1.5,1.5603,1.4260117453831076,0,14
1_opaque_W_VisionCrack3,1784091683,rev3_window,2.0,2.033,1.4260117453831076,0,14
1_opaque_W_VisionCrack3,1784091683,rev3_window,2.5,2.4827,1.4260117453831076,0,14
1_opaque_W_VisionCrack3,1784091683,margin1.0,0.5,0.494,1.4260117453831076,0,14
1_opaque_W_VisionCrack3,1784091683,margin1.0,0.55,0.5295,1.4260117453831076,0,14
1_opaque_W_VisionCrack3,1784091683,margin1.0,0.6,0.6192,1.4260117453831076,0,14
1_opaque_W_VisionCrack3,1784091683,margin1.0,0.65,0.6584,1.4260117453831076,0,14
1_opaque_W_VisionCrack3,1784091683,margin1.0,0.7,0.7033,1.4260117453831076,0,14
1_opaque_W_VisionCrack3,1784091683,margin1.0,0.75,0.753,1.4260117453831076,0,14
1_opaque_W_VisionCrack3,1784091683,margin1.0,0.8,0.8367,1.4260117453831076,0,14
1_opaque_W_VisionCrack3,1784091683,margin1.0,0.85,0.8827,1.4260117453831076,0,14
1_opaque_W_VisionCrack3,1784091683,margin1.0,0.9,0.9249,1.4260117453831076,0,14
1_opaque_W_VisionCrack3,1784091683,margin1.0,0.95,0.9687,1.4260117453831076,0,14
1_opaque_W_VisionCrack3,1784091683,margin1.0,1.0,1.0071,1.4260117453831076,0,14
1_opaque_W_VisionCrack3,1784091683,margin1.0,1.5,1.561,1.4260117453831076,0,14
1_opaque_W_VisionCrack3,1784091683,margin1.0,2.0,2.0347,1.4260117453831076,0,14
1_opaque_W_VisionCrack3,1784091683,margin1.0,2.5,2.4899,1.4260117453831076,0,14
1_opaque_W_VisionCrack3,1784091683,margin2.0,0.5,0.4957,1.4260117453831076,0,14
1_opaque_W_VisionCrack3,1784091683,margin2.0,0.55,0.5302,1.4260117453831076,0,14
1_opaque_W_VisionCrack3,1784091683,margin2.0,0.6,0.6191,1.4260117453831076,0,14
1_opaque_W_VisionCrack3,1784091683,margin2.0,0.65,0.6583,1.4260117453831076,0,14
1_opaque_W_VisionCrack3,1784091683,margin2.0,0.7,0.7031,1.4260117453831076,0,14
1_opaque_W_VisionCrack3,1784091683,margin2.0,0.75,0.7528,1.4260117453831076,0,14
1_opaque_W_VisionCrack3,1784091683,margin2.0,0.8,0.8363,1.4260117453831076,0,14
1_opaque_W_VisionCrack3,1784091683,margin2.0,0.85,0.8821,1.4260117453831076,0,14
1_opaque_W_VisionCrack3,1784091683,margin2.0,0.9,0.9249,1.4260117453831076,0,14
1_opaque_W_VisionCrack3,1784091683,margin2.0,0.95,0.9688,1.4260117453831076,0,14
1_opaque_W_VisionCrack3,1784091683,margin2.0,1.0,1.0062,1.4260117453831076,0,14
1_opaque_W_VisionCrack3,1784091683,margin2.0,1.5,1.561,1.4260117453831076,0,14
1_opaque_W_VisionCrack3,1784091683,margin2.0,2.0,2.0325,1.4260117453831076,0,14
1_opaque_W_VisionCrack3,1784091683,margin2.0,2.5,2.4842,1.4260117453831076,0,14
1_opaque_W_VisionCrack3,1784091683,smooth15,0.5,0.496,1.4260117453831076,0,14
1_opaque_W_VisionCrack3,1784091683,smooth15,0.55,0.5303,1.4260117453831076,0,14
1_opaque_W_VisionCrack3,1784091683,smooth15,0.6,0.6193,1.4260117453831076,0,14
1_opaque_W_VisionCrack3,1784091683,smooth15,0.65,0.6582,1.4260117453831076,0,14
1_opaque_W_VisionCrack3,1784091683,smooth15,0.7,0.7028,1.4260117453831076,0,14
1_opaque_W_VisionCrack3,1784091683,smooth15,0.75,0.7528,1.4260117453831076,0,14
1_opaque_W_VisionCrack3,1784091683,smooth15,0.8,0.8363,1.4260117453831076,0,14
1_opaque_W_VisionCrack3,1784091683,smooth15,0.85,0.8817,1.4260117453831076,0,14
1_opaque_W_VisionCrack3,1784091683,smooth15,0.9,0.9244,1.4260117453831076,0,14
1_opaque_W_VisionCrack3,1784091683,smooth15,0.95,0.9683,1.4260117453831076,0,14
1_opaque_W_VisionCrack3,1784091683,smooth15,1.0,1.0058,1.4260117453831076,0,14
1_opaque_W_VisionCrack3,1784091683,smooth15,1.5,1.5612,1.4260117453831076,0,14
1_opaque_W_VisionCrack3,1784091683,smooth15,2.0,2.032,1.4260117453831076,0,14
1_opaque_W_VisionCrack3,1784091683,smooth15,2.5,2.4852,1.4260117453831076,0,14
1_opaque_W_VisionCrack3,1784091683,smooth35,0.5,0.4958,1.4260117453831076,0,14
1_opaque_W_VisionCrack3,1784091683,smooth35,0.55,0.5303,1.4260117453831076,0,14
1_opaque_W_VisionCrack3,1784091683,smooth35,0.6,0.6193,1.4260117453831076,0,14
1_opaque_W_VisionCrack3,1784091683,smooth35,0.65,0.6584,1.4260117453831076,0,14
1_opaque_W_VisionCrack3,1784091683,smooth35,0.7,0.7032,1.4260117453831076,0,14
1_opaque_W_VisionCrack3,1784091683,smooth35,0.75,0.7527,1.4260117453831076,0,14
1_opaque_W_VisionCrack3,1784091683,smooth35,0.8,0.8365,1.4260117453831076,0,14
1_opaque_W_VisionCrack3,1784091683,smooth35,0.85,0.8821,1.4260117453831076,0,14
1_opaque_W_VisionCrack3,1784091683,smooth35,0.9,0.9248,1.4260117453831076,0,14
1_opaque_W_VisionCrack3,1784091683,smooth35,0.95,0.9688,1.4260117453831076,0,14
1_opaque_W_VisionCrack3,1784091683,smooth35,1.0,1.0064,1.4260117453831076,0,14
1_opaque_W_VisionCrack3,1784091683,smooth35,1.5,1.5608,1.4260117453831076,0,14
1_opaque_W_VisionCrack3,1784091683,smooth35,2.0,2.0328,1.4260117453831076,0,14
1_opaque_W_VisionCrack3,1784091683,smooth35,2.5,2.4855,1.4260117453831076,0,14
1_opaque_W_VisionCrack3,1784091683,band0.60,0.5,0.4957,1.4260117453831076,0,14
1_opaque_W_VisionCrack3,1784091683,band0.60,0.55,0.5302,1.4260117453831076,0,14
1_opaque_W_VisionCrack3,1784091683,band0.60,0.6,0.6191,1.4260117453831076,0,14
1_opaque_W_VisionCrack3,1784091683,band0.60,0.65,0.6584,1.4260117453831076,0,14
1_opaque_W_VisionCrack3,1784091683,band0.60,0.7,0.7029,1.4260117453831076,0,14
1_opaque_W_VisionCrack3,1784091683,band0.60,0.75,0.7528,1.4260117453831076,0,14
1_opaque_W_VisionCrack3,1784091683,band0.60,0.8,0.8363,1.4260117453831076,0,14
1_opaque_W_VisionCrack3,1784091683,band0.60,0.85,0.8819,1.4260117453831076,0,14
1_opaque_W_VisionCrack3,1784091683,band0.60,0.9,0.9247,1.4260117453831076,0,14
1_opaque_W_VisionCrack3,1784091683,band0.60,0.95,0.9685,1.4260117453831076,0,14
1_opaque_W_VisionCrack3,1784091683,band0.60,1.0,1.0061,1.4260117453831076,0,14
1_opaque_W_VisionCrack3,1784091683,band0.60,1.5,1.561,1.4260117453831076,0,14
1_opaque_W_VisionCrack3,1784091683,band0.60,2.0,2.0324,1.4260117453831076,0,14
1_opaque_W_VisionCrack3,1784091683,band0.60,2.5,2.4849,1.4260117453831076,0,14
1_opaque_W_VisionCrack3,1784091683,win0.4,0.5,0.4957,1.4260117453831076,0,14
1_opaque_W_VisionCrack3,1784091683,win0.4,0.55,0.5302,1.4260117453831076,0,14
1_opaque_W_VisionCrack3,1784091683,win0.4,0.6,0.6179,1.4260117453831076,0,14
1_opaque_W_VisionCrack3,1784091683,win0.4,0.65,0.6593,1.4260117453831076,0,14
1_opaque_W_VisionCrack3,1784091683,win0.4,0.7,0.7023,1.4260117453831076,0,14
1_opaque_W_VisionCrack3,1784091683,win0.4,0.75,0.7528,1.4260117453831076,0,14
1_opaque_W_VisionCrack3,1784091683,win0.4,0.8,0.8369,1.4260117453831076,0,14
1_opaque_W_VisionCrack3,1784091683,win0.4,0.85,0.881,1.4260117453831076,0,14
1_opaque_W_VisionCrack3,1784091683,win0.4,0.9,0.9244,1.4260117453831076,0,14
1_opaque_W_VisionCrack3,1784091683,win0.4,0.95,0.9695,1.4260117453831076,0,14
1_opaque_W_VisionCrack3,1784091683,win0.4,1.0,1.0072,1.4260117453831076,0,14
1_opaque_W_VisionCrack3,1784091683,win0.4,1.5,1.5613,1.4260117453831076,0,14
1_opaque_W_VisionCrack3,1784091683,win0.4,2.0,2.0325,1.4260117453831076,0,14
1_opaque_W_VisionCrack3,1784091683,win0.4,2.5,2.4877,1.4260117453831076,0,14
1_opaque_W_VisionCrack3,1784091683,win0.8,0.5,0.496,1.4260117453831076,0,14
1_opaque_W_VisionCrack3,1784091683,win0.8,0.55,0.5296,1.4260117453831076,0,14
1_opaque_W_VisionCrack3,1784091683,win0.8,0.6,0.6192,1.4260117453831076,0,14
1_opaque_W_VisionCrack3,1784091683,win0.8,0.65,0.6583,1.4260117453831076,0,14
1_opaque_W_VisionCrack3,1784091683,win0.8,0.7,0.7025,1.4260117453831076,0,14
1_opaque_W_VisionCrack3,1784091683,win0.8,0.75,0.7545,1.4260117453831076,0,14
1_opaque_W_VisionCrack3,1784091683,win0.8,0.8,0.8375,1.4260117453831076,0,14
1_opaque_W_VisionCrack3,1784091683,win0.8,0.85,0.8833,1.4260117453831076,0,14
1_opaque_W_VisionCrack3,1784091683,win0.8,0.9,0.9245,1.4260117453831076,0,14
1_opaque_W_VisionCrack3,1784091683,win0.8,0.95,0.9702,1.4260117453831076,0,14
1_opaque_W_VisionCrack3,1784091683,win0.8,1.0,1.0054,1.4260117453831076,0,14
1_opaque_W_VisionCrack3,1784091683,win0.8,1.5,1.561,1.4260117453831076,0,14
1_opaque_W_VisionCrack3,1784091683,win0.8,2.0,2.0337,1.4260117453831076,0,14
1_opaque_W_VisionCrack3,1784091683,win0.8,2.5,2.4848,1.4260117453831076,0,14
1_opaque_W_VisionCrack3,1784091694,full,0.5,0.4992,1.4020921786132612,0,14
1_opaque_W_VisionCrack3,1784091694,full,0.55,0.5325,1.4020921786132612,0,14
1_opaque_W_VisionCrack3,1784091694,full,0.6,0.6229,1.4020921786132612,0,14
1_opaque_W_VisionCrack3,1784091694,full,0.65,0.6623,1.4020921786132612,0,14
1_opaque_W_VisionCrack3,1784091694,full,0.7,0.7054,1.4020921786132612,0,14
1_opaque_W_VisionCrack3,1784091694,full,0.75,0.7523,1.4020921786132612,0,14
1_opaque_W_VisionCrack3,1784091694,full,0.8,0.8384,1.4020921786132612,0,14
1_opaque_W_VisionCrack3,1784091694,full,0.85,0.8831,1.4020921786132612,0,14
1_opaque_W_VisionCrack3,1784091694,full,0.9,0.9272,1.4020921786132612,0,14
1_opaque_W_VisionCrack3,1784091694,full,0.95,0.9739,1.4020921786132612,0,14
1_opaque_W_VisionCrack3,1784091694,full,1.0,1.0041,1.4020921786132612,0,14
1_opaque_W_VisionCrack3,1784091694,full,1.5,1.5599,1.4020921786132612,0,14
1_opaque_W_VisionCrack3,1784091694,full,2.0,2.0326,1.4020921786132612,0,14
1_opaque_W_VisionCrack3,1784091694,full,2.5,2.4894,1.4020921786132612,0,14
1_opaque_W_VisionCrack3,1784091694,no_masked_bg,0.5,0.4991,1.4020921786132612,0,14
1_opaque_W_VisionCrack3,1784091694,no_masked_bg,0.55,0.5326,1.4020921786132612,0,14
1_opaque_W_VisionCrack3,1784091694,no_masked_bg,0.6,0.6225,1.4020921786132612,0,14
1_opaque_W_VisionCrack3,1784091694,no_masked_bg,0.65,0.6619,1.4020921786132612,0,14
1_opaque_W_VisionCrack3,1784091694,no_masked_bg,0.7,0.7057,1.4020921786132612,0,14
1_opaque_W_VisionCrack3,1784091694,no_masked_bg,0.75,0.7524,1.4020921786132612,0,14
1_opaque_W_VisionCrack3,1784091694,no_masked_bg,0.8,0.8383,1.4020921786132612,0,14
1_opaque_W_VisionCrack3,1784091694,no_masked_bg,0.85,0.8833,1.4020921786132612,0,14
1_opaque_W_VisionCrack3,1784091694,no_masked_bg,0.9,0.9273,1.4020921786132612,0,14
1_opaque_W_VisionCrack3,1784091694,no_masked_bg,0.95,0.9743,1.4020921786132612,0,14
1_opaque_W_VisionCrack3,1784091694,no_masked_bg,1.0,1.0044,1.4020921786132612,0,14
1_opaque_W_VisionCrack3,1784091694,no_masked_bg,1.5,1.5608,1.4020921786132612,0,14
1_opaque_W_VisionCrack3,1784091694,no_masked_bg,2.0,2.1869,1.4020921786132612,0,14
1_opaque_W_VisionCrack3,1784091694,no_masked_bg,2.5,2.4893,1.4020921786132612,0,14
1_opaque_W_VisionCrack3,1784091694,lsf_sigma,0.5,0.4834,1.6930809343859476,0,14
1_opaque_W_VisionCrack3,1784091694,lsf_sigma,0.55,0.5181,1.6930809343859476,0,14
1_opaque_W_VisionCrack3,1784091694,lsf_sigma,0.6,0.6112,1.6930809343859476,0,14
1_opaque_W_VisionCrack3,1784091694,lsf_sigma,0.65,0.6515,1.6930809343859476,0,14
1_opaque_W_VisionCrack3,1784091694,lsf_sigma,0.7,0.6956,1.6930809343859476,0,14
1_opaque_W_VisionCrack3,1784091694,lsf_sigma,0.75,0.7433,1.6930809343859476,0,14
1_opaque_W_VisionCrack3,1784091694,lsf_sigma,0.8,0.8309,1.6930809343859476,0,14
1_opaque_W_VisionCrack3,1784091694,lsf_sigma,0.85,0.8762,1.6930809343859476,0,14
1_opaque_W_VisionCrack3,1784091694,lsf_sigma,0.9,0.9209,1.6930809343859476,0,14
1_opaque_W_VisionCrack3,1784091694,lsf_sigma,0.95,0.9683,1.6930809343859476,0,14
1_opaque_W_VisionCrack3,1784091694,lsf_sigma,1.0,0.9987,1.6930809343859476,0,14
1_opaque_W_VisionCrack3,1784091694,lsf_sigma,1.5,1.5597,1.6930809343859476,0,14
1_opaque_W_VisionCrack3,1784091694,lsf_sigma,2.0,2.0345,1.6930809343859476,0,14
1_opaque_W_VisionCrack3,1784091694,lsf_sigma,2.5,2.4938,1.6930809343859476,0,14
1_opaque_W_VisionCrack3,1784091694,no_deconv,0.5,0.5249,1.4020921786132612,0,14
1_opaque_W_VisionCrack3,1784091694,no_deconv,0.55,0.5561,1.4020921786132612,0,14
1_opaque_W_VisionCrack3,1784091694,no_deconv,0.6,0.6416,1.4020921786132612,0,14
1_opaque_W_VisionCrack3,1784091694,no_deconv,0.65,0.6793,1.4020921786132612,0,14
1_opaque_W_VisionCrack3,1784091694,no_deconv,0.7,0.7208,1.4020921786132612,0,14
1_opaque_W_VisionCrack3,1784091694,no_deconv,0.75,0.766,1.4020921786132612,0,14
1_opaque_W_VisionCrack3,1784091694,no_deconv,0.8,0.8494,1.4020921786132612,0,14
1_opaque_W_VisionCrack3,1784091694,no_deconv,0.85,0.8929,1.4020921786132612,0,14
1_opaque_W_VisionCrack3,1784091694,no_deconv,0.9,0.9359,1.4020921786132612,0,14
1_opaque_W_VisionCrack3,1784091694,no_deconv,0.95,0.9815,1.4020921786132612,0,14
1_opaque_W_VisionCrack3,1784091694,no_deconv,1.0,1.011,1.4020921786132612,0,14
1_opaque_W_VisionCrack3,1784091694,no_deconv,1.5,1.5588,1.4020921786132612,0,14
1_opaque_W_VisionCrack3,1784091694,no_deconv,2.0,2.0274,1.4020921786132612,0,14
1_opaque_W_VisionCrack3,1784091694,no_deconv,2.5,2.4812,1.4020921786132612,0,14
1_opaque_W_VisionCrack3,1784091694,rev3_window,0.5,0.4988,1.4020921786132612,0,14
1_opaque_W_VisionCrack3,1784091694,rev3_window,0.55,0.5317,1.4020921786132612,0,14
1_opaque_W_VisionCrack3,1784091694,rev3_window,0.6,0.6218,1.4020921786132612,0,14
1_opaque_W_VisionCrack3,1784091694,rev3_window,0.65,0.6615,1.4020921786132612,0,14
1_opaque_W_VisionCrack3,1784091694,rev3_window,0.7,0.7073,1.4020921786132612,0,14
1_opaque_W_VisionCrack3,1784091694,rev3_window,0.75,0.7536,1.4020921786132612,0,14
1_opaque_W_VisionCrack3,1784091694,rev3_window,0.8,0.8357,1.4020921786132612,0,14
1_opaque_W_VisionCrack3,1784091694,rev3_window,0.85,0.8838,1.4020921786132612,0,14
1_opaque_W_VisionCrack3,1784091694,rev3_window,0.9,0.9279,1.4020921786132612,0,14
1_opaque_W_VisionCrack3,1784091694,rev3_window,0.95,0.973,1.4020921786132612,0,14
1_opaque_W_VisionCrack3,1784091694,rev3_window,1.0,1.0039,1.4020921786132612,0,14
1_opaque_W_VisionCrack3,1784091694,rev3_window,1.5,1.5617,1.4020921786132612,0,14
1_opaque_W_VisionCrack3,1784091694,rev3_window,2.0,2.0333,1.4020921786132612,0,14
1_opaque_W_VisionCrack3,1784091694,rev3_window,2.5,2.493,1.4020921786132612,0,14
1_opaque_W_VisionCrack3,1784091694,margin1.0,0.5,0.4981,1.4020921786132612,0,14
1_opaque_W_VisionCrack3,1784091694,margin1.0,0.55,0.5326,1.4020921786132612,0,14
1_opaque_W_VisionCrack3,1784091694,margin1.0,0.6,0.623,1.4020921786132612,0,14
1_opaque_W_VisionCrack3,1784091694,margin1.0,0.65,0.6625,1.4020921786132612,0,14
1_opaque_W_VisionCrack3,1784091694,margin1.0,0.7,0.7059,1.4020921786132612,0,14
1_opaque_W_VisionCrack3,1784091694,margin1.0,0.75,0.7527,1.4020921786132612,0,14
1_opaque_W_VisionCrack3,1784091694,margin1.0,0.8,0.8386,1.4020921786132612,0,14
1_opaque_W_VisionCrack3,1784091694,margin1.0,0.85,0.8834,1.4020921786132612,0,14
1_opaque_W_VisionCrack3,1784091694,margin1.0,0.9,0.9278,1.4020921786132612,0,14
1_opaque_W_VisionCrack3,1784091694,margin1.0,0.95,0.974,1.4020921786132612,0,14
1_opaque_W_VisionCrack3,1784091694,margin1.0,1.0,1.0043,1.4020921786132612,0,14
1_opaque_W_VisionCrack3,1784091694,margin1.0,1.5,1.5611,1.4020921786132612,0,14
1_opaque_W_VisionCrack3,1784091694,margin1.0,2.0,2.0347,1.4020921786132612,0,14
1_opaque_W_VisionCrack3,1784091694,margin1.0,2.5,2.4881,1.4020921786132612,0,14
1_opaque_W_VisionCrack3,1784091694,margin2.0,0.5,0.4989,1.4020921786132612,0,14
1_opaque_W_VisionCrack3,1784091694,margin2.0,0.55,0.5325,1.4020921786132612,0,14
1_opaque_W_VisionCrack3,1784091694,margin2.0,0.6,0.6229,1.4020921786132612,0,14
1_opaque_W_VisionCrack3,1784091694,margin2.0,0.65,0.6623,1.4020921786132612,0,14
1_opaque_W_VisionCrack3,1784091694,margin2.0,0.7,0.7054,1.4020921786132612,0,14
1_opaque_W_VisionCrack3,1784091694,margin2.0,0.75,0.7523,1.4020921786132612,0,14
1_opaque_W_VisionCrack3,1784091694,margin2.0,0.8,0.8385,1.4020921786132612,0,14
1_opaque_W_VisionCrack3,1784091694,margin2.0,0.85,0.8832,1.4020921786132612,0,14
1_opaque_W_VisionCrack3,1784091694,margin2.0,0.9,0.9274,1.4020921786132612,0,14
1_opaque_W_VisionCrack3,1784091694,margin2.0,0.95,0.9739,1.4020921786132612,0,14
1_opaque_W_VisionCrack3,1784091694,margin2.0,1.0,1.0041,1.4020921786132612,0,14
1_opaque_W_VisionCrack3,1784091694,margin2.0,1.5,1.5602,1.4020921786132612,0,14
1_opaque_W_VisionCrack3,1784091694,margin2.0,2.0,2.0315,1.4020921786132612,0,14
1_opaque_W_VisionCrack3,1784091694,margin2.0,2.5,2.4892,1.4020921786132612,0,14
1_opaque_W_VisionCrack3,1784091694,smooth15,0.5,0.4994,1.4020921786132612,0,14
1_opaque_W_VisionCrack3,1784091694,smooth15,0.55,0.5326,1.4020921786132612,0,14
1_opaque_W_VisionCrack3,1784091694,smooth15,0.6,0.6229,1.4020921786132612,0,14
1_opaque_W_VisionCrack3,1784091694,smooth15,0.65,0.6623,1.4020921786132612,0,14
1_opaque_W_VisionCrack3,1784091694,smooth15,0.7,0.7056,1.4020921786132612,0,14
1_opaque_W_VisionCrack3,1784091694,smooth15,0.75,0.7523,1.4020921786132612,0,14
1_opaque_W_VisionCrack3,1784091694,smooth15,0.8,0.8383,1.4020921786132612,0,14
1_opaque_W_VisionCrack3,1784091694,smooth15,0.85,0.883,1.4020921786132612,0,14
1_opaque_W_VisionCrack3,1784091694,smooth15,0.9,0.927,1.4020921786132612,0,14
1_opaque_W_VisionCrack3,1784091694,smooth15,0.95,0.9738,1.4020921786132612,0,14
1_opaque_W_VisionCrack3,1784091694,smooth15,1.0,1.004,1.4020921786132612,0,14
1_opaque_W_VisionCrack3,1784091694,smooth15,1.5,1.5597,1.4020921786132612,0,14
1_opaque_W_VisionCrack3,1784091694,smooth15,2.0,2.0324,1.4020921786132612,0,14
1_opaque_W_VisionCrack3,1784091694,smooth15,2.5,2.49,1.4020921786132612,0,14
1_opaque_W_VisionCrack3,1784091694,smooth35,0.5,0.4993,1.4020921786132612,0,14
1_opaque_W_VisionCrack3,1784091694,smooth35,0.55,0.5326,1.4020921786132612,0,14
1_opaque_W_VisionCrack3,1784091694,smooth35,0.6,0.6229,1.4020921786132612,0,14
1_opaque_W_VisionCrack3,1784091694,smooth35,0.65,0.6624,1.4020921786132612,0,14
1_opaque_W_VisionCrack3,1784091694,smooth35,0.7,0.7055,1.4020921786132612,0,14
1_opaque_W_VisionCrack3,1784091694,smooth35,0.75,0.7524,1.4020921786132612,0,14
1_opaque_W_VisionCrack3,1784091694,smooth35,0.8,0.8386,1.4020921786132612,0,14
1_opaque_W_VisionCrack3,1784091694,smooth35,0.85,0.8832,1.4020921786132612,0,14
1_opaque_W_VisionCrack3,1784091694,smooth35,0.9,0.9271,1.4020921786132612,0,14
1_opaque_W_VisionCrack3,1784091694,smooth35,0.95,0.974,1.4020921786132612,0,14
1_opaque_W_VisionCrack3,1784091694,smooth35,1.0,1.0042,1.4020921786132612,0,14
1_opaque_W_VisionCrack3,1784091694,smooth35,1.5,1.56,1.4020921786132612,0,14
1_opaque_W_VisionCrack3,1784091694,smooth35,2.0,2.0327,1.4020921786132612,0,14
1_opaque_W_VisionCrack3,1784091694,smooth35,2.5,2.4892,1.4020921786132612,0,14
1_opaque_W_VisionCrack3,1784091694,band0.60,0.5,0.4992,1.4020921786132612,0,14
1_opaque_W_VisionCrack3,1784091694,band0.60,0.55,0.5325,1.4020921786132612,0,14
1_opaque_W_VisionCrack3,1784091694,band0.60,0.6,0.6229,1.4020921786132612,0,14
1_opaque_W_VisionCrack3,1784091694,band0.60,0.65,0.6623,1.4020921786132612,0,14
1_opaque_W_VisionCrack3,1784091694,band0.60,0.7,0.7054,1.4020921786132612,0,14
1_opaque_W_VisionCrack3,1784091694,band0.60,0.75,0.7523,1.4020921786132612,0,14
1_opaque_W_VisionCrack3,1784091694,band0.60,0.8,0.8384,1.4020921786132612,0,14
1_opaque_W_VisionCrack3,1784091694,band0.60,0.85,0.8831,1.4020921786132612,0,14
1_opaque_W_VisionCrack3,1784091694,band0.60,0.9,0.9272,1.4020921786132612,0,14
1_opaque_W_VisionCrack3,1784091694,band0.60,0.95,0.9739,1.4020921786132612,0,14
1_opaque_W_VisionCrack3,1784091694,band0.60,1.0,1.0041,1.4020921786132612,0,14
1_opaque_W_VisionCrack3,1784091694,band0.60,1.5,1.5599,1.4020921786132612,0,14
1_opaque_W_VisionCrack3,1784091694,band0.60,2.0,2.0326,1.4020921786132612,0,14
1_opaque_W_VisionCrack3,1784091694,band0.60,2.5,2.4894,1.4020921786132612,0,14
1_opaque_W_VisionCrack3,1784091694,win0.4,0.5,0.4992,1.4020921786132612,0,14
1_opaque_W_VisionCrack3,1784091694,win0.4,0.55,0.5325,1.4020921786132612,0,14
1_opaque_W_VisionCrack3,1784091694,win0.4,0.6,0.6229,1.4020921786132612,0,14
1_opaque_W_VisionCrack3,1784091694,win0.4,0.65,0.662,1.4020921786132612,0,14
1_opaque_W_VisionCrack3,1784091694,win0.4,0.7,0.7056,1.4020921786132612,0,14
1_opaque_W_VisionCrack3,1784091694,win0.4,0.75,0.7531,1.4020921786132612,0,14
1_opaque_W_VisionCrack3,1784091694,win0.4,0.8,0.8378,1.4020921786132612,0,14
1_opaque_W_VisionCrack3,1784091694,win0.4,0.85,0.8818,1.4020921786132612,0,14
1_opaque_W_VisionCrack3,1784091694,win0.4,0.9,0.9276,1.4020921786132612,0,14
1_opaque_W_VisionCrack3,1784091694,win0.4,0.95,0.9732,1.4020921786132612,0,14
1_opaque_W_VisionCrack3,1784091694,win0.4,1.0,1.0029,1.4020921786132612,0,14
1_opaque_W_VisionCrack3,1784091694,win0.4,1.5,1.5608,1.4020921786132612,0,14
1_opaque_W_VisionCrack3,1784091694,win0.4,2.0,2.033,1.4020921786132612,0,14
1_opaque_W_VisionCrack3,1784091694,win0.4,2.5,2.4899,1.4020921786132612,0,14
1_opaque_W_VisionCrack3,1784091694,win0.8,0.5,0.4982,1.4020921786132612,0,14
1_opaque_W_VisionCrack3,1784091694,win0.8,0.55,0.5315,1.4020921786132612,0,14
1_opaque_W_VisionCrack3,1784091694,win0.8,0.6,0.6231,1.4020921786132612,0,14
1_opaque_W_VisionCrack3,1784091694,win0.8,0.65,0.6618,1.4020921786132612,0,14
1_opaque_W_VisionCrack3,1784091694,win0.8,0.7,0.7061,1.4020921786132612,0,14
1_opaque_W_VisionCrack3,1784091694,win0.8,0.75,0.7527,1.4020921786132612,0,14
1_opaque_W_VisionCrack3,1784091694,win0.8,0.8,0.8379,1.4020921786132612,0,14
1_opaque_W_VisionCrack3,1784091694,win0.8,0.85,0.8833,1.4020921786132612,0,14
1_opaque_W_VisionCrack3,1784091694,win0.8,0.9,0.9271,1.4020921786132612,0,14
1_opaque_W_VisionCrack3,1784091694,win0.8,0.95,0.9732,1.4020921786132612,0,14
1_opaque_W_VisionCrack3,1784091694,win0.8,1.0,1.0038,1.4020921786132612,0,14
1_opaque_W_VisionCrack3,1784091694,win0.8,1.5,1.5607,1.4020921786132612,0,14
1_opaque_W_VisionCrack3,1784091694,win0.8,2.0,2.0334,1.4020921786132612,0,14
1_opaque_W_VisionCrack3,1784091694,win0.8,2.5,2.4893,1.4020921786132612,0,14
1_opaque_W_VisionCrack3,1784091703,full,0.5,0.5085,1.3632986249733254,0,14
1_opaque_W_VisionCrack3,1784091703,full,0.55,0.5311,1.3632986249733254,0,14
1_opaque_W_VisionCrack3,1784091703,full,0.6,0.624,1.3632986249733254,0,14
1_opaque_W_VisionCrack3,1784091703,full,0.65,0.6629,1.3632986249733254,0,14
1_opaque_W_VisionCrack3,1784091703,full,0.7,0.7014,1.3632986249733254,0,14
1_opaque_W_VisionCrack3,1784091703,full,0.75,0.7568,1.3632986249733254,0,14
1_opaque_W_VisionCrack3,1784091703,full,0.8,0.841,1.3632986249733254,0,14
1_opaque_W_VisionCrack3,1784091703,full,0.85,0.8811,1.3632986249733254,0,14
1_opaque_W_VisionCrack3,1784091703,full,0.9,0.9304,1.3632986249733254,0,14
1_opaque_W_VisionCrack3,1784091703,full,0.95,0.9749,1.3632986249733254,0,14
1_opaque_W_VisionCrack3,1784091703,full,1.0,1.0091,1.3632986249733254,0,14
1_opaque_W_VisionCrack3,1784091703,full,1.5,1.5631,1.3632986249733254,0,14
1_opaque_W_VisionCrack3,1784091703,full,2.0,2.0309,1.3632986249733254,0,14
1_opaque_W_VisionCrack3,1784091703,full,2.5,2.4858,1.3632986249733254,0,14
1_opaque_W_VisionCrack3,1784091703,no_masked_bg,0.5,0.5085,1.3632986249733254,0,14
1_opaque_W_VisionCrack3,1784091703,no_masked_bg,0.55,0.531,1.3632986249733254,0,14
1_opaque_W_VisionCrack3,1784091703,no_masked_bg,0.6,0.6242,1.3632986249733254,0,14
1_opaque_W_VisionCrack3,1784091703,no_masked_bg,0.65,0.6632,1.3632986249733254,0,14
1_opaque_W_VisionCrack3,1784091703,no_masked_bg,0.7,0.7017,1.3632986249733254,0,14
1_opaque_W_VisionCrack3,1784091703,no_masked_bg,0.75,0.7569,1.3632986249733254,0,14
1_opaque_W_VisionCrack3,1784091703,no_masked_bg,0.8,0.8412,1.3632986249733254,0,14
1_opaque_W_VisionCrack3,1784091703,no_masked_bg,0.85,0.8811,1.3632986249733254,0,14
1_opaque_W_VisionCrack3,1784091703,no_masked_bg,0.9,0.9306,1.3632986249733254,0,14
1_opaque_W_VisionCrack3,1784091703,no_masked_bg,0.95,0.9752,1.3632986249733254,0,14
1_opaque_W_VisionCrack3,1784091703,no_masked_bg,1.0,1.0094,1.3632986249733254,0,14
1_opaque_W_VisionCrack3,1784091703,no_masked_bg,1.5,1.5641,1.3632986249733254,0,14
1_opaque_W_VisionCrack3,1784091703,no_masked_bg,2.0,2.1698,1.3632986249733254,0,14
1_opaque_W_VisionCrack3,1784091703,no_masked_bg,2.5,2.6402,1.3632986249733254,0,14
1_opaque_W_VisionCrack3,1784091703,lsf_sigma,0.5,0.4982,1.5598595819919712,0,14
1_opaque_W_VisionCrack3,1784091703,lsf_sigma,0.55,0.5209,1.5598595819919712,0,14
1_opaque_W_VisionCrack3,1784091703,lsf_sigma,0.6,0.6158,1.5598595819919712,0,14
1_opaque_W_VisionCrack3,1784091703,lsf_sigma,0.65,0.6553,1.5598595819919712,0,14
1_opaque_W_VisionCrack3,1784091703,lsf_sigma,0.7,0.6943,1.5598595819919712,0,14
1_opaque_W_VisionCrack3,1784091703,lsf_sigma,0.75,0.7504,1.5598595819919712,0,14
1_opaque_W_VisionCrack3,1784091703,lsf_sigma,0.8,0.8354,1.5598595819919712,0,14
1_opaque_W_VisionCrack3,1784091703,lsf_sigma,0.85,0.8759,1.5598595819919712,0,14
1_opaque_W_VisionCrack3,1784091703,lsf_sigma,0.9,0.9255,1.5598595819919712,0,14
1_opaque_W_VisionCrack3,1784091703,lsf_sigma,0.95,0.9703,1.5598595819919712,0,14
1_opaque_W_VisionCrack3,1784091703,lsf_sigma,1.0,1.0047,1.5598595819919712,0,14
1_opaque_W_VisionCrack3,1784091703,lsf_sigma,1.5,1.5615,1.5598595819919712,0,14
1_opaque_W_VisionCrack3,1784091703,lsf_sigma,2.0,2.0303,1.5598595819919712,0,14
1_opaque_W_VisionCrack3,1784091703,lsf_sigma,2.5,2.4852,1.5598595819919712,0,14
1_opaque_W_VisionCrack3,1784091703,no_deconv,0.5,0.5298,1.3632986249733254,0,14
1_opaque_W_VisionCrack3,1784091703,no_deconv,0.55,0.5511,1.3632986249733254,0,14
1_opaque_W_VisionCrack3,1784091703,no_deconv,0.6,0.6395,1.3632986249733254,0,14
1_opaque_W_VisionCrack3,1784091703,no_deconv,0.65,0.6769,1.3632986249733254,0,14
1_opaque_W_VisionCrack3,1784091703,no_deconv,0.7,0.7142,1.3632986249733254,0,14
1_opaque_W_VisionCrack3,1784091703,no_deconv,0.75,0.7678,1.3632986249733254,0,14
1_opaque_W_VisionCrack3,1784091703,no_deconv,0.8,0.8498,1.3632986249733254,0,14
1_opaque_W_VisionCrack3,1784091703,no_deconv,0.85,0.889,1.3632986249733254,0,14
1_opaque_W_VisionCrack3,1784091703,no_deconv,0.9,0.9373,1.3632986249733254,0,14
1_opaque_W_VisionCrack3,1784091703,no_deconv,0.95,0.9809,1.3632986249733254,0,14
1_opaque_W_VisionCrack3,1784091703,no_deconv,1.0,1.0145,1.3632986249733254,0,14
1_opaque_W_VisionCrack3,1784091703,no_deconv,1.5,1.5629,1.3632986249733254,0,14
1_opaque_W_VisionCrack3,1784091703,no_deconv,2.0,2.0284,1.3632986249733254,0,14
1_opaque_W_VisionCrack3,1784091703,no_deconv,2.5,2.4821,1.3632986249733254,0,14
1_opaque_W_VisionCrack3,1784091703,rev3_window,0.5,0.5088,1.3632986249733254,0,14
1_opaque_W_VisionCrack3,1784091703,rev3_window,0.55,0.5342,1.3632986249733254,0,14
1_opaque_W_VisionCrack3,1784091703,rev3_window,0.6,0.6243,1.3632986249733254,0,14
1_opaque_W_VisionCrack3,1784091703,rev3_window,0.65,0.6654,1.3632986249733254,0,14
1_opaque_W_VisionCrack3,1784091703,rev3_window,0.7,0.7035,1.3632986249733254,0,14
1_opaque_W_VisionCrack3,1784091703,rev3_window,0.75,0.7566,1.3632986249733254,0,14
1_opaque_W_VisionCrack3,1784091703,rev3_window,0.8,0.8417,1.3632986249733254,0,14
1_opaque_W_VisionCrack3,1784091703,rev3_window,0.85,0.8805,1.3632986249733254,0,14
1_opaque_W_VisionCrack3,1784091703,rev3_window,0.9,0.9308,1.3632986249733254,0,14
1_opaque_W_VisionCrack3,1784091703,rev3_window,0.95,0.9741,1.3632986249733254,0,14
1_opaque_W_VisionCrack3,1784091703,rev3_window,1.0,1.009,1.3632986249733254,0,14
1_opaque_W_VisionCrack3,1784091703,rev3_window,1.5,1.5638,1.3632986249733254,0,14
1_opaque_W_VisionCrack3,1784091703,rev3_window,2.0,2.0284,1.3632986249733254,0,14
1_opaque_W_VisionCrack3,1784091703,rev3_window,2.5,2.4863,1.3632986249733254,0,14
1_opaque_W_VisionCrack3,1784091703,margin1.0,0.5,0.5083,1.3632986249733254,0,14
1_opaque_W_VisionCrack3,1784091703,margin1.0,0.55,0.5308,1.3632986249733254,0,14
1_opaque_W_VisionCrack3,1784091703,margin1.0,0.6,0.6244,1.3632986249733254,0,14
1_opaque_W_VisionCrack3,1784091703,margin1.0,0.65,0.663,1.3632986249733254,0,14
1_opaque_W_VisionCrack3,1784091703,margin1.0,0.7,0.7015,1.3632986249733254,0,14
1_opaque_W_VisionCrack3,1784091703,margin1.0,0.75,0.7568,1.3632986249733254,0,14
1_opaque_W_VisionCrack3,1784091703,margin1.0,0.8,0.8415,1.3632986249733254,0,14
1_opaque_W_VisionCrack3,1784091703,margin1.0,0.85,0.8814,1.3632986249733254,0,14
1_opaque_W_VisionCrack3,1784091703,margin1.0,0.9,0.9306,1.3632986249733254,0,14
1_opaque_W_VisionCrack3,1784091703,margin1.0,0.95,0.9752,1.3632986249733254,0,14
1_opaque_W_VisionCrack3,1784091703,margin1.0,1.0,1.0092,1.3632986249733254,0,14
1_opaque_W_VisionCrack3,1784091703,margin1.0,1.5,1.5636,1.3632986249733254,0,14
1_opaque_W_VisionCrack3,1784091703,margin1.0,2.0,2.0319,1.3632986249733254,0,14
1_opaque_W_VisionCrack3,1784091703,margin1.0,2.5,2.4873,1.3632986249733254,0,14
1_opaque_W_VisionCrack3,1784091703,margin2.0,0.5,0.5084,1.3632986249733254,0,14
1_opaque_W_VisionCrack3,1784091703,margin2.0,0.55,0.5307,1.3632986249733254,0,14
1_opaque_W_VisionCrack3,1784091703,margin2.0,0.6,0.624,1.3632986249733254,0,14
1_opaque_W_VisionCrack3,1784091703,margin2.0,0.65,0.6628,1.3632986249733254,0,14
1_opaque_W_VisionCrack3,1784091703,margin2.0,0.7,0.7014,1.3632986249733254,0,14
1_opaque_W_VisionCrack3,1784091703,margin2.0,0.75,0.7568,1.3632986249733254,0,14
1_opaque_W_VisionCrack3,1784091703,margin2.0,0.8,0.841,1.3632986249733254,0,14
1_opaque_W_VisionCrack3,1784091703,margin2.0,0.85,0.8811,1.3632986249733254,0,14
1_opaque_W_VisionCrack3,1784091703,margin2.0,0.9,0.9304,1.3632986249733254,0,14
1_opaque_W_VisionCrack3,1784091703,margin2.0,0.95,0.9748,1.3632986249733254,0,14
1_opaque_W_VisionCrack3,1784091703,margin2.0,1.0,1.0089,1.3632986249733254,0,14
1_opaque_W_VisionCrack3,1784091703,margin2.0,1.5,1.5632,1.3632986249733254,0,14
1_opaque_W_VisionCrack3,1784091703,margin2.0,2.0,2.0306,1.3632986249733254,0,14
1_opaque_W_VisionCrack3,1784091703,margin2.0,2.5,2.4845,1.3632986249733254,0,14
1_opaque_W_VisionCrack3,1784091703,smooth15,0.5,0.5086,1.3632986249733254,0,14
1_opaque_W_VisionCrack3,1784091703,smooth15,0.55,0.5308,1.3632986249733254,0,14
1_opaque_W_VisionCrack3,1784091703,smooth15,0.6,0.6239,1.3632986249733254,0,14
1_opaque_W_VisionCrack3,1784091703,smooth15,0.65,0.6627,1.3632986249733254,0,14
1_opaque_W_VisionCrack3,1784091703,smooth15,0.7,0.7013,1.3632986249733254,0,14
1_opaque_W_VisionCrack3,1784091703,smooth15,0.75,0.7567,1.3632986249733254,0,14
1_opaque_W_VisionCrack3,1784091703,smooth15,0.8,0.841,1.3632986249733254,0,14
1_opaque_W_VisionCrack3,1784091703,smooth15,0.85,0.8808,1.3632986249733254,0,14
1_opaque_W_VisionCrack3,1784091703,smooth15,0.9,0.9303,1.3632986249733254,0,14
1_opaque_W_VisionCrack3,1784091703,smooth15,0.95,0.9746,1.3632986249733254,0,14
1_opaque_W_VisionCrack3,1784091703,smooth15,1.0,1.009,1.3632986249733254,0,14
1_opaque_W_VisionCrack3,1784091703,smooth15,1.5,1.5629,1.3632986249733254,0,14
1_opaque_W_VisionCrack3,1784091703,smooth15,2.0,2.031,1.3632986249733254,0,14
1_opaque_W_VisionCrack3,1784091703,smooth15,2.5,2.4858,1.3632986249733254,0,14
1_opaque_W_VisionCrack3,1784091703,smooth35,0.5,0.5086,1.3632986249733254,0,14
1_opaque_W_VisionCrack3,1784091703,smooth35,0.55,0.531,1.3632986249733254,0,14
1_opaque_W_VisionCrack3,1784091703,smooth35,0.6,0.6241,1.3632986249733254,0,14
1_opaque_W_VisionCrack3,1784091703,smooth35,0.65,0.663,1.3632986249733254,0,14
1_opaque_W_VisionCrack3,1784091703,smooth35,0.7,0.7015,1.3632986249733254,0,14
1_opaque_W_VisionCrack3,1784091703,smooth35,0.75,0.7568,1.3632986249733254,0,14
1_opaque_W_VisionCrack3,1784091703,smooth35,0.8,0.841,1.3632986249733254,0,14
1_opaque_W_VisionCrack3,1784091703,smooth35,0.85,0.8813,1.3632986249733254,0,14
1_opaque_W_VisionCrack3,1784091703,smooth35,0.9,0.9303,1.3632986249733254,0,14
1_opaque_W_VisionCrack3,1784091703,smooth35,0.95,0.975,1.3632986249733254,0,14
1_opaque_W_VisionCrack3,1784091703,smooth35,1.0,1.0092,1.3632986249733254,0,14
1_opaque_W_VisionCrack3,1784091703,smooth35,1.5,1.5633,1.3632986249733254,0,14
1_opaque_W_VisionCrack3,1784091703,smooth35,2.0,2.031,1.3632986249733254,0,14
1_opaque_W_VisionCrack3,1784091703,smooth35,2.5,2.4858,1.3632986249733254,0,14
1_opaque_W_VisionCrack3,1784091703,band0.60,0.5,0.5085,1.3632986249733254,0,14
1_opaque_W_VisionCrack3,1784091703,band0.60,0.55,0.5311,1.3632986249733254,0,14
1_opaque_W_VisionCrack3,1784091703,band0.60,0.6,0.624,1.3632986249733254,0,14
1_opaque_W_VisionCrack3,1784091703,band0.60,0.65,0.6629,1.3632986249733254,0,14
1_opaque_W_VisionCrack3,1784091703,band0.60,0.7,0.7014,1.3632986249733254,0,14
1_opaque_W_VisionCrack3,1784091703,band0.60,0.75,0.7568,1.3632986249733254,0,14
1_opaque_W_VisionCrack3,1784091703,band0.60,0.8,0.841,1.3632986249733254,0,14
1_opaque_W_VisionCrack3,1784091703,band0.60,0.85,0.8811,1.3632986249733254,0,14
1_opaque_W_VisionCrack3,1784091703,band0.60,0.9,0.9304,1.3632986249733254,0,14
1_opaque_W_VisionCrack3,1784091703,band0.60,0.95,0.9749,1.3632986249733254,0,14
1_opaque_W_VisionCrack3,1784091703,band0.60,1.0,1.0091,1.3632986249733254,0,14
1_opaque_W_VisionCrack3,1784091703,band0.60,1.5,1.5631,1.3632986249733254,0,14
1_opaque_W_VisionCrack3,1784091703,band0.60,2.0,2.0309,1.3632986249733254,0,14
1_opaque_W_VisionCrack3,1784091703,band0.60,2.5,2.4858,1.3632986249733254,0,14
1_opaque_W_VisionCrack3,1784091703,win0.4,0.5,0.5085,1.3632986249733254,0,14
1_opaque_W_VisionCrack3,1784091703,win0.4,0.55,0.5311,1.3632986249733254,0,14
1_opaque_W_VisionCrack3,1784091703,win0.4,0.6,0.624,1.3632986249733254,0,14
1_opaque_W_VisionCrack3,1784091703,win0.4,0.65,0.6644,1.3632986249733254,0,14
1_opaque_W_VisionCrack3,1784091703,win0.4,0.7,0.7017,1.3632986249733254,0,14
1_opaque_W_VisionCrack3,1784091703,win0.4,0.75,0.7568,1.3632986249733254,0,14
1_opaque_W_VisionCrack3,1784091703,win0.4,0.8,0.8403,1.3632986249733254,0,14
1_opaque_W_VisionCrack3,1784091703,win0.4,0.85,0.8809,1.3632986249733254,0,14
1_opaque_W_VisionCrack3,1784091703,win0.4,0.9,0.9293,1.3632986249733254,0,14
1_opaque_W_VisionCrack3,1784091703,win0.4,0.95,0.9737,1.3632986249733254,0,14
1_opaque_W_VisionCrack3,1784091703,win0.4,1.0,1.0081,1.3632986249733254,0,14
1_opaque_W_VisionCrack3,1784091703,win0.4,1.5,1.5627,1.3632986249733254,0,14
1_opaque_W_VisionCrack3,1784091703,win0.4,2.0,2.0298,1.3632986249733254,0,14
1_opaque_W_VisionCrack3,1784091703,win0.4,2.5,2.4854,1.3632986249733254,0,14
1_opaque_W_VisionCrack3,1784091703,win0.8,0.5,0.507,1.3632986249733254,0,14
1_opaque_W_VisionCrack3,1784091703,win0.8,0.55,0.5321,1.3632986249733254,0,14
1_opaque_W_VisionCrack3,1784091703,win0.8,0.6,0.6246,1.3632986249733254,0,14
1_opaque_W_VisionCrack3,1784091703,win0.8,0.65,0.6643,1.3632986249733254,0,14
1_opaque_W_VisionCrack3,1784091703,win0.8,0.7,0.7018,1.3632986249733254,0,14
1_opaque_W_VisionCrack3,1784091703,win0.8,0.75,0.7571,1.3632986249733254,0,14
1_opaque_W_VisionCrack3,1784091703,win0.8,0.8,0.8398,1.3632986249733254,0,14
1_opaque_W_VisionCrack3,1784091703,win0.8,0.85,0.8813,1.3632986249733254,0,14
1_opaque_W_VisionCrack3,1784091703,win0.8,0.9,0.93,1.3632986249733254,0,14
1_opaque_W_VisionCrack3,1784091703,win0.8,0.95,0.9752,1.3632986249733254,0,14
1_opaque_W_VisionCrack3,1784091703,win0.8,1.0,1.0095,1.3632986249733254,0,14
1_opaque_W_VisionCrack3,1784091703,win0.8,1.5,1.5636,1.3632986249733254,0,14
1_opaque_W_VisionCrack3,1784091703,win0.8,2.0,2.0305,1.3632986249733254,0,14
1_opaque_W_VisionCrack3,1784091703,win0.8,2.5,2.485,1.3632986249733254,0,14
1_opaque_W_VisionCrack3,1784091715,full,0.5,0.5061,1.3094012408914049,0,14
1_opaque_W_VisionCrack3,1784091715,full,0.55,0.5323,1.3094012408914049,0,14
1_opaque_W_VisionCrack3,1784091715,full,0.6,0.6198,1.3094012408914049,0,14
1_opaque_W_VisionCrack3,1784091715,full,0.65,0.661,1.3094012408914049,0,14
1_opaque_W_VisionCrack3,1784091715,full,0.7,0.7079,1.3094012408914049,0,14
1_opaque_W_VisionCrack3,1784091715,full,0.75,0.7534,1.3094012408914049,0,14
1_opaque_W_VisionCrack3,1784091715,full,0.8,0.842,1.3094012408914049,0,14
1_opaque_W_VisionCrack3,1784091715,full,0.85,0.883,1.3094012408914049,0,14
1_opaque_W_VisionCrack3,1784091715,full,0.9,0.9252,1.3094012408914049,0,14
1_opaque_W_VisionCrack3,1784091715,full,0.95,0.9737,1.3094012408914049,0,14
1_opaque_W_VisionCrack3,1784091715,full,1.0,1.0055,1.3094012408914049,0,14
1_opaque_W_VisionCrack3,1784091715,full,1.5,1.5591,1.3094012408914049,0,14
1_opaque_W_VisionCrack3,1784091715,full,2.0,2.0285,1.3094012408914049,0,14
1_opaque_W_VisionCrack3,1784091715,full,2.5,2.4839,1.3094012408914049,0,14
1_opaque_W_VisionCrack3,1784091715,no_masked_bg,0.5,0.5061,1.3094012408914049,0,14
1_opaque_W_VisionCrack3,1784091715,no_masked_bg,0.55,0.5324,1.3094012408914049,0,14
1_opaque_W_VisionCrack3,1784091715,no_masked_bg,0.6,0.6201,1.3094012408914049,0,14
1_opaque_W_VisionCrack3,1784091715,no_masked_bg,0.65,0.661,1.3094012408914049,0,14
1_opaque_W_VisionCrack3,1784091715,no_masked_bg,0.7,0.7082,1.3094012408914049,0,14
1_opaque_W_VisionCrack3,1784091715,no_masked_bg,0.75,0.7537,1.3094012408914049,0,14
1_opaque_W_VisionCrack3,1784091715,no_masked_bg,0.8,0.8424,1.3094012408914049,0,14
1_opaque_W_VisionCrack3,1784091715,no_masked_bg,0.85,0.8836,1.3094012408914049,0,14
1_opaque_W_VisionCrack3,1784091715,no_masked_bg,0.9,0.9256,1.3094012408914049,0,14
1_opaque_W_VisionCrack3,1784091715,no_masked_bg,0.95,0.9741,1.3094012408914049,0,14
1_opaque_W_VisionCrack3,1784091715,no_masked_bg,1.0,1.006,1.3094012408914049,0,14
1_opaque_W_VisionCrack3,1784091715,no_masked_bg,1.5,1.56,1.3094012408914049,0,14
1_opaque_W_VisionCrack3,1784091715,no_masked_bg,2.0,2.1712,1.3094012408914049,0,14
1_opaque_W_VisionCrack3,1784091715,no_masked_bg,2.5,2.6244,1.3094012408914049,0,14
1_opaque_W_VisionCrack3,1784091715,lsf_sigma,0.5,0.4955,1.5415925742793786,0,14
1_opaque_W_VisionCrack3,1784091715,lsf_sigma,0.55,0.5225,1.5415925742793786,0,14
1_opaque_W_VisionCrack3,1784091715,lsf_sigma,0.6,0.6121,1.5415925742793786,0,14
1_opaque_W_VisionCrack3,1784091715,lsf_sigma,0.65,0.654,1.5415925742793786,0,14
1_opaque_W_VisionCrack3,1784091715,lsf_sigma,0.7,0.7017,1.5415925742793786,0,14
1_opaque_W_VisionCrack3,1784091715,lsf_sigma,0.75,0.748,1.5415925742793786,0,14
1_opaque_W_VisionCrack3,1784091715,lsf_sigma,0.8,0.8379,1.5415925742793786,0,14
1_opaque_W_VisionCrack3,1784091715,lsf_sigma,0.85,0.8793,1.5415925742793786,0,14
1_opaque_W_VisionCrack3,1784091715,lsf_sigma,0.9,0.922,1.5415925742793786,0,14
1_opaque_W_VisionCrack3,1784091715,lsf_sigma,0.95,0.9711,1.5415925742793786,0,14
1_opaque_W_VisionCrack3,1784091715,lsf_sigma,1.0,1.0033,1.5415925742793786,0,14
1_opaque_W_VisionCrack3,1784091715,lsf_sigma,1.5,1.5612,1.5415925742793786,0,14
1_opaque_W_VisionCrack3,1784091715,lsf_sigma,2.0,2.0333,1.5415925742793786,0,14
1_opaque_W_VisionCrack3,1784091715,lsf_sigma,2.5,2.4911,1.5415925742793786,0,14
1_opaque_W_VisionCrack3,1784091715,no_deconv,0.5,0.5263,1.3094012408914049,0,14
1_opaque_W_VisionCrack3,1784091715,no_deconv,0.55,0.5511,1.3094012408914049,0,14
1_opaque_W_VisionCrack3,1784091715,no_deconv,0.6,0.635,1.3094012408914049,0,14
1_opaque_W_VisionCrack3,1784091715,no_deconv,0.65,0.6746,1.3094012408914049,0,14
1_opaque_W_VisionCrack3,1784091715,no_deconv,0.7,0.7202,1.3094012408914049,0,14
1_opaque_W_VisionCrack3,1784091715,no_deconv,0.75,0.7646,1.3094012408914049,0,14
1_opaque_W_VisionCrack3,1784091715,no_deconv,0.8,0.8513,1.3094012408914049,0,14
1_opaque_W_VisionCrack3,1784091715,no_deconv,0.85,0.8916,1.3094012408914049,0,14
1_opaque_W_VisionCrack3,1784091715,no_deconv,0.9,0.933,1.3094012408914049,0,14
1_opaque_W_VisionCrack3,1784091715,no_deconv,0.95,0.9809,1.3094012408914049,0,14
1_opaque_W_VisionCrack3,1784091715,no_deconv,1.0,1.0122,1.3094012408914049,0,14
1_opaque_W_VisionCrack3,1784091715,no_deconv,1.5,1.562,1.3094012408914049,0,14
1_opaque_W_VisionCrack3,1784091715,no_deconv,2.0,2.0305,1.3094012408914049,0,14
1_opaque_W_VisionCrack3,1784091715,no_deconv,2.5,2.486,1.3094012408914049,0,14
1_opaque_W_VisionCrack3,1784091715,rev3_window,0.5,0.5041,1.3094012408914049,0,14
1_opaque_W_VisionCrack3,1784091715,rev3_window,0.55,0.5302,1.3094012408914049,0,14
1_opaque_W_VisionCrack3,1784091715,rev3_window,0.6,0.6206,1.3094012408914049,0,14
1_opaque_W_VisionCrack3,1784091715,rev3_window,0.65,0.6626,1.3094012408914049,0,14
1_opaque_W_VisionCrack3,1784091715,rev3_window,0.7,0.7079,1.3094012408914049,0,14
1_opaque_W_VisionCrack3,1784091715,rev3_window,0.75,0.7534,1.3094012408914049,0,14
1_opaque_W_VisionCrack3,1784091715,rev3_window,0.8,0.8424,1.3094012408914049,0,14
1_opaque_W_VisionCrack3,1784091715,rev3_window,0.85,0.8851,1.3094012408914049,0,14
1_opaque_W_VisionCrack3,1784091715,rev3_window,0.9,0.9241,1.3094012408914049,0,14
1_opaque_W_VisionCrack3,1784091715,rev3_window,0.95,0.9739,1.3094012408914049,0,14
1_opaque_W_VisionCrack3,1784091715,rev3_window,1.0,1.0051,1.3094012408914049,0,14
1_opaque_W_VisionCrack3,1784091715,rev3_window,1.5,1.5612,1.3094012408914049,0,14
1_opaque_W_VisionCrack3,1784091715,rev3_window,2.0,2.0266,1.3094012408914049,0,14
1_opaque_W_VisionCrack3,1784091715,rev3_window,2.5,2.4863,1.3094012408914049,0,14
1_opaque_W_VisionCrack3,1784091715,margin1.0,0.5,0.5058,1.3094012408914049,0,14
1_opaque_W_VisionCrack3,1784091715,margin1.0,0.55,0.5325,1.3094012408914049,0,14
1_opaque_W_VisionCrack3,1784091715,margin1.0,0.6,0.6201,1.3094012408914049,0,14
1_opaque_W_VisionCrack3,1784091715,margin1.0,0.65,0.661,1.3094012408914049,0,14
1_opaque_W_VisionCrack3,1784091715,margin1.0,0.7,0.7081,1.3094012408914049,0,14
1_opaque_W_VisionCrack3,1784091715,margin1.0,0.75,0.7534,1.3094012408914049,0,14
1_opaque_W_VisionCrack3,1784091715,margin1.0,0.8,0.8423,1.3094012408914049,0,14
1_opaque_W_VisionCrack3,1784091715,margin1.0,0.85,0.8829,1.3094012408914049,0,14
1_opaque_W_VisionCrack3,1784091715,margin1.0,0.9,0.9253,1.3094012408914049,0,14
1_opaque_W_VisionCrack3,1784091715,margin1.0,0.95,0.9737,1.3094012408914049,0,14
1_opaque_W_VisionCrack3,1784091715,margin1.0,1.0,1.0055,1.3094012408914049,0,14
1_opaque_W_VisionCrack3,1784091715,margin1.0,1.5,1.5585,1.3094012408914049,0,14
1_opaque_W_VisionCrack3,1784091715,margin1.0,2.0,2.0296,1.3094012408914049,0,14
1_opaque_W_VisionCrack3,1784091715,margin1.0,2.5,2.4819,1.3094012408914049,0,14
1_opaque_W_VisionCrack3,1784091715,margin2.0,0.5,0.5059,1.3094012408914049,0,14
1_opaque_W_VisionCrack3,1784091715,margin2.0,0.55,0.5323,1.3094012408914049,0,14
1_opaque_W_VisionCrack3,1784091715,margin2.0,0.6,0.6199,1.3094012408914049,0,14
1_opaque_W_VisionCrack3,1784091715,margin2.0,0.65,0.6608,1.3094012408914049,0,14
1_opaque_W_VisionCrack3,1784091715,margin2.0,0.7,0.7079,1.3094012408914049,0,14
1_opaque_W_VisionCrack3,1784091715,margin2.0,0.75,0.7534,1.3094012408914049,0,14
1_opaque_W_VisionCrack3,1784091715,margin2.0,0.8,0.842,1.3094012408914049,0,14
1_opaque_W_VisionCrack3,1784091715,margin2.0,0.85,0.8833,1.3094012408914049,0,14
1_opaque_W_VisionCrack3,1784091715,margin2.0,0.9,0.9254,1.3094012408914049,0,14
1_opaque_W_VisionCrack3,1784091715,margin2.0,0.95,0.9737,1.3094012408914049,0,14
1_opaque_W_VisionCrack3,1784091715,margin2.0,1.0,1.0057,1.3094012408914049,0,14
1_opaque_W_VisionCrack3,1784091715,margin2.0,1.5,1.5588,1.3094012408914049,0,14
1_opaque_W_VisionCrack3,1784091715,margin2.0,2.0,2.0286,1.3094012408914049,0,14
1_opaque_W_VisionCrack3,1784091715,margin2.0,2.5,2.4825,1.3094012408914049,0,14
1_opaque_W_VisionCrack3,1784091715,smooth15,0.5,0.5062,1.3094012408914049,0,14
1_opaque_W_VisionCrack3,1784091715,smooth15,0.55,0.5324,1.3094012408914049,0,14
1_opaque_W_VisionCrack3,1784091715,smooth15,0.6,0.6197,1.3094012408914049,0,14
1_opaque_W_VisionCrack3,1784091715,smooth15,0.65,0.661,1.3094012408914049,0,14
1_opaque_W_VisionCrack3,1784091715,smooth15,0.7,0.7079,1.3094012408914049,0,14
1_opaque_W_VisionCrack3,1784091715,smooth15,0.75,0.7533,1.3094012408914049,0,14
1_opaque_W_VisionCrack3,1784091715,smooth15,0.8,0.8418,1.3094012408914049,0,14
1_opaque_W_VisionCrack3,1784091715,smooth15,0.85,0.8827,1.3094012408914049,0,14
1_opaque_W_VisionCrack3,1784091715,smooth15,0.9,0.9249,1.3094012408914049,0,14
1_opaque_W_VisionCrack3,1784091715,smooth15,0.95,0.9737,1.3094012408914049,0,14
1_opaque_W_VisionCrack3,1784091715,smooth15,1.0,1.0053,1.3094012408914049,0,14
1_opaque_W_VisionCrack3,1784091715,smooth15,1.5,1.559,1.3094012408914049,0,14
1_opaque_W_VisionCrack3,1784091715,smooth15,2.0,2.0284,1.3094012408914049,0,14
1_opaque_W_VisionCrack3,1784091715,smooth15,2.5,2.4842,1.3094012408914049,0,14
1_opaque_W_VisionCrack3,1784091715,smooth35,0.5,0.5061,1.3094012408914049,0,14
1_opaque_W_VisionCrack3,1784091715,smooth35,0.55,0.5323,1.3094012408914049,0,14
1_opaque_W_VisionCrack3,1784091715,smooth35,0.6,0.6198,1.3094012408914049,0,14
1_opaque_W_VisionCrack3,1784091715,smooth35,0.65,0.6609,1.3094012408914049,0,14
1_opaque_W_VisionCrack3,1784091715,smooth35,0.7,0.7079,1.3094012408914049,0,14
1_opaque_W_VisionCrack3,1784091715,smooth35,0.75,0.7535,1.3094012408914049,0,14
1_opaque_W_VisionCrack3,1784091715,smooth35,0.8,0.8422,1.3094012408914049,0,14
1_opaque_W_VisionCrack3,1784091715,smooth35,0.85,0.8833,1.3094012408914049,0,14
1_opaque_W_VisionCrack3,1784091715,smooth35,0.9,0.9254,1.3094012408914049,0,14
1_opaque_W_VisionCrack3,1784091715,smooth35,0.95,0.9738,1.3094012408914049,0,14
1_opaque_W_VisionCrack3,1784091715,smooth35,1.0,1.0056,1.3094012408914049,0,14
1_opaque_W_VisionCrack3,1784091715,smooth35,1.5,1.5592,1.3094012408914049,0,14
1_opaque_W_VisionCrack3,1784091715,smooth35,2.0,2.0285,1.3094012408914049,0,14
1_opaque_W_VisionCrack3,1784091715,smooth35,2.5,2.4839,1.3094012408914049,0,14
1_opaque_W_VisionCrack3,1784091715,band0.60,0.5,0.5061,1.3094012408914049,0,14
1_opaque_W_VisionCrack3,1784091715,band0.60,0.55,0.5323,1.3094012408914049,0,14
1_opaque_W_VisionCrack3,1784091715,band0.60,0.6,0.6198,1.3094012408914049,0,14
1_opaque_W_VisionCrack3,1784091715,band0.60,0.65,0.661,1.3094012408914049,0,14
1_opaque_W_VisionCrack3,1784091715,band0.60,0.7,0.7079,1.3094012408914049,0,14
1_opaque_W_VisionCrack3,1784091715,band0.60,0.75,0.7534,1.3094012408914049,0,14
1_opaque_W_VisionCrack3,1784091715,band0.60,0.8,0.842,1.3094012408914049,0,14
1_opaque_W_VisionCrack3,1784091715,band0.60,0.85,0.883,1.3094012408914049,0,14
1_opaque_W_VisionCrack3,1784091715,band0.60,0.9,0.9252,1.3094012408914049,0,14
1_opaque_W_VisionCrack3,1784091715,band0.60,0.95,0.9737,1.3094012408914049,0,14
1_opaque_W_VisionCrack3,1784091715,band0.60,1.0,1.0055,1.3094012408914049,0,14
1_opaque_W_VisionCrack3,1784091715,band0.60,1.5,1.5591,1.3094012408914049,0,14
1_opaque_W_VisionCrack3,1784091715,band0.60,2.0,2.0285,1.3094012408914049,0,14
1_opaque_W_VisionCrack3,1784091715,band0.60,2.5,2.4839,1.3094012408914049,0,14
1_opaque_W_VisionCrack3,1784091715,win0.4,0.5,0.5061,1.3094012408914049,0,14
1_opaque_W_VisionCrack3,1784091715,win0.4,0.55,0.5323,1.3094012408914049,0,14
1_opaque_W_VisionCrack3,1784091715,win0.4,0.6,0.6195,1.3094012408914049,0,14
1_opaque_W_VisionCrack3,1784091715,win0.4,0.65,0.6623,1.3094012408914049,0,14
1_opaque_W_VisionCrack3,1784091715,win0.4,0.7,0.7063,1.3094012408914049,0,14
1_opaque_W_VisionCrack3,1784091715,win0.4,0.75,0.7525,1.3094012408914049,0,14
1_opaque_W_VisionCrack3,1784091715,win0.4,0.8,0.8409,1.3094012408914049,0,14
1_opaque_W_VisionCrack3,1784091715,win0.4,0.85,0.8822,1.3094012408914049,0,14
1_opaque_W_VisionCrack3,1784091715,win0.4,0.9,0.9239,1.3094012408914049,0,14
1_opaque_W_VisionCrack3,1784091715,win0.4,0.95,0.9741,1.3094012408914049,0,14
1_opaque_W_VisionCrack3,1784091715,win0.4,1.0,1.0046,1.3094012408914049,0,14
1_opaque_W_VisionCrack3,1784091715,win0.4,1.5,1.5584,1.3094012408914049,0,14
1_opaque_W_VisionCrack3,1784091715,win0.4,2.0,2.0291,1.3094012408914049,0,14
1_opaque_W_VisionCrack3,1784091715,win0.4,2.5,2.4846,1.3094012408914049,0,14
1_opaque_W_VisionCrack3,1784091715,win0.8,0.5,0.5067,1.3094012408914049,0,14
1_opaque_W_VisionCrack3,1784091715,win0.8,0.55,0.5321,1.3094012408914049,0,14
1_opaque_W_VisionCrack3,1784091715,win0.8,0.6,0.6192,1.3094012408914049,0,14
1_opaque_W_VisionCrack3,1784091715,win0.8,0.65,0.6614,1.3094012408914049,0,14
1_opaque_W_VisionCrack3,1784091715,win0.8,0.7,0.7068,1.3094012408914049,0,14
1_opaque_W_VisionCrack3,1784091715,win0.8,0.75,0.7543,1.3094012408914049,0,14
1_opaque_W_VisionCrack3,1784091715,win0.8,0.8,0.8422,1.3094012408914049,0,14
1_opaque_W_VisionCrack3,1784091715,win0.8,0.85,0.8834,1.3094012408914049,0,14
1_opaque_W_VisionCrack3,1784091715,win0.8,0.9,0.9242,1.3094012408914049,0,14
1_opaque_W_VisionCrack3,1784091715,win0.8,0.95,0.9748,1.3094012408914049,0,14
1_opaque_W_VisionCrack3,1784091715,win0.8,1.0,1.0053,1.3094012408914049,0,14
1_opaque_W_VisionCrack3,1784091715,win0.8,1.5,1.5592,1.3094012408914049,0,14
1_opaque_W_VisionCrack3,1784091715,win0.8,2.0,2.0284,1.3094012408914049,0,14
1_opaque_W_VisionCrack3,1784091715,win0.8,2.5,2.4849,1.3094012408914049,0,14
