folder,tag,variant,truth,est,sigma,subres,n
4_opaque_WO_VisionCrack3,1784092257,full,0.5,0.4039,1.3808008056600491,0,14
4_opaque_WO_VisionCrack3,1784092257,full,0.55,0.4302,1.3808008056600491,0,14
4_opaque_WO_VisionCrack3,1784092257,full,0.6,0.5291,1.3808008056600491,0,14
4_opaque_WO_VisionCrack3,1784092257,full,0.65,0.5889,1.3808008056600491,0,14
4_opaque_WO_VisionCrack3,1784092257,full,0.7,0.6696,1.3808008056600491,0,14
4_opaque_WO_VisionCrack3,1784092257,full,0.75,0.685,1.3808008056600491,0,14
4_opaque_WO_VisionCrack3,1784092257,full,0.8,0.8206,1.3808008056600491,0,14
4_opaque_WO_VisionCrack3,1784092257,full,0.85,0.9162,1.3808008056600491,0,14
4_opaque_WO_VisionCrack3,1784092257,full,0.9,0.9036,1.3808008056600491,0,14
4_opaque_WO_VisionCrack3,1784092257,full,0.95,0.9693,1.3808008056600491,0,14
4_opaque_WO_VisionCrack3,1784092257,full,1.0,1.0096,1.3808008056600491,0,14
4_opaque_WO_VisionCrack3,1784092257,full,1.5,1.5833,1.3808008056600491,0,14
4_opaque_WO_VisionCrack3,1784092257,full,2.0,2.024,1.3808008056600491,0,14
4_opaque_WO_VisionCrack3,1784092257,full,2.5,2.4988,1.3808008056600491,0,14
4_opaque_WO_VisionCrack3,1784092257,no_masked_bg,0.5,0.4137,1.3808008056600491,0,14
4_opaque_WO_VisionCrack3,1784092257,no_masked_bg,0.55,0.4392,1.3808008056600491,0,14
4_opaque_WO_VisionCrack3,1784092257,no_masked_bg,0.6,0.5396,1.3808008056600491,0,14
4_opaque_WO_VisionCrack3,1784092257,no_masked_bg,0.65,0.6057,1.3808008056600491,0,14
4_opaque_WO_VisionCrack3,1784092257,no_masked_bg,0.7,0.7102,1.3808008056600491,0,14
4_opaque_WO_VisionCrack3,1784092257,no_masked_bg,0.75,0.7056,1.3808008056600491,0,14
4_opaque_WO_VisionCrack3,1784092257,no_masked_bg,0.8,0.9923,1.3808008056600491,0,14
4_opaque_WO_VisionCrack3,1784092257,no_masked_bg,0.85,1.1813,1.3808008056600491,0,14
4_opaque_WO_VisionCrack3,1784092257,no_masked_bg,0.9,1.0809,1.3808008056600491,0,14
4_opaque_WO_VisionCrack3,1784092257,no_masked_bg,0.95,1.0453,1.3808008056600491,0,14
4_opaque_WO_VisionCrack3,1784092257,no_masked_bg,1.0,1.0473,1.3808008056600491,0,14
4_opaque_WO_VisionCrack3,1784092257,no_masked_bg,1.5,1.6835,1.3808008056600491,0,14
4_opaque_WO_VisionCrack3,1784092257,no_masked_bg,2.0,2.3017,1.3808008056600491,0,14
4_opaque_WO_VisionCrack3,1784092257,no_masked_bg,2.5,2.5445,1.3808008056600491,0,14
4_opaque_WO_VisionCrack3,1784092257,lsf_sigma,0.5,0.3932,1.549742770193257,0,14
4_opaque_WO_VisionCrack3,1784092257,lsf_sigma,0.55,0.42,1.549742770193257,0,14
4_opaque_WO_VisionCrack3,1784092257,lsf_sigma,0.6,0.5211,1.549742770193257,0,14
4_opaque_WO_VisionCrack3,1784092257,lsf_sigma,0.65,0.5818,1.549742770193257,0,14
4_opaque_WO_VisionCrack3,1784092257,lsf_sigma,0.7,0.6636,1.549742770193257,0,14
4_opaque_WO_VisionCrack3,1784092257,lsf_sigma,0.75,0.6791,1.549742770193257,0,14
4_opaque_WO_VisionCrack3,1784092257,lsf_sigma,0.8,0.816,1.549742770193257,0,14
4_opaque_WO_VisionCrack3,1784092257,lsf_sigma,0.85,0.9124,1.549742770193257,0,14
4_opaque_WO_VisionCrack3,1784092257,lsf_sigma,0.9,0.8998,1.549742770193257,0,14
4_opaque_WO_VisionCrack3,1784092257,lsf_sigma,0.95,0.966,1.549742770193257,0,14
4_opaque_WO_VisionCrack3,1784092257,lsf_sigma,1.0,1.0065,1.549742770193257,0,14
4_opaque_WO_VisionCrack3,1784092257,lsf_sigma,1.5,1.5827,1.549742770193257,0,14
4_opaque_WO_VisionCrack3,1784092257,lsf_sigma,2.0,2.0247,1.549742770193257,0,14
4_opaque_WO_VisionCrack3,1784092257,lsf_sigma,2.5,2.5006,1.549742770193257,0,14
4_opaque_WO_VisionCrack3,1784092257,no_deconv,0.5,0.4123,1.3808008056600491,0,14
4_opaque_WO_VisionCrack3,1784092257,no_deconv,0.55,0.4372,1.3808008056600491,0,14
4_opaque_WO_VisionCrack3,1784092257,no_deconv,0.6,0.5305,1.3808008056600491,0,14
4_opaque_WO_VisionCrack3,1784092257,no_deconv,0.65,0.5881,1.3808008056600491,0,14
4_opaque_WO_VisionCrack3,1784092257,no_deconv,0.7,0.6666,1.3808008056600491,0,14
4_opaque_WO_VisionCrack3,1784092257,no_deconv,0.75,0.6816,1.3808008056600491,0,14
4_opaque_WO_VisionCrack3,1784092257,no_deconv,0.8,0.815,1.3808008056600491,0,14
4_opaque_WO_VisionCrack3,1784092257,no_deconv,0.85,0.9099,1.3808008056600491,0,14
4_opaque_WO_VisionCrack3,1784092257,no_deconv,0.9,0.8974,1.3808008056600491,0,14
4_opaque_WO_VisionCrack3,1784092257,no_deconv,0.95,0.9628,1.3808008056600491,0,14
4_opaque_WO_VisionCrack3,1784092257,no_deconv,1.0,1.003,1.3808008056600491,0,14
4_opaque_WO_VisionCrack3,1784092257,no_deconv,1.5,1.5791,1.3808008056600491,0,14
4_opaque_WO_VisionCrack3,1784092257,no_deconv,2.0,2.024,1.3808008056600491,0,14
4_opaque_WO_VisionCrack3,1784092257,no_deconv,2.5,2.5041,1.3808008056600491,0,14
4_opaque_WO_VisionCrack3,1784092257,rev3_window,0.5,0.3767,1.3808008056600491,0,14
4_opaque_WO_VisionCrack3,1784092257,rev3_window,0.55,0.415,1.3808008056600491,0,14
4_opaque_WO_VisionCrack3,1784092257,rev3_window,0.6,0.5233,1.3808008056600491,0,14
4_opaque_WO_VisionCrack3,1784092257,rev3_window,0.65,0.5944,1.3808008056600491,0,14
4_opaque_WO_VisionCrack3,1784092257,rev3_window,0.7,0.6874,1.3808008056600491,0,14
4_opaque_WO_VisionCrack3,1784092257,rev3_window,0.75,0.6947,1.3808008056600491,0,14
4_opaque_WO_VisionCrack3,1784092257,rev3_window,0.8,0.8166,1.3808008056600491,0,14
4_opaque_WO_VisionCrack3,1784092257,rev3_window,0.85,1.3303,1.3808008056600491,0,14
4_opaque_WO_VisionCrack3,1784092257,rev3_window,0.9,0.9105,1.3808008056600491,0,14
4_opaque_WO_VisionCrack3,1784092257,rev3_window,0.95,0.9661,1.3808008056600491,0,14
4_opaque_WO_VisionCrack3,1784092257,rev3_window,1.0,1.0009,1.3808008056600491,0,14
4_opaque_WO_VisionCrack3,1784092257,rev3_window,1.5,1.5713,1.3808008056600491,0,14
4_opaque_WO_VisionCrack3,1784092257,rev3_window,2.0,2.0223,1.3808008056600491,0,14
4_opaque_WO_VisionCrack3,1784092257,rev3_window,2.5,2.5091,1.3808008056600491,0,14
4_opaque_WO_VisionCrack3,1784092257,margin1.0,0.5,0.4029,1.3808008056600491,0,14
4_opaque_WO_VisionCrack3,1784092257,margin1.0,0.55,0.4306,1.3808008056600491,0,14
4_opaque_WO_VisionCrack3,1784092257,margin1.0,0.6,0.5295,1.3808008056600491,0,14
4_opaque_WO_VisionCrack3,1784092257,margin1.0,0.65,0.5891,1.3808008056600491,0,14
4_opaque_WO_VisionCrack3,1784092257,margin1.0,0.7,0.6664,1.3808008056600491,0,14
4_opaque_WO_VisionCrack3,1784092257,margin1.0,0.75,0.6834,1.3808008056600491,0,14
4_opaque_WO_VisionCrack3,1784092257,margin1.0,0.8,0.8087,1.3808008056600491,0,14
4_opaque_WO_VisionCrack3,1784092257,margin1.0,0.85,0.9398,1.3808008056600491,0,14
4_opaque_WO_VisionCrack3,1784092257,margin1.0,0.9,0.8937,1.3808008056600491,0,14
4_opaque_WO_VisionCrack3,1784092257,margin1.0,0.95,0.9605,1.3808008056600491,0,14
4_opaque_WO_VisionCrack3,1784092257,margin1.0,1.0,1.0077,1.3808008056600491,0,14
4_opaque_WO_VisionCrack3,1784092257,margin1.0,1.5,1.5719,1.3808008056600491,0,14
4_opaque_WO_VisionCrack3,1784092257,margin1.0,2.0,2.0174,1.3808008056600491,0,14
4_opaque_WO_VisionCrack3,1784092257,margin1.0,2.5,2.4475,1.3808008056600491,0,14
4_opaque_WO_VisionCrack3,1784092257,margin2.0,0.5,0.4049,1.3808008056600491,0,14
4_opaque_WO_VisionCrack3,1784092257,margin2.0,0.55,0.4296,1.3808008056600491,0,14
4_opaque_WO_VisionCrack3,1784092257,margin2.0,0.6,0.5287,1.3808008056600491,0,14
4_opaque_WO_VisionCrack3,1784092257,margin2.0,0.65,0.5888,1.3808008056600491,0,14
4_opaque_WO_VisionCrack3,1784092257,margin2.0,0.7,0.6739,1.3808008056600491,0,14
4_opaque_WO_VisionCrack3,1784092257,margin2.0,0.75,0.6852,1.3808008056600491,0,14
4_opaque_WO_VisionCrack3,1784092257,margin2.0,0.8,0.8337,1.3808008056600491,0,14
4_opaque_WO_VisionCrack3,1784092257,margin2.0,0.85,0.9256,1.3808008056600491,0,14
4_opaque_WO_VisionCrack3,1784092257,margin2.0,0.9,0.9173,1.3808008056600491,0,14
4_opaque_WO_VisionCrack3,1784092257,margin2.0,0.95,0.9704,1.3808008056600491,0,14
4_opaque_WO_VisionCrack3,1784092257,margin2.0,1.0,1.0149,1.3808008056600491,0,14
4_opaque_WO_VisionCrack3,1784092257,margin2.0,1.5,1.5961,1.3808008056600491,0,14
4_opaque_WO_VisionCrack3,1784092257,margin2.0,2.0,2.0373,1.3808008056600491,0,14
4_opaque_WO_VisionCrack3,1784092257,margin2.0,2.5,2.5266,1.3808008056600491,0,14
4_opaque_WO_VisionCrack3,1784092257,smooth15,0.5,0.4063,1.3808008056600491,0,14
4_opaque_WO_VisionCrack3,1784092257,smooth15,0.55,0.436,1.3808008056600491,0,14
4_opaque_WO_VisionCrack3,1784092257,smooth15,0.6,0.5338,1.3808008056600491,0,14
4_opaque_WO_VisionCrack3,1784092257,smooth15,0.65,0.5939,1.3808008056600491,0,14
4_opaque_WO_VisionCrack3,1784092257,smooth15,0.7,0.6758,1.3808008056600491,0,14
4_opaque_WO_VisionCrack3,1784092257,smooth15,0.75,0.6884,1.3808008056600491,0,14
4_opaque_WO_VisionCrack3,1784092257,smooth15,0.8,0.8101,1.3808008056600491,0,14
4_opaque_WO_VisionCrack3,1784092257,smooth15,0.85,0.8877,1.3808008056600491,0,14
4_opaque_WO_VisionCrack3,1784092257,smooth15,0.9,0.9006,1.3808008056600491,0,14
4_opaque_WO_VisionCrack3,1784092257,smooth15,0.95,0.9676,1.3808008056600491,0,14
4_opaque_WO_VisionCrack3,1784092257,smooth15,1.0,1.0021,1.3808008056600491,0,14
4_opaque_WO_VisionCrack3,1784092257,smooth15,1.5,1.5521,1.3808008056600491,0,14
4_opaque_WO_VisionCrack3,1784092257,smooth15,2.0,1.9964,1.3808008056600491,0,14
4_opaque_WO_VisionCrack3,1784092257,smooth15,2.5,2.4453,1.3808008056600491,0,14
4_opaque_WO_VisionCrack3,1784092257,smooth35,0.5,0.4023,1.3808008056600491,0,14
4_opaque_WO_VisionCrack3,1784092257,smooth35,0.55,0.4202,1.3808008056600491,0,14
4_opaque_WO_VisionCrack3,1784092257,smooth35,0.6,0.5248,1.3808008056600491,0,14
4_opaque_WO_VisionCrack3,1784092257,smooth35,0.65,0.5881,1.3808008056600491,0,14
4_opaque_WO_VisionCrack3,1784092257,smooth35,0.7,0.6734,1.3808008056600491,0,14
4_opaque_WO_VisionCrack3,1784092257,smooth35,0.75,0.6875,1.3808008056600491,0,14
4_opaque_WO_VisionCrack3,1784092257,smooth35,0.8,0.8364,1.3808008056600491,0,14
4_opaque_WO_VisionCrack3,1784092257,smooth35,0.85,1.001,1.3808008056600491,0,14
4_opaque_WO_VisionCrack3,1784092257,smooth35,0.9,0.9132,1.3808008056600491,0,14
4_opaque_WO_VisionCrack3,1784092257,smooth35,0.95,0.9738,1.3808008056600491,0,14
4_opaque_WO_VisionCrack3,1784092257,smooth35,1.0,1.017,1.3808008056600491,0,14
4_opaque_WO_VisionCrack3,1784092257,smooth35,1.5,1.6053,1.3808008056600491,0,14
4_opaque_WO_VisionCrack3,1784092257,smooth35,2.0,2.0447,1.3808008056600491,0,14
4_opaque_WO_VisionCrack3,1784092257,smooth35,2.5,2.5381,1.3808008056600491,0,14
4_opaque_WO_VisionCrack3,1784092257,band0.60,0.5,0.4039,1.3808008056600491,0,14
4_opaque_WO_VisionCrack3,1784092257,band0.60,0.55,0.4302,1.3808008056600491,0,14
4_opaque_WO_VisionCrack3,1784092257,band0.60,0.6,0.5291,1.3808008056600491,0,14
4_opaque_WO_VisionCrack3,1784092257,band0.60,0.65,0.5889,1.3808008056600491,0,14
4_opaque_WO_VisionCrack3,1784092257,band0.60,0.7,0.6696,1.3808008056600491,0,14
4_opaque_WO_VisionCrack3,1784092257,band0.60,0.75,0.685,1.3808008056600491,0,14
4_opaque_WO_VisionCrack3,1784092257,band0.60,0.8,0.8206,1.3808008056600491,0,14
4_opaque_WO_VisionCrack3,1784092257,band0.60,0.85,0.9162,1.3808008056600491,0,14
4_opaque_WO_VisionCrack3,1784092257,band0.60,0.9,0.9036,1.3808008056600491,0,14
4_opaque_WO_VisionCrack3,1784092257,band0.60,0.95,0.9693,1.3808008056600491,0,14
4_opaque_WO_VisionCrack3,1784092257,band0.60,1.0,1.0096,1.3808008056600491,0,14
4_opaque_WO_VisionCrack3,1784092257,band0.60,1.5,1.5833,1.3808008056600491,0,14
4_opaque_WO_VisionCrack3,1784092257,band0.60,2.0,2.024,1.3808008056600491,0,14
4_opaque_WO_VisionCrack3,1784092257,band0.60,2.5,2.4988,1.3808008056600491,0,14
4_opaque_WO_VisionCrack3,1784092257,win0.4,0.5,0.4112,1.3808008056600491,0,14
4_opaque_WO_VisionCrack3,1784092257,win0.4,0.55,0.4302,1.3808008056600491,0,14
4_opaque_WO_VisionCrack3,1784092257,win0.4,0.6,0.5331,1.3808008056600491,0,14
4_opaque_WO_VisionCrack3,1784092257,win0.4,0.65,0.5929,1.3808008056600491,0,14
4_opaque_WO_VisionCrack3,1784092257,win0.4,0.7,0.6725,1.3808008056600491,0,14
4_opaque_WO_VisionCrack3,1784092257,win0.4,0.75,0.6847,1.3808008056600491,0,14
4_opaque_WO_VisionCrack3,1784092257,win0.4,0.8,0.8199,1.3808008056600491,0,14
4_opaque_WO_VisionCrack3,1784092257,win0.4,0.85,0.8627,1.3808008056600491,0,14
4_opaque_WO_VisionCrack3,1784092257,win0.4,0.9,0.9001,1.3808008056600491,0,14
4_opaque_WO_VisionCrack3,1784092257,win0.4,0.95,0.9522,1.3808008056600491,0,14
4_opaque_WO_VisionCrack3,1784092257,win0.4,1.0,0.9884,1.3808008056600491,0,14
4_opaque_WO_VisionCrack3,1784092257,win0.4,1.5,1.5829,1.3808008056600491,0,14
4_opaque_WO_VisionCrack3,1784092257,win0.4,2.0,2.0402,1.3808008056600491,0,14
4_opaque_WO_VisionCrack3,1784092257,win0.4,2.5,2.5045,1.3808008056600491,0,14
4_opaque_WO_VisionCrack3,1784092257,win0.8,0.5,0.406,1.3808008056600491,0,14
4_opaque_WO_VisionCrack3,1784092257,win0.8,0.55,0.4226,1.3808008056600491,0,14
4_opaque_WO_VisionCrack3,1784092257,win0.8,0.6,0.5265,1.3808008056600491,0,14
4_opaque_WO_VisionCrack3,1784092257,win0.8,0.65,0.5979,1.3808008056600491,0,14
4_opaque_WO_VisionCrack3,1784092257,win0.8,0.7,0.6688,1.3808008056600491,0,14
4_opaque_WO_VisionCrack3,1784092257,win0.8,0.75,0.695,1.3808008056600491,0,14
4_opaque_WO_VisionCrack3,1784092257,win0.8,0.8,0.8477,1.3808008056600491,0,14
4_opaque_WO_VisionCrack3,1784092257,win0.8,0.85,0.9025,1.3808008056600491,0,14
4_opaque_WO_VisionCrack3,1784092257,win0.8,0.9,0.9013,1.3808008056600491,0,14
4_opaque_WO_VisionCrack3,1784092257,win0.8,0.95,0.9746,1.3808008056600491,0,14
4_opaque_WO_VisionCrack3,1784092257,win0.8,1.0,1.0053,1.3808008056600491,0,14
4_opaque_WO_VisionCrack3,1784092257,win0.8,1.5,1.5659,1.3808008056600491,0,14
4_opaque_WO_VisionCrack3,1784092257,win0.8,2.0,2.0204,1.3808008056600491,0,14
4_opaque_WO_VisionCrack3,1784092257,win0.8,2.5,2.5,1.3808008056600491,0,14
4_opaque_WO_VisionCrack3,1784092265,full,0.5,0.4035,1.335762016525475,0,15
4_opaque_WO_VisionCrack3,1784092265,full,0.55,0.45,1.335762016525475,0,15
4_opaque_WO_VisionCrack3,1784092265,full,0.6,0.5389,1.335762016525475,0,15
4_opaque_WO_VisionCrack3,1784092265,full,0.65,0.5795,1.335762016525475,0,15
4_opaque_WO_VisionCrack3,1784092265,full,0.7,0.6526,1.335762016525475,0,15
4_opaque_WO_VisionCrack3,1784092265,full,0.75,0.6851,1.335762016525475,0,15
4_opaque_WO_VisionCrack3,1784092265,full,0.8,0.7953,1.335762016525475,0,15
4_opaque_WO_VisionCrack3,1784092265,full,0.85,1.2979,1.335762016525475,0,15
4_opaque_WO_VisionCrack3,1784092265,full,0.9,0.8938,1.335762016525475,0,15
4_opaque_WO_VisionCrack3,1784092265,full,0.95,0.932,1.335762016525475,0,15
4_opaque_WO_VisionCrack3,1784092265,full,1.0,1.0003,1.335762016525475,0,15
4_opaque_WO_VisionCrack3,1784092265,full,1.5,1.5878,1.335762016525475,0,15
4_opaque_WO_VisionCrack3,1784092265,full,2.0,2.0288,1.335762016525475,0,15
4_opaque_WO_VisionCrack3,1784092265,full,2.5,2.4778,1.335762016525475,0,15
4_opaque_WO_VisionCrack3,1784092265,no_masked_bg,0.5,0.4242,1.335762016525475,0,15
4_opaque_WO_VisionCrack3,1784092265,no_masked_bg,0.55,0.4879,1.335762016525475,0,15
4_opaque_WO_VisionCrack3,1784092265,no_masked_bg,0.6,0.5434,1.335762016525475,0,15
4_opaque_WO_VisionCrack3,1784092265,no_masked_bg,0.65,0.5983,1.335762016525475,0,15
4_opaque_WO_VisionCrack3,1784092265,no_masked_bg,0.7,0.6871,1.335762016525475,0,15
4_opaque_WO_VisionCrack3,1784092265,no_masked_bg,0.75,0.7015,1.335762016525475,0,15
4_opaque_WO_VisionCrack3,1784092265,no_masked_bg,0.8,0.8539,1.335762016525475,0,15
4_opaque_WO_VisionCrack3,1784092265,no_masked_bg,0.85,1.4443,1.335762016525475,0,15
4_opaque_WO_VisionCrack3,1784092265,no_masked_bg,0.9,0.9638,1.335762016525475,0,15
4_opaque_WO_VisionCrack3,1784092265,no_masked_bg,0.95,0.9959,1.335762016525475,0,15
4_opaque_WO_VisionCrack3,1784092265,no_masked_bg,1.0,1.0314,1.335762016525475,0,15
4_opaque_WO_VisionCrack3,1784092265,no_masked_bg,1.5,1.7089,1.335762016525475,0,15
4_opaque_WO_VisionCrack3,1784092265,no_masked_bg,2.0,2.2888,1.335762016525475,0,15
4_opaque_WO_VisionCrack3,1784092265,no_masked_bg,2.5,2.5131,1.335762016525475,0,15
4_opaque_WO_VisionCrack3,1784092265,lsf_sigma,0.5,0.3875,1.5815574586885401,0,15
4_opaque_WO_VisionCrack3,1784092265,lsf_sigma,0.55,0.4409,1.5815574586885401,0,15
4_opaque_WO_VisionCrack3,1784092265,lsf_sigma,0.6,0.5271,1.5815574586885401,0,15
4_opaque_WO_VisionCrack3,1784092265,lsf_sigma,0.65,0.5675,1.5815574586885401,0,15
4_opaque_WO_VisionCrack3,1784092265,lsf_sigma,0.7,0.6431,1.5815574586885401,0,15
4_opaque_WO_VisionCrack3,1784092265,lsf_sigma,0.75,0.6771,1.5815574586885401,0,15
4_opaque_WO_VisionCrack3,1784092265,lsf_sigma,0.8,0.7939,1.5815574586885401,0,15
4_opaque_WO_VisionCrack3,1784092265,lsf_sigma,0.85,1.3289,1.5815574586885401,0,15
4_opaque_WO_VisionCrack3,1784092265,lsf_sigma,0.9,0.8867,1.5815574586885401,0,15
4_opaque_WO_VisionCrack3,1784092265,lsf_sigma,0.95,0.9299,1.5815574586885401,0,15
4_opaque_WO_VisionCrack3,1784092265,lsf_sigma,1.0,0.9979,1.5815574586885401,0,15
4_opaque_WO_VisionCrack3,1784092265,lsf_sigma,1.5,1.5913,1.5815574586885401,0,15
4_opaque_WO_VisionCrack3,1784092265,lsf_sigma,2.0,2.0329,1.5815574586885401,0,15
4_opaque_WO_VisionCrack3,1784092265,lsf_sigma,2.5,2.4963,1.5815574586885401,0,15
4_opaque_WO_VisionCrack3,1784092265,no_deconv,0.5,0.415,1.335762016525475,0,15
4_opaque_WO_VisionCrack3,1784092265,no_deconv,0.55,0.4582,1.335762016525475,0,15
4_opaque_WO_VisionCrack3,1784092265,no_deconv,0.6,0.5425,1.335762016525475,0,15
4_opaque_WO_VisionCrack3,1784092265,no_deconv,0.65,0.5814,1.335762016525475,0,15
4_opaque_WO_VisionCrack3,1784092265,no_deconv,0.7,0.6523,1.335762016525475,0,15
4_opaque_WO_VisionCrack3,1784092265,no_deconv,0.75,0.6839,1.335762016525475,0,15
4_opaque_WO_VisionCrack3,1784092265,no_deconv,0.8,0.7921,1.335762016525475,0,15
4_opaque_WO_VisionCrack3,1784092265,no_deconv,0.85,1.292,1.335762016525475,0,15
4_opaque_WO_VisionCrack3,1784092265,no_deconv,0.9,0.8894,1.335762016525475,0,15
4_opaque_WO_VisionCrack3,1784092265,no_deconv,0.95,0.9272,1.335762016525475,0,15
4_opaque_WO_VisionCrack3,1784092265,no_deconv,1.0,0.995,1.335762016525475,0,15
4_opaque_WO_VisionCrack3,1784092265,no_deconv,1.5,1.5826,1.335762016525475,0,15
4_opaque_WO_VisionCrack3,1784092265,no_deconv,2.0,2.026,1.335762016525475,0,15
4_opaque_WO_VisionCrack3,1784092265,no_deconv,2.5,2.4782,1.335762016525475,0,15
4_opaque_WO_VisionCrack3,1784092265,rev3_window,0.5,0.4259,1.335762016525475,0,16
4_opaque_WO_VisionCrack3,1784092265,rev3_window,0.55,0.4847,1.335762016525475,0,16
4_opaque_WO_VisionCrack3,1784092265,rev3_window,0.6,0.5295,1.335762016525475,0,16
4_opaque_WO_VisionCrack3,1784092265,rev3_window,0.65,0.587,1.335762016525475,0,16
4_opaque_WO_VisionCrack3,1784092265,rev3_window,0.7,0.622,1.335762016525475,0,16
4_opaque_WO_VisionCrack3,1784092265,rev3_window,0.75,0.6878,1.335762016525475,0,16
4_opaque_WO_VisionCrack3,1784092265,rev3_window,0.8,0.8009,1.335762016525475,0,16
4_opaque_WO_VisionCrack3,1784092265,rev3_window,0.85,1.3762,1.335762016525475,0,16
4_opaque_WO_VisionCrack3,1784092265,rev3_window,0.9,0.8695,1.335762016525475,0,16
4_opaque_WO_VisionCrack3,1784092265,rev3_window,0.95,0.9384,1.335762016525475,0,16
4_opaque_WO_VisionCrack3,1784092265,rev3_window,1.0,0.9999,1.335762016525475,0,16
4_opaque_WO_VisionCrack3,1784092265,rev3_window,1.5,1.5766,1.335762016525475,0,16
4_opaque_WO_VisionCrack3,1784092265,rev3_window,2.0,2.0333,1.335762016525475,0,16
4_opaque_WO_VisionCrack3,1784092265,rev3_window,2.5,2.4833,1.335762016525475,0,16
4_opaque_WO_VisionCrack3,1784092265,margin1.0,0.5,0.4037,1.335762016525475,0,15
4_opaque_WO_VisionCrack3,1784092265,margin1.0,0.55,0.4502,1.335762016525475,0,15
4_opaque_WO_VisionCrack3,1784092265,margin1.0,0.6,0.5419,1.335762016525475,0,15
4_opaque_WO_VisionCrack3,1784092265,margin1.0,0.65,0.5824,1.335762016525475,0,15
4_opaque_WO_VisionCrack3,1784092265,margin1.0,0.7,0.6509,1.335762016525475,0,15
4_opaque_WO_VisionCrack3,1784092265,margin1.0,0.75,0.6859,1.335762016525475,0,15
4_opaque_WO_VisionCrack3,1784092265,margin1.0,0.8,0.7959,1.335762016525475,0,15
4_opaque_WO_VisionCrack3,1784092265,margin1.0,0.85,0.8958,1.335762016525475,0,15
4_opaque_WO_VisionCrack3,1784092265,margin1.0,0.9,0.8903,1.335762016525475,0,15
4_opaque_WO_VisionCrack3,1784092265,margin1.0,0.95,0.9276,1.335762016525475,0,15
4_opaque_WO_VisionCrack3,1784092265,margin1.0,1.0,0.998,1.335762016525475,0,15
4_opaque_WO_VisionCrack3,1784092265,margin1.0,1.5,1.583,1.335762016525475,0,15
4_opaque_WO_VisionCrack3,1784092265,margin1.0,2.0,2.021,1.335762016525475,0,15
4_opaque_WO_VisionCrack3,1784092265,margin1.0,2.5,2.4356,1.335762016525475,0,15
4_opaque_WO_VisionCrack3,1784092265,margin2.0,0.5,0.4033,1.335762016525475,0,15
4_opaque_WO_VisionCrack3,1784092265,margin2.0,0.55,0.4545,1.335762016525475,0,15
4_opaque_WO_VisionCrack3,1784092265,margin2.0,0.6,0.5382,1.335762016525475,0,15
4_opaque_WO_VisionCrack3,1784092265,margin2.0,0.65,0.5776,1.335762016525475,0,15
4_opaque_WO_VisionCrack3,1784092265,margin2.0,0.7,0.6515,1.335762016525475,0,15
4_opaque_WO_VisionCrack3,1784092265,margin2.0,0.75,0.685,1.335762016525475,0,15
4_opaque_WO_VisionCrack3,1784092265,margin2.0,0.8,0.7999,1.335762016525475,0,15
4_opaque_WO_VisionCrack3,1784092265,margin2.0,0.85,1.3301,1.335762016525475,0,15
4_opaque_WO_VisionCrack3,1784092265,margin2.0,0.9,0.8916,1.335762016525475,0,15
4_opaque_WO_VisionCrack3,1784092265,margin2.0,0.95,0.9343,1.335762016525475,0,15
4_opaque_WO_VisionCrack3,1784092265,margin2.0,1.0,1.0017,1.335762016525475,0,15
4_opaque_WO_VisionCrack3,1784092265,margin2.0,1.5,1.5909,1.335762016525475,0,15
4_opaque_WO_VisionCrack3,1784092265,margin2.0,2.0,2.0303,1.335762016525475,0,15
4_opaque_WO_VisionCrack3,1784092265,margin2.0,2.5,2.4918,1.335762016525475,0,15
4_opaque_WO_VisionCrack3,1784092265,smooth15,0.5,0.4139,1.335762016525475,0,15
4_opaque_WO_VisionCrack3,1784092265,smooth15,0.55,0.4558,1.335762016525475,0,15
4_opaque_WO_VisionCrack3,1784092265,smooth15,0.6,0.5445,1.335762016525475,0,15
4_opaque_WO_VisionCrack3,1784092265,smooth15,0.65,0.5863,1.335762016525475,0,15
4_opaque_WO_VisionCrack3,1784092265,smooth15,0.7,0.6546,1.335762016525475,0,15
4_opaque_WO_VisionCrack3,1784092265,smooth15,0.75,0.6908,1.335762016525475,0,15
4_opaque_WO_VisionCrack3,1784092265,smooth15,0.8,0.7881,1.335762016525475,0,15
4_opaque_WO_VisionCrack3,1784092265,smooth15,0.85,1.2007,1.335762016525475,0,15
4_opaque_WO_VisionCrack3,1784092265,smooth15,0.9,0.8847,1.335762016525475,0,15
4_opaque_WO_VisionCrack3,1784092265,smooth15,0.95,0.9303,1.335762016525475,0,15
4_opaque_WO_VisionCrack3,1784092265,smooth15,1.0,0.9925,1.335762016525475,0,15
4_opaque_WO_VisionCrack3,1784092265,smooth15,1.5,1.5662,1.335762016525475,0,15
4_opaque_WO_VisionCrack3,1784092265,smooth15,2.0,2.0046,1.335762016525475,0,15
4_opaque_WO_VisionCrack3,1784092265,smooth15,2.5,2.4472,1.335762016525475,0,15
4_opaque_WO_VisionCrack3,1784092265,smooth35,0.5,0.3992,1.335762016525475,0,15
4_opaque_WO_VisionCrack3,1784092265,smooth35,0.55,0.4534,1.335762016525475,0,15
4_opaque_WO_VisionCrack3,1784092265,smooth35,0.6,0.5358,1.335762016525475,0,15
4_opaque_WO_VisionCrack3,1784092265,smooth35,0.65,0.5785,1.335762016525475,0,15
4_opaque_WO_VisionCrack3,1784092265,smooth35,0.7,0.6519,1.335762016525475,0,15
4_opaque_WO_VisionCrack3,1784092265,smooth35,0.75,0.6831,1.335762016525475,0,15
4_opaque_WO_VisionCrack3,1784092265,smooth35,0.8,0.8071,1.335762016525475,0,15
4_opaque_WO_VisionCrack3,1784092265,smooth35,0.85,1.3686,1.335762016525475,0,15
4_opaque_WO_VisionCrack3,1784092265,smooth35,0.9,0.9014,1.335762016525475,0,15
4_opaque_WO_VisionCrack3,1784092265,smooth35,0.95,0.9405,1.335762016525475,0,15
4_opaque_WO_VisionCrack3,1784092265,smooth35,1.0,1.0048,1.335762016525475,0,15
4_opaque_WO_VisionCrack3,1784092265,smooth35,1.5,1.6043,1.335762016525475,0,15
4_opaque_WO_VisionCrack3,1784092265,smooth35,2.0,2.048,1.335762016525475,0,15
4_opaque_WO_VisionCrack3,1784092265,smooth35,2.5,2.5008,1.335762016525475,0,15
4_opaque_WO_VisionCrack3,1784092265,band0.60,0.5,0.4035,1.335762016525475,0,15
4_opaque_WO_VisionCrack3,1784092265,band0.60,0.55,0.45,1.335762016525475,0,15
4_opaque_WO_VisionCrack3,1784092265,band0.60,0.6,0.5389,1.335762016525475,0,15
4_opaque_WO_VisionCrack3,1784092265,band0.60,0.65,0.5795,1.335762016525475,0,15
4_opaque_WO_VisionCrack3,1784092265,band0.60,0.7,0.6526,1.335762016525475,0,15
4_opaque_WO_VisionCrack3,1784092265,band0.60,0.75,0.6851,1.335762016525475,0,15
4_opaque_WO_VisionCrack3,1784092265,band0.60,0.8,0.7953,1.335762016525475,0,15
4_opaque_WO_VisionCrack3,1784092265,band0.60,0.85,1.2979,1.335762016525475,0,15
4_opaque_WO_VisionCrack3,1784092265,band0.60,0.9,0.8938,1.335762016525475,0,15
4_opaque_WO_VisionCrack3,1784092265,band0.60,0.95,0.932,1.335762016525475,0,15
4_opaque_WO_VisionCrack3,1784092265,band0.60,1.0,1.0003,1.335762016525475,0,15
4_opaque_WO_VisionCrack3,1784092265,band0.60,1.5,1.5878,1.335762016525475,0,15
4_opaque_WO_VisionCrack3,1784092265,band0.60,2.0,2.0288,1.335762016525475,0,15
4_opaque_WO_VisionCrack3,1784092265,band0.60,2.5,2.4778,1.335762016525475,0,15
4_opaque_WO_VisionCrack3,1784092265,win0.4,0.5,0.4171,1.335762016525475,0,15
4_opaque_WO_VisionCrack3,1784092265,win0.4,0.55,0.4649,1.335762016525475,0,15
4_opaque_WO_VisionCrack3,1784092265,win0.4,0.6,0.5389,1.335762016525475,0,15
4_opaque_WO_VisionCrack3,1784092265,win0.4,0.65,0.5858,1.335762016525475,0,15
4_opaque_WO_VisionCrack3,1784092265,win0.4,0.7,0.6473,1.335762016525475,0,15
4_opaque_WO_VisionCrack3,1784092265,win0.4,0.75,0.6913,1.335762016525475,0,15
4_opaque_WO_VisionCrack3,1784092265,win0.4,0.8,0.7882,1.335762016525475,0,15
4_opaque_WO_VisionCrack3,1784092265,win0.4,0.85,1.2722,1.335762016525475,0,15
4_opaque_WO_VisionCrack3,1784092265,win0.4,0.9,0.8681,1.335762016525475,0,15
4_opaque_WO_VisionCrack3,1784092265,win0.4,0.95,0.9149,1.335762016525475,0,15
4_opaque_WO_VisionCrack3,1784092265,win0.4,1.0,0.9833,1.335762016525475,0,15
4_opaque_WO_VisionCrack3,1784092265,win0.4,1.5,1.5883,1.335762016525475,0,15
4_opaque_WO_VisionCrack3,1784092265,win0.4,2.0,2.0505,1.335762016525475,0,15
4_opaque_WO_VisionCrack3,1784092265,win0.4,2.5,2.4789,1.335762016525475,0,15
4_opaque_WO_VisionCrack3,1784092265,win0.8,0.5,0.4011,1.335762016525475,0,15
4_opaque_WO_VisionCrack3,1784092265,win0.8,0.55,0.4358,1.335762016525475,0,15
4_opaque_WO_VisionCrack3,1784092265,win0.8,0.6,0.5296,1.335762016525475,0,15
4_opaque_WO_VisionCrack3,1784092265,win0.8,0.65,0.5769,1.335762016525475,0,15
4_opaque_WO_VisionCrack3,1784092265,win0.8,0.7,0.6568,1.335762016525475,0,15
4_opaque_WO_VisionCrack3,1784092265,win0.8,0.75,0.6864,1.335762016525475,0,15
4_opaque_WO_VisionCrack3,1784092265,win0.8,0.8,0.7973,1.335762016525475,0,15
4_opaque_WO_VisionCrack3,1784092265,win0.8,0.85,0.8892,1.335762016525475,0,15
4_opaque_WO_VisionCrack3,1784092265,win0.8,0.9,0.8872,1.335762016525475,0,15
4_opaque_WO_VisionCrack3,1784092265,win0.8,0.95,0.9453,1.335762016525475,0,15
4_opaque_WO_VisionCrack3,1784092265,win0.8,1.0,1.0091,1.335762016525475,0,15
4_opaque_WO_VisionCrack3,1784092265,win0.8,1.5,1.5692,1.335762016525475,0,15
4_opaque_WO_VisionCrack3,1784092265,win0.8,2.0,2.0354,1.335762016525475,0,15
4_opaque_WO_VisionCrack3,1784092265,win0.8,2.5,2.4745,1.335762016525475,0,15
4_opaque_WO_VisionCrack3,1784092273,full,0.5,0.3966,1.4025480714591185,0,15
4_opaque_WO_VisionCrack3,1784092273,full,0.55,0.4438,1.4025480714591185,0,15
4_opaque_WO_VisionCrack3,1784092273,full,0.6,0.5414,1.4025480714591185,0,15
4_opaque_WO_VisionCrack3,1784092273,full,0.65,0.5831,1.4025480714591185,0,15
4_opaque_WO_VisionCrack3,1784092273,full,0.7,0.6236,1.4025480714591185,0,15
4_opaque_WO_VisionCrack3,1784092273,full,0.75,0.6666,1.4025480714591185,0,15
4_opaque_WO_VisionCrack3,1784092273,full,0.8,0.7893,1.4025480714591185,0,15
4_opaque_WO_VisionCrack3,1784092273,full,0.85,1.2521,1.4025480714591185,0,15
4_opaque_WO_VisionCrack3,1784092273,full,0.9,0.8651,1.4025480714591185,0,15
4_opaque_WO_VisionCrack3,1784092273,full,0.95,0.9196,1.4025480714591185,0,15
4_opaque_WO_VisionCrack3,1784092273,full,1.0,1.0134,1.4025480714591185,0,15
4_opaque_WO_VisionCrack3,1784092273,full,1.5,1.5693,1.4025480714591185,0,15
4_opaque_WO_VisionCrack3,1784092273,full,2.0,2.0225,1.4025480714591185,0,15
4_opaque_WO_VisionCrack3,1784092273,full,2.5,2.4709,1.4025480714591185,0,15
4_opaque_WO_VisionCrack3,1784092273,no_masked_bg,0.5,0.4182,1.4025480714591185,0,15
4_opaque_WO_VisionCrack3,1784092273,no_masked_bg,0.55,0.4674,1.4025480714591185,0,15
4_opaque_WO_VisionCrack3,1784092273,no_masked_bg,0.6,0.5474,1.4025480714591185,0,15
4_opaque_WO_VisionCrack3,1784092273,no_masked_bg,0.65,0.5999,1.4025480714591185,0,15
4_opaque_WO_VisionCrack3,1784092273,no_masked_bg,0.7,0.6347,1.4025480714591185,0,15
4_opaque_WO_VisionCrack3,1784092273,no_masked_bg,0.75,0.6846,1.4025480714591185,0,15
4_opaque_WO_VisionCrack3,1784092273,no_masked_bg,0.8,1.0417,1.4025480714591185,0,15
4_opaque_WO_VisionCrack3,1784092273,no_masked_bg,0.85,1.4912,1.4025480714591185,0,15
4_opaque_WO_VisionCrack3,1784092273,no_masked_bg,0.9,0.9285,1.4025480714591185,0,15
4_opaque_WO_VisionCrack3,1784092273,no_masked_bg,0.95,0.9503,1.4025480714591185,0,15
4_opaque_WO_VisionCrack3,1784092273,no_masked_bg,1.0,1.0832,1.4025480714591185,0,15
4_opaque_WO_VisionCrack3,1784092273,no_masked_bg,1.5,1.6909,1.4025480714591185,0,15
4_opaque_WO_VisionCrack3,1784092273,no_masked_bg,2.0,2.2628,1.4025480714591185,0,15
4_opaque_WO_VisionCrack3,1784092273,no_masked_bg,2.5,2.6169,1.4025480714591185,0,15
4_opaque_WO_VisionCrack3,1784092273,lsf_sigma,0.5,0.3887,1.5176279117590554,0,15
4_opaque_WO_VisionCrack3,1784092273,lsf_sigma,0.55,0.4368,1.5176279117590554,0,15
4_opaque_WO_VisionCrack3,1784092273,lsf_sigma,0.6,0.5358,1.5176279117590554,0,15
4_opaque_WO_VisionCrack3,1784092273,lsf_sigma,0.65,0.578,1.5176279117590554,0,15
4_opaque_WO_VisionCrack3,1784092273,lsf_sigma,0.7,0.6189,1.5176279117590554,0,15
4_opaque_WO_VisionCrack3,1784092273,lsf_sigma,0.75,0.6623,1.5176279117590554,0,15
4_opaque_WO_VisionCrack3,1784092273,lsf_sigma,0.8,0.7857,1.5176279117590554,0,15
4_opaque_WO_VisionCrack3,1784092273,lsf_sigma,0.85,1.2504,1.5176279117590554,0,15
4_opaque_WO_VisionCrack3,1784092273,lsf_sigma,0.9,0.8619,1.5176279117590554,0,15
4_opaque_WO_VisionCrack3,1784092273,lsf_sigma,0.95,0.9167,1.5176279117590554,0,15
4_opaque_WO_VisionCrack3,1784092273,lsf_sigma,1.0,1.0109,1.5176279117590554,0,15
4_opaque_WO_VisionCrack3,1784092273,lsf_sigma,1.5,1.5683,1.5176279117590554,0,15
4_opaque_WO_VisionCrack3,1784092273,lsf_sigma,2.0,2.0222,1.5176279117590554,0,15
4_opaque_WO_VisionCrack3,1784092273,lsf_sigma,2.5,2.4713,1.5176279117590554,0,15
4_opaque_WO_VisionCrack3,1784092273,no_deconv,0.5,0.4148,1.4025480714591185,0,15
4_opaque_WO_VisionCrack3,1784092273,no_deconv,0.55,0.4581,1.4025480714591185,0,15
4_opaque_WO_VisionCrack3,1784092273,no_deconv,0.6,0.55,1.4025480714591185,0,15
4_opaque_WO_VisionCrack3,1784092273,no_deconv,0.65,0.5899,1.4025480714591185,0,15
4_opaque_WO_VisionCrack3,1784092273,no_deconv,0.7,0.629,1.4025480714591185,0,15
4_opaque_WO_VisionCrack3,1784092273,no_deconv,0.75,0.6706,1.4025480714591185,0,15
4_opaque_WO_VisionCrack3,1784092273,no_deconv,0.8,0.7905,1.4025480714591185,0,15
4_opaque_WO_VisionCrack3,1784092273,no_deconv,0.85,1.2502,1.4025480714591185,0,15
4_opaque_WO_VisionCrack3,1784092273,no_deconv,0.9,0.8652,1.4025480714591185,0,15
4_opaque_WO_VisionCrack3,1784092273,no_deconv,0.95,0.9191,1.4025480714591185,0,15
4_opaque_WO_VisionCrack3,1784092273,no_deconv,1.0,1.0121,1.4025480714591185,0,15
4_opaque_WO_VisionCrack3,1784092273,no_deconv,1.5,1.5681,1.4025480714591185,0,15
4_opaque_WO_VisionCrack3,1784092273,no_deconv,2.0,2.024,1.4025480714591185,0,15
4_opaque_WO_VisionCrack3,1784092273,no_deconv,2.5,2.476,1.4025480714591185,0,15
4_opaque_WO_VisionCrack3,1784092273,rev3_window,0.5,0.4112,1.4025480714591185,0,16
4_opaque_WO_VisionCrack3,1784092273,rev3_window,0.55,0.4636,1.4025480714591185,0,16
4_opaque_WO_VisionCrack3,1784092273,rev3_window,0.6,0.5218,1.4025480714591185,0,16
4_opaque_WO_VisionCrack3,1784092273,rev3_window,0.65,0.5823,1.4025480714591185,0,16
4_opaque_WO_VisionCrack3,1784092273,rev3_window,0.7,0.6249,1.4025480714591185,0,16
4_opaque_WO_VisionCrack3,1784092273,rev3_window,0.75,0.6842,1.4025480714591185,0,16
4_opaque_WO_VisionCrack3,1784092273,rev3_window,0.8,0.7817,1.4025480714591185,0,16
4_opaque_WO_VisionCrack3,1784092273,rev3_window,0.85,1.4602,1.4025480714591185,0,16
4_opaque_WO_VisionCrack3,1784092273,rev3_window,0.9,0.8627,1.4025480714591185,0,16
4_opaque_WO_VisionCrack3,1784092273,rev3_window,0.95,0.9466,1.4025480714591185,0,16
4_opaque_WO_VisionCrack3,1784092273,rev3_window,1.0,1.0028,1.4025480714591185,0,16
4_opaque_WO_VisionCrack3,1784092273,rev3_window,1.5,1.5668,1.4025480714591185,0,16
4_opaque_WO_VisionCrack3,1784092273,rev3_window,2.0,2.025,1.4025480714591185,0,16
4_opaque_WO_VisionCrack3,1784092273,rev3_window,2.5,2.4735,1.4025480714591185,0,16
4_opaque_WO_VisionCrack3,1784092273,margin1.0,0.5,0.3939,1.4025480714591185,0,15
4_opaque_WO_VisionCrack3,1784092273,margin1.0,0.55,0.4426,1.4025480714591185,0,15
4_opaque_WO_VisionCrack3,1784092273,margin1.0,0.6,0.5422,1.4025480714591185,0,15
4_opaque_WO_VisionCrack3,1784092273,margin1.0,0.65,0.5866,1.4025480714591185,0,15
4_opaque_WO_VisionCrack3,1784092273,margin1.0,0.7,0.6253,1.4025480714591185,0,15
4_opaque_WO_VisionCrack3,1784092273,margin1.0,0.75,0.6669,1.4025480714591185,0,15
4_opaque_WO_VisionCrack3,1784092273,margin1.0,0.8,0.7875,1.4025480714591185,0,15
4_opaque_WO_VisionCrack3,1784092273,margin1.0,0.85,1.2555,1.4025480714591185,0,15
4_opaque_WO_VisionCrack3,1784092273,margin1.0,0.9,0.8615,1.4025480714591185,0,15
4_opaque_WO_VisionCrack3,1784092273,margin1.0,0.95,0.9203,1.4025480714591185,0,15
4_opaque_WO_VisionCrack3,1784092273,margin1.0,1.0,1.0052,1.4025480714591185,0,15
4_opaque_WO_VisionCrack3,1784092273,margin1.0,1.5,1.567,1.4025480714591185,0,15
4_opaque_WO_VisionCrack3,1784092273,margin1.0,2.0,2.0154,1.4025480714591185,0,15
4_opaque_WO_VisionCrack3,1784092273,margin1.0,2.5,2.4691,1.4025480714591185,0,15
4_opaque_WO_VisionCrack3,1784092273,margin2.0,0.5,0.3923,1.4025480714591185,0,15
4_opaque_WO_VisionCrack3,1784092273,margin2.0,0.55,0.4435,1.4025480714591185,0,15
4_opaque_WO_VisionCrack3,1784092273,margin2.0,0.6,0.5388,1.4025480714591185,0,15
4_opaque_WO_VisionCrack3,1784092273,margin2.0,0.65,0.5835,1.4025480714591185,0,15
4_opaque_WO_VisionCrack3,1784092273,margin2.0,0.7,0.6243,1.4025480714591185,0,15
4_opaque_WO_VisionCrack3,1784092273,margin2.0,0.75,0.6662,1.4025480714591185,0,15
4_opaque_WO_VisionCrack3,1784092273,margin2.0,0.8,0.8156,1.4025480714591185,0,15
4_opaque_WO_VisionCrack3,1784092273,margin2.0,0.85,1.3066,1.4025480714591185,0,15
4_opaque_WO_VisionCrack3,1784092273,margin2.0,0.9,0.876,1.4025480714591185,0,15
4_opaque_WO_VisionCrack3,1784092273,margin2.0,0.95,0.9192,1.4025480714591185,0,15
4_opaque_WO_VisionCrack3,1784092273,margin2.0,1.0,1.0194,1.4025480714591185,0,15
4_opaque_WO_VisionCrack3,1784092273,margin2.0,1.5,1.5849,1.4025480714591185,0,15
4_opaque_WO_VisionCrack3,1784092273,margin2.0,2.0,2.0392,1.4025480714591185,0,15
4_opaque_WO_VisionCrack3,1784092273,margin2.0,2.5,2.4825,1.4025480714591185,0,15
4_opaque_WO_VisionCrack3,1784092273,smooth15,0.5,0.4059,1.4025480714591185,0,15
4_opaque_WO_VisionCrack3,1784092273,smooth15,0.55,0.4567,1.4025480714591185,0,15
4_opaque_WO_VisionCrack3,1784092273,smooth15,0.6,0.5467,1.4025480714591185,0,15
4_opaque_WO_VisionCrack3,1784092273,smooth15,0.65,0.5896,1.4025480714591185,0,15
4_opaque_WO_VisionCrack3,1784092273,smooth15,0.7,0.6241,1.4025480714591185,0,15
4_opaque_WO_VisionCrack3,1784092273,smooth15,0.75,0.6721,1.4025480714591185,0,15
4_opaque_WO_VisionCrack3,1784092273,smooth15,0.8,0.7825,1.4025480714591185,0,15
4_opaque_WO_VisionCrack3,1784092273,smooth15,0.85,1.1252,1.4025480714591185,0,15
4_opaque_WO_VisionCrack3,1784092273,smooth15,0.9,0.8582,1.4025480714591185,0,15
4_opaque_WO_VisionCrack3,1784092273,smooth15,0.95,0.9199,1.4025480714591185,0,15
4_opaque_WO_VisionCrack3,1784092273,smooth15,1.0,1.0065,1.4025480714591185,0,15
4_opaque_WO_VisionCrack3,1784092273,smooth15,1.5,1.5488,1.4025480714591185,0,15
4_opaque_WO_VisionCrack3,1784092273,smooth15,2.0,2.0012,1.4025480714591185,0,15
4_opaque_WO_VisionCrack3,1784092273,smooth15,2.5,2.4471,1.4025480714591185,0,15
4_opaque_WO_VisionCrack3,1784092273,smooth35,0.5,0.3898,1.4025480714591185,0,15
4_opaque_WO_VisionCrack3,1784092273,smooth35,0.55,0.4355,1.4025480714591185,0,15
4_opaque_WO_VisionCrack3,1784092273,smooth35,0.6,0.5353,1.4025480714591185,0,15
4_opaque_WO_VisionCrack3,1784092273,smooth35,0.65,0.5827,1.4025480714591185,0,15
4_opaque_WO_VisionCrack3,1784092273,smooth35,0.7,0.6231,1.4025480714591185,0,15
4_opaque_WO_VisionCrack3,1784092273,smooth35,0.75,0.6683,1.4025480714591185,0,15
4_opaque_WO_VisionCrack3,1784092273,smooth35,0.8,0.8255,1.4025480714591185,0,15
4_opaque_WO_VisionCrack3,1784092273,smooth35,0.85,1.2831,1.4025480714591185,0,15
4_opaque_WO_VisionCrack3,1784092273,smooth35,0.9,0.8725,1.4025480714591185,0,15
4_opaque_WO_VisionCrack3,1784092273,smooth35,0.95,0.9239,1.4025480714591185,0,15
4_opaque_WO_VisionCrack3,1784092273,smooth35,1.0,1.021,1.4025480714591185,0,15
4_opaque_WO_VisionCrack3,1784092273,smooth35,1.5,1.5828,1.4025480714591185,0,15
4_opaque_WO_VisionCrack3,1784092273,smooth35,2.0,2.0369,1.4025480714591185,0,15
4_opaque_WO_VisionCrack3,1784092273,smooth35,2.5,2.496,1.4025480714591185,0,15
4_opaque_WO_VisionCrack3,1784092273,band0.60,0.5,0.3966,1.4025480714591185,0,15
4_opaque_WO_VisionCrack3,1784092273,band0.60,0.55,0.4438,1.4025480714591185,0,15
4_opaque_WO_VisionCrack3,1784092273,band0.60,0.6,0.5414,1.4025480714591185,0,15
4_opaque_WO_VisionCrack3,1784092273,band0.60,0.65,0.5831,1.4025480714591185,0,15
4_opaque_WO_VisionCrack3,1784092273,band0.60,0.7,0.6236,1.4025480714591185,0,15
4_opaque_WO_VisionCrack3,1784092273,band0.60,0.75,0.6666,1.4025480714591185,0,15
4_opaque_WO_VisionCrack3,1784092273,band0.60,0.8,0.7893,1.4025480714591185,0,15
4_opaque_WO_VisionCrack3,1784092273,band0.60,0.85,1.2521,1.4025480714591185,0,15
4_opaque_WO_VisionCrack3,1784092273,band0.60,0.9,0.8651,1.4025480714591185,0,15
4_opaque_WO_VisionCrack3,1784092273,band0.60,0.95,0.9196,1.4025480714591185,0,15
4_opaque_WO_VisionCrack3,1784092273,band0.60,1.0,1.0134,1.4025480714591185,0,15
4_opaque_WO_VisionCrack3,1784092273,band0.60,1.5,1.5693,1.4025480714591185,0,15
4_opaque_WO_VisionCrack3,1784092273,band0.60,2.0,2.0225,1.4025480714591185,0,15
4_opaque_WO_VisionCrack3,1784092273,band0.60,2.5,2.4709,1.4025480714591185,0,15
4_opaque_WO_VisionCrack3,1784092273,win0.4,0.5,0.4034,1.4025480714591185,0,15
4_opaque_WO_VisionCrack3,1784092273,win0.4,0.55,0.4588,1.4025480714591185,0,15
4_opaque_WO_VisionCrack3,1784092273,win0.4,0.6,0.5414,1.4025480714591185,0,15
4_opaque_WO_VisionCrack3,1784092273,win0.4,0.65,0.5826,1.4025480714591185,0,15
4_opaque_WO_VisionCrack3,1784092273,win0.4,0.7,0.628,1.4025480714591185,0,15
4_opaque_WO_VisionCrack3,1784092273,win0.4,0.75,0.6716,1.4025480714591185,0,15
4_opaque_WO_VisionCrack3,1784092273,win0.4,0.8,0.7869,1.4025480714591185,0,15
4_opaque_WO_VisionCrack3,1784092273,win0.4,0.85,1.2672,1.4025480714591185,0,15
4_opaque_WO_VisionCrack3,1784092273,win0.4,0.9,0.8558,1.4025480714591185,0,15
4_opaque_WO_VisionCrack3,1784092273,win0.4,0.95,0.9177,1.4025480714591185,0,15
4_opaque_WO_VisionCrack3,1784092273,win0.4,1.0,0.9954,1.4025480714591185,0,15
4_opaque_WO_VisionCrack3,1784092273,win0.4,1.5,1.5737,1.4025480714591185,0,15
4_opaque_WO_VisionCrack3,1784092273,win0.4,2.0,2.0369,1.4025480714591185,0,15
4_opaque_WO_VisionCrack3,1784092273,win0.4,2.5,2.4861,1.4025480714591185,0,15
4_opaque_WO_VisionCrack3,1784092273,win0.8,0.5,0.4055,1.4025480714591185,0,15
4_opaque_WO_VisionCrack3,1784092273,win0.8,0.55,0.4329,1.4025480714591185,0,15
4_opaque_WO_VisionCrack3,1784092273,win0.8,0.6,0.5259,1.4025480714591185,0,15
4_opaque_WO_VisionCrack3,1784092273,win0.8,0.65,0.5794,1.4025480714591185,0,15
4_opaque_WO_VisionCrack3,1784092273,win0.8,0.7,0.6233,1.4025480714591185,0,15
4_opaque_WO_VisionCrack3,1784092273,win0.8,0.75,0.6667,1.4025480714591185,0,15
4_opaque_WO_VisionCrack3,1784092273,win0.8,0.8,0.8107,1.4025480714591185,0,15
4_opaque_WO_VisionCrack3,1784092273,win0.8,0.85,1.2113,1.4025480714591185,0,15
4_opaque_WO_VisionCrack3,1784092273,win0.8,0.9,0.8652,1.4025480714591185,0,15
4_opaque_WO_VisionCrack3,1784092273,win0.8,0.95,0.9451,1.4025480714591185,0,15
4_opaque_WO_VisionCrack3,1784092273,win0.8,1.0,1.0172,1.4025480714591185,0,15
4_opaque_WO_VisionCrack3,1784092273,win0.8,1.5,1.5546,1.4025480714591185,0,15
4_opaque_WO_VisionCrack3,1784092273,win0.8,2.0,2.0178,1.4025480714591185,0,15
4_opaque_WO_VisionCrack3,1784092273,win0.8,2.5,2.467,1.4025480714591185,0,15
4_opaque_WO_VisionCrack3,1784092283,full,0.5,0.3746,1.4373198760643744,0,16
4_opaque_WO_VisionCrack3,1784092283,full,0.55,0.4691,1.4373198760643744,0,16
4_opaque_WO_VisionCrack3,1784092283,full,0.6,0.5387,1.4373198760643744,0,16
4_opaque_WO_VisionCrack3,1784092283,full,0.65,0.584,1.4373198760643744,0,16
4_opaque_WO_VisionCrack3,1784092283,full,0.7,0.6427,1.4373198760643744,0,16
4_opaque_WO_VisionCrack3,1784092283,full,0.75,0.6559,1.4373198760643744,0,16
4_opaque_WO_VisionCrack3,1784092283,full,0.8,0.7898,1.4373198760643744,0,16
4_opaque_WO_VisionCrack3,1784092283,full,0.85,1.2179,1.4373198760643744,0,16
4_opaque_WO_VisionCrack3,1784092283,full,0.9,0.8724,1.4373198760643744,0,16
4_opaque_WO_VisionCrack3,1784092283,full,0.95,0.9476,1.4373198760643744,0,16
4_opaque_WO_VisionCrack3,1784092283,full,1.0,1.0065,1.4373198760643744,0,16
4_opaque_WO_VisionCrack3,1784092283,full,1.5,1.5934,1.4373198760643744,0,16
4_opaque_WO_VisionCrack3,1784092283,full,2.0,2.0202,1.4373198760643744,0,16
4_opaque_WO_VisionCrack3,1784092283,full,2.5,2.5051,1.4373198760643744,0,16
4_opaque_WO_VisionCrack3,1784092283,no_masked_bg,0.5,0.4198,1.4373198760643744,0,16
4_opaque_WO_VisionCrack3,1784092283,no_masked_bg,0.55,0.5274,1.4373198760643744,0,16
4_opaque_WO_VisionCrack3,1784092283,no_masked_bg,0.6,0.5736,1.4373198760643744,0,16
4_opaque_WO_VisionCrack3,1784092283,no_masked_bg,0.65,0.6023,1.4373198760643744,0,16
4_opaque_WO_VisionCrack3,1784092283,no_masked_bg,0.7,0.6774,1.4373198760643744,0,16
4_opaque_WO_VisionCrack3,1784092283,no_masked_bg,0.75,0.676,1.4373198760643744,0,16
4_opaque_WO_VisionCrack3,1784092283,no_masked_bg,0.8,0.8774,1.4373198760643744,0,16
4_opaque_WO_VisionCrack3,1784092283,no_masked_bg,0.85,1.4594,1.4373198760643744,0,16
4_opaque_WO_VisionCrack3,1784092283,no_masked_bg,0.9,0.9696,1.4373198760643744,0,16
4_opaque_WO_VisionCrack3,1784092283,no_masked_bg,0.95,1.0249,1.4373198760643744,0,16
4_opaque_WO_VisionCrack3,1784092283,no_masked_bg,1.0,1.0662,1.4373198760643744,0,16
4_opaque_WO_VisionCrack3,1784092283,no_masked_bg,1.5,1.7002,1.4373198760643744,0,16
4_opaque_WO_VisionCrack3,1784092283,no_masked_bg,2.0,2.3324,1.4373198760643744,0,16
4_opaque_WO_VisionCrack3,1784092283,no_masked_bg,2.5,2.5232,1.4373198760643744,0,16
4_opaque_WO_VisionCrack3,1784092283,lsf_sigma,0.5,0.366,1.6380531033730472,0,16
4_opaque_WO_VisionCrack3,1784092283,lsf_sigma,0.55,0.4601,1.6380531033730472,0,16
4_opaque_WO_VisionCrack3,1784092283,lsf_sigma,0.6,0.5306,1.6380531033730472,0,16
4_opaque_WO_VisionCrack3,1784092283,lsf_sigma,0.65,0.5757,1.6380531033730472,0,16
4_opaque_WO_VisionCrack3,1784092283,lsf_sigma,0.7,0.6392,1.6380531033730472,0,16
4_opaque_WO_VisionCrack3,1784092283,lsf_sigma,0.75,0.6487,1.6380531033730472,0,16
4_opaque_WO_VisionCrack3,1784092283,lsf_sigma,0.8,0.7857,1.6380531033730472,0,16
4_opaque_WO_VisionCrack3,1784092283,lsf_sigma,0.85,1.2185,1.6380531033730472,0,16
4_opaque_WO_VisionCrack3,1784092283,lsf_sigma,0.9,0.8699,1.6380531033730472,0,16
4_opaque_WO_VisionCrack3,1784092283,lsf_sigma,0.95,0.948,1.6380531033730472,0,16
4_opaque_WO_VisionCrack3,1784092283,lsf_sigma,1.0,1.0087,1.6380531033730472,0,16
4_opaque_WO_VisionCrack3,1784092283,lsf_sigma,1.5,1.5965,1.6380531033730472,0,16
4_opaque_WO_VisionCrack3,1784092283,lsf_sigma,2.0,2.0296,1.6380531033730472,0,16
4_opaque_WO_VisionCrack3,1784092283,lsf_sigma,2.5,2.5072,1.6380531033730472,0,16
4_opaque_WO_VisionCrack3,1784092283,no_deconv,0.5,0.3846,1.4373198760643744,0,16
4_opaque_WO_VisionCrack3,1784092283,no_deconv,0.55,0.4718,1.4373198760643744,0,16
4_opaque_WO_VisionCrack3,1784092283,no_deconv,0.6,0.5378,1.4373198760643744,0,16
4_opaque_WO_VisionCrack3,1784092283,no_deconv,0.65,0.5813,1.4373198760643744,0,16
4_opaque_WO_VisionCrack3,1784092283,no_deconv,0.7,0.6382,1.4373198760643744,0,16
4_opaque_WO_VisionCrack3,1784092283,no_deconv,0.75,0.6511,1.4373198760643744,0,16
4_opaque_WO_VisionCrack3,1784092283,no_deconv,0.8,0.7825,1.4373198760643744,0,16
4_opaque_WO_VisionCrack3,1784092283,no_deconv,0.85,1.2093,1.4373198760643744,0,16
4_opaque_WO_VisionCrack3,1784092283,no_deconv,0.9,0.8642,1.4373198760643744,0,16
4_opaque_WO_VisionCrack3,1784092283,no_deconv,0.95,0.939,1.4373198760643744,0,16
4_opaque_WO_VisionCrack3,1784092283,no_deconv,1.0,0.9977,1.4373198760643744,0,16
4_opaque_WO_VisionCrack3,1784092283,no_deconv,1.5,1.5874,1.4373198760643744,0,16
4_opaque_WO_VisionCrack3,1784092283,no_deconv,2.0,2.0187,1.4373198760643744,0,16
4_opaque_WO_VisionCrack3,1784092283,no_deconv,2.5,2.5098,1.4373198760643744,0,16
4_opaque_WO_VisionCrack3,1784092283,rev3_window,0.5,0.4201,1.4373198760643744,0,15
4_opaque_WO_VisionCrack3,1784092283,rev3_window,0.55,0.4872,1.4373198760643744,0,15
4_opaque_WO_VisionCrack3,1784092283,rev3_window,0.6,0.5395,1.4373198760643744,0,15
4_opaque_WO_VisionCrack3,1784092283,rev3_window,0.65,0.6053,1.4373198760643744,0,15
4_opaque_WO_VisionCrack3,1784092283,rev3_window,0.7,0.6523,1.4373198760643744,0,15
4_opaque_WO_VisionCrack3,1784092283,rev3_window,0.75,0.6707,1.4373198760643744,0,15
4_opaque_WO_VisionCrack3,1784092283,rev3_window,0.8,0.7947,1.4373198760643744,0,15
4_opaque_WO_VisionCrack3,1784092283,rev3_window,0.85,1.3752,1.4373198760643744,0,15
4_opaque_WO_VisionCrack3,1784092283,rev3_window,0.9,0.8593,1.4373198760643744,0,15
4_opaque_WO_VisionCrack3,1784092283,rev3_window,0.95,0.9186,1.4373198760643744,0,15
4_opaque_WO_VisionCrack3,1784092283,rev3_window,1.0,0.9872,1.4373198760643744,0,15
4_opaque_WO_VisionCrack3,1784092283,rev3_window,1.5,1.5692,1.4373198760643744,0,15
4_opaque_WO_VisionCrack3,1784092283,rev3_window,2.0,2.0218,1.4373198760643744,0,15
4_opaque_WO_VisionCrack3,1784092283,rev3_window,2.5,2.5088,1.4373198760643744,0,15
4_opaque_WO_VisionCrack3,1784092283,margin1.0,0.5,0.3744,1.4373198760643744,0,16
4_opaque_WO_VisionCrack3,1784092283,margin1.0,0.55,0.4527,1.4373198760643744,0,16
4_opaque_WO_VisionCrack3,1784092283,margin1.0,0.6,0.5365,1.4373198760643744,0,16
4_opaque_WO_VisionCrack3,1784092283,margin1.0,0.65,0.5853,1.4373198760643744,0,16
4_opaque_WO_VisionCrack3,1784092283,margin1.0,0.7,0.6394,1.4373198760643744,0,16
4_opaque_WO_VisionCrack3,1784092283,margin1.0,0.75,0.6563,1.4373198760643744,0,16
4_opaque_WO_VisionCrack3,1784092283,margin1.0,0.8,0.789,1.4373198760643744,0,16
4_opaque_WO_VisionCrack3,1784092283,margin1.0,0.85,0.8967,1.4373198760643744,0,16
4_opaque_WO_VisionCrack3,1784092283,margin1.0,0.9,0.8675,1.4373198760643744,0,16
4_opaque_WO_VisionCrack3,1784092283,margin1.0,0.95,0.9351,1.4373198760643744,0,16
4_opaque_WO_VisionCrack3,1784092283,margin1.0,1.0,1.0037,1.4373198760643744,0,16
4_opaque_WO_VisionCrack3,1784092283,margin1.0,1.5,1.5903,1.4373198760643744,0,16
4_opaque_WO_VisionCrack3,1784092283,margin1.0,2.0,2.0144,1.4373198760643744,0,16
4_opaque_WO_VisionCrack3,1784092283,margin1.0,2.5,2.491,1.4373198760643744,0,16
4_opaque_WO_VisionCrack3,1784092283,margin2.0,0.5,0.3816,1.4373198760643744,0,16
4_opaque_WO_VisionCrack3,1784092283,margin2.0,0.55,0.4876,1.4373198760643744,0,16
4_opaque_WO_VisionCrack3,1784092283,margin2.0,0.6,0.5404,1.4373198760643744,0,16
4_opaque_WO_VisionCrack3,1784092283,margin2.0,0.65,0.5845,1.4373198760643744,0,16
4_opaque_WO_VisionCrack3,1784092283,margin2.0,0.7,0.647,1.4373198760643744,0,16
4_opaque_WO_VisionCrack3,1784092283,margin2.0,0.75,0.6559,1.4373198760643744,0,16
4_opaque_WO_VisionCrack3,1784092283,margin2.0,0.8,0.7974,1.4373198760643744,0,16
4_opaque_WO_VisionCrack3,1784092283,margin2.0,0.85,1.249,1.4373198760643744,0,16
4_opaque_WO_VisionCrack3,1784092283,margin2.0,0.9,0.8809,1.4373198760643744,0,16
4_opaque_WO_VisionCrack3,1784092283,margin2.0,0.95,0.9548,1.4373198760643744,0,16
4_opaque_WO_VisionCrack3,1784092283,margin2.0,1.0,1.0126,1.4373198760643744,0,16
4_opaque_WO_VisionCrack3,1784092283,margin2.0,1.5,1.6082,1.4373198760643744,0,16
4_opaque_WO_VisionCrack3,1784092283,margin2.0,2.0,2.0353,1.4373198760643744,0,16
4_opaque_WO_VisionCrack3,1784092283,margin2.0,2.5,2.5114,1.4373198760643744,0,16
4_opaque_WO_VisionCrack3,1784092283,smooth15,0.5,0.3645,1.4373198760643744,0,16
4_opaque_WO_VisionCrack3,1784092283,smooth15,0.55,0.4792,1.4373198760643744,0,16
4_opaque_WO_VisionCrack3,1784092283,smooth15,0.6,0.5447,1.4373198760643744,0,16
4_opaque_WO_VisionCrack3,1784092283,smooth15,0.65,0.5881,1.4373198760643744,0,16
4_opaque_WO_VisionCrack3,1784092283,smooth15,0.7,0.6425,1.4373198760643744,0,16
4_opaque_WO_VisionCrack3,1784092283,smooth15,0.75,0.6623,1.4373198760643744,0,16
4_opaque_WO_VisionCrack3,1784092283,smooth15,0.8,0.783,1.4373198760643744,0,16
4_opaque_WO_VisionCrack3,1784092283,smooth15,0.85,0.9064,1.4373198760643744,0,16
4_opaque_WO_VisionCrack3,1784092283,smooth15,0.9,0.8692,1.4373198760643744,0,16
4_opaque_WO_VisionCrack3,1784092283,smooth15,0.95,0.9454,1.4373198760643744,0,16
4_opaque_WO_VisionCrack3,1784092283,smooth15,1.0,0.9936,1.4373198760643744,0,16
4_opaque_WO_VisionCrack3,1784092283,smooth15,1.5,1.5662,1.4373198760643744,0,16
4_opaque_WO_VisionCrack3,1784092283,smooth15,2.0,1.9955,1.4373198760643744,0,16
4_opaque_WO_VisionCrack3,1784092283,smooth15,2.5,2.4651,1.4373198760643744,0,16
4_opaque_WO_VisionCrack3,1784092283,smooth35,0.5,0.375,1.4373198760643744,0,16
4_opaque_WO_VisionCrack3,1784092283,smooth35,0.55,0.4716,1.4373198760643744,0,16
4_opaque_WO_VisionCrack3,1784092283,smooth35,0.6,0.5372,1.4373198760643744,0,16
4_opaque_WO_VisionCrack3,1784092283,smooth35,0.65,0.5809,1.4373198760643744,0,16
4_opaque_WO_VisionCrack3,1784092283,smooth35,0.7,0.6419,1.4373198760643744,0,16
4_opaque_WO_VisionCrack3,1784092283,smooth35,0.75,0.6576,1.4373198760643744,0,16
4_opaque_WO_VisionCrack3,1784092283,smooth35,0.8,0.8034,1.4373198760643744,0,16
4_opaque_WO_VisionCrack3,1784092283,smooth35,0.85,1.295,1.4373198760643744,0,16
4_opaque_WO_VisionCrack3,1784092283,smooth35,0.9,0.8805,1.4373198760643744,0,16
4_opaque_WO_VisionCrack3,1784092283,smooth35,0.95,0.9523,1.4373198760643744,0,16
4_opaque_WO_VisionCrack3,1784092283,smooth35,1.0,1.0255,1.4373198760643744,0,16
4_opaque_WO_VisionCrack3,1784092283,smooth35,1.5,1.6135,1.4373198760643744,0,16
4_opaque_WO_VisionCrack3,1784092283,smooth35,2.0,2.0483,1.4373198760643744,0,16
4_opaque_WO_VisionCrack3,1784092283,smooth35,2.5,2.5402,1.4373198760643744,0,16
4_opaque_WO_VisionCrack3,1784092283,band0.60,0.5,0.3746,1.4373198760643744,0,16
4_opaque_WO_VisionCrack3,1784092283,band0.60,0.55,0.4691,1.4373198760643744,0,16
4_opaque_WO_VisionCrack3,1784092283,band0.60,0.6,0.5387,1.4373198760643744,0,16
4_opaque_WO_VisionCrack3,1784092283,band0.60,0.65,0.584,1.4373198760643744,0,16
4_opaque_WO_VisionCrack3,1784092283,band0.60,0.7,0.6427,1.4373198760643744,0,16
4_opaque_WO_VisionCrack3,1784092283,band0.60,0.75,0.6559,1.4373198760643744,0,16
4_opaque_WO_VisionCrack3,1784092283,band0.60,0.8,0.7898,1.4373198760643744,0,16
4_opaque_WO_VisionCrack3,1784092283,band0.60,0.85,1.2179,1.4373198760643744,0,16
4_opaque_WO_VisionCrack3,1784092283,band0.60,0.9,0.8724,1.4373198760643744,0,16
4_opaque_WO_VisionCrack3,1784092283,band0.60,0.95,0.9476,1.4373198760643744,0,16
4_opaque_WO_VisionCrack3,1784092283,band0.60,1.0,1.0065,1.4373198760643744,0,16
4_opaque_WO_VisionCrack3,1784092283,band0.60,1.5,1.5934,1.4373198760643744,0,16
4_opaque_WO_VisionCrack3,1784092283,band0.60,2.0,2.0202,1.4373198760643744,0,16
4_opaque_WO_VisionCrack3,1784092283,band0.60,2.5,2.5051,1.4373198760643744,0,16
4_opaque_WO_VisionCrack3,1784092283,win0.4,0.5,0.3746,1.4373198760643744,0,16
4_opaque_WO_VisionCrack3,1784092283,win0.4,0.55,0.4691,1.4373198760643744,0,16
4_opaque_WO_VisionCrack3,1784092283,win0.4,0.6,0.542,1.4373198760643744,0,16
4_opaque_WO_VisionCrack3,1784092283,win0.4,0.65,0.5897,1.4373198760643744,0,16
4_opaque_WO_VisionCrack3,1784092283,win0.4,0.7,0.6506,1.4373198760643744,0,16
4_opaque_WO_VisionCrack3,1784092283,win0.4,0.75,0.6644,1.4373198760643744,0,16
4_opaque_WO_VisionCrack3,1784092283,win0.4,0.8,0.7816,1.4373198760643744,0,16
4_opaque_WO_VisionCrack3,1784092283,win0.4,0.85,1.2837,1.4373198760643744,0,16
4_opaque_WO_VisionCrack3,1784092283,win0.4,0.9,0.8554,1.4373198760643744,0,16
4_opaque_WO_VisionCrack3,1784092283,win0.4,0.95,0.9134,1.4373198760643744,0,16
4_opaque_WO_VisionCrack3,1784092283,win0.4,1.0,0.9805,1.4373198760643744,0,16
4_opaque_WO_VisionCrack3,1784092283,win0.4,1.5,1.6025,1.4373198760643744,0,16
4_opaque_WO_VisionCrack3,1784092283,win0.4,2.0,2.039,1.4373198760643744,0,16
4_opaque_WO_VisionCrack3,1784092283,win0.4,2.5,2.5141,1.4373198760643744,0,16
4_opaque_WO_VisionCrack3,1784092283,win0.8,0.5,0.3746,1.4373198760643744,0,16
4_opaque_WO_VisionCrack3,1784092283,win0.8,0.55,0.4691,1.4373198760643744,0,16
4_opaque_WO_VisionCrack3,1784092283,win0.8,0.6,0.538,1.4373198760643744,0,16
4_opaque_WO_VisionCrack3,1784092283,win0.8,0.65,0.5779,1.4373198760643744,0,16
4_opaque_WO_VisionCrack3,1784092283,win0.8,0.7,0.6528,1.4373198760643744,0,16
4_opaque_WO_VisionCrack3,1784092283,win0.8,0.75,0.6606,1.4373198760643744,0,16
4_opaque_WO_VisionCrack3,1784092283,win0.8,0.8,0.8138,1.4373198760643744,0,16
4_opaque_WO_VisionCrack3,1784092283,win0.8,0.85,0.8851,1.4373198760643744,0,16
4_opaque_WO_VisionCrack3,1784092283,win0.8,0.9,0.8763,1.4373198760643744,0,16
4_opaque_WO_VisionCrack3,1784092283,win0.8,0.95,0.935,1.4373198760643744,0,16
4_opaque_WO_VisionCrack3,1784092283,win0.8,1.0,1.0055,1.4373198760643744,0,16
4_opaque_WO_VisionCrack3,1784092283,win0.8,1.5,1.5706,1.4373198760643744,0,16
4_opaque_WO_VisionCrack3,1784092283,win0.8,2.0,2.0229,1.4373198760643744,0,16
4_opaque_WO_VisionCrack3,1784092283,win0.8,2.5,2.4993,1.4373198760643744,0,16
4_opaque_WO_VisionCrack3,1784092293,full,0.5,0.4187,1.3124862476845254,0,14
4_opaque_WO_VisionCrack3,1784092293,full,0.55,0.4558,1.3124862476845254,0,14
4_opaque_WO_VisionCrack3,1784092293,full,0.6,0.5246,1.3124862476845254,0,14
4_opaque_WO_VisionCrack3,1784092293,full,0.65,0.6211,1.3124862476845254,0,14
4_opaque_WO_VisionCrack3,1784092293,full,0.7,0.6603,1.3124862476845254,0,14
4_opaque_WO_VisionCrack3,1784092293,full,0.75,0.6741,1.3124862476845254,0,14
4_opaque_WO_VisionCrack3,1784092293,full,0.8,0.8037,1.3124862476845254,0,14
4_opaque_WO_VisionCrack3,1784092293,full,0.85,1.299,1.3124862476845254,0,14
4_opaque_WO_VisionCrack3,1784092293,full,0.9,0.8863,1.3124862476845254,0,14
4_opaque_WO_VisionCrack3,1784092293,full,0.95,0.9348,1.3124862476845254,0,14
4_opaque_WO_VisionCrack3,1784092293,full,1.0,0.995,1.3124862476845254,0,14
4_opaque_WO_VisionCrack3,1784092293,full,1.5,1.5782,1.3124862476845254,0,14
4_opaque_WO_VisionCrack3,1784092293,full,2.0,2.0262,1.3124862476845254,0,14
4_opaque_WO_VisionCrack3,1784092293,full,2.5,2.5072,1.3124862476845254,0,14
4_opaque_WO_VisionCrack3,1784092293,no_masked_bg,0.5,0.4206,1.3124862476845254,0,14
4_opaque_WO_VisionCrack3,1784092293,no_masked_bg,0.55,0.4746,1.3124862476845254,0,14
4_opaque_WO_VisionCrack3,1784092293,no_masked_bg,0.6,0.5325,1.3124862476845254,0,14
4_opaque_WO_VisionCrack3,1784092293,no_masked_bg,0.65,0.6508,1.3124862476845254,0,14
4_opaque_WO_VisionCrack3,1784092293,no_masked_bg,0.7,0.6876,1.3124862476845254,0,14
4_opaque_WO_VisionCrack3,1784092293,no_masked_bg,0.75,0.6913,1.3124862476845254,0,14
4_opaque_WO_VisionCrack3,1784092293,no_masked_bg,0.8,1.0783,1.3124862476845254,0,14
4_opaque_WO_VisionCrack3,1784092293,no_masked_bg,0.85,1.4746,1.3124862476845254,0,14
4_opaque_WO_VisionCrack3,1784092293,no_masked_bg,0.9,0.9382,1.3124862476845254,0,14
4_opaque_WO_VisionCrack3,1784092293,no_masked_bg,0.95,0.9723,1.3124862476845254,0,14
4_opaque_WO_VisionCrack3,1784092293,no_masked_bg,1.0,1.0298,1.3124862476845254,0,14
4_opaque_WO_VisionCrack3,1784092293,no_masked_bg,1.5,1.6875,1.3124862476845254,0,14
4_opaque_WO_VisionCrack3,1784092293,no_masked_bg,2.0,2.3273,1.3124862476845254,0,14
4_opaque_WO_VisionCrack3,1784092293,no_masked_bg,2.5,2.6482,1.3124862476845254,0,14
4_opaque_WO_VisionCrack3,1784092293,lsf_sigma,0.5,0.397,1.6588990283914313,0,14
4_opaque_WO_VisionCrack3,1784092293,lsf_sigma,0.55,0.4364,1.6588990283914313,0,14
4_opaque_WO_VisionCrack3,1784092293,lsf_sigma,0.6,0.5074,1.6588990283914313,0,14
4_opaque_WO_VisionCrack3,1784092293,lsf_sigma,0.65,0.6072,1.6588990283914313,0,14
4_opaque_WO_VisionCrack3,1784092293,lsf_sigma,0.7,0.6513,1.6588990283914313,0,14
4_opaque_WO_VisionCrack3,1784092293,lsf_sigma,0.75,0.6621,1.6588990283914313,0,14
4_opaque_WO_VisionCrack3,1784092293,lsf_sigma,0.8,0.8101,1.6588990283914313,0,14
4_opaque_WO_VisionCrack3,1784092293,lsf_sigma,0.85,1.3047,1.6588990283914313,0,14
4_opaque_WO_VisionCrack3,1784092293,lsf_sigma,0.9,0.8826,1.6588990283914313,0,14
4_opaque_WO_VisionCrack3,1784092293,lsf_sigma,0.95,0.928,1.6588990283914313,0,14
4_opaque_WO_VisionCrack3,1784092293,lsf_sigma,1.0,0.9893,1.6588990283914313,0,14
4_opaque_WO_VisionCrack3,1784092293,lsf_sigma,1.5,1.5814,1.6588990283914313,0,14
4_opaque_WO_VisionCrack3,1784092293,lsf_sigma,2.0,2.0316,1.6588990283914313,0,14
4_opaque_WO_VisionCrack3,1784092293,lsf_sigma,2.5,2.5169,1.6588990283914313,0,14
4_opaque_WO_VisionCrack3,1784092293,no_deconv,0.5,0.4298,1.3124862476845254,0,14
4_opaque_WO_VisionCrack3,1784092293,no_deconv,0.55,0.4648,1.3124862476845254,0,14
4_opaque_WO_VisionCrack3,1784092293,no_deconv,0.6,0.5298,1.3124862476845254,0,14
4_opaque_WO_VisionCrack3,1784092293,no_deconv,0.65,0.6227,1.3124862476845254,0,14
4_opaque_WO_VisionCrack3,1784092293,no_deconv,0.7,0.6609,1.3124862476845254,0,14
4_opaque_WO_VisionCrack3,1784092293,no_deconv,0.75,0.6744,1.3124862476845254,0,14
4_opaque_WO_VisionCrack3,1784092293,no_deconv,0.8,0.8013,1.3124862476845254,0,14
4_opaque_WO_VisionCrack3,1784092293,no_deconv,0.85,1.2932,1.3124862476845254,0,14
4_opaque_WO_VisionCrack3,1784092293,no_deconv,0.9,0.8827,1.3124862476845254,0,14
4_opaque_WO_VisionCrack3,1784092293,no_deconv,0.95,0.9307,1.3124862476845254,0,14
4_opaque_WO_VisionCrack3,1784092293,no_deconv,1.0,0.9904,1.3124862476845254,0,14
4_opaque_WO_VisionCrack3,1784092293,no_deconv,1.5,1.5727,1.3124862476845254,0,14
4_opaque_WO_VisionCrack3,1784092293,no_deconv,2.0,2.0225,1.3124862476845254,0,14
4_opaque_WO_VisionCrack3,1784092293,no_deconv,2.5,2.5062,1.3124862476845254,0,14
4_opaque_WO_VisionCrack3,1784092293,rev3_window,0.5,0.4265,1.3124862476845254,0,15
4_opaque_WO_VisionCrack3,1784092293,rev3_window,0.55,0.4554,1.3124862476845254,0,15
4_opaque_WO_VisionCrack3,1784092293,rev3_window,0.6,0.5108,1.3124862476845254,0,15
4_opaque_WO_VisionCrack3,1784092293,rev3_window,0.65,0.6046,1.3124862476845254,0,15
4_opaque_WO_VisionCrack3,1784092293,rev3_window,0.7,0.6351,1.3124862476845254,0,15
4_opaque_WO_VisionCrack3,1784092293,rev3_window,0.75,0.6785,1.3124862476845254,0,15
4_opaque_WO_VisionCrack3,1784092293,rev3_window,0.8,0.7935,1.3124862476845254,0,15
4_opaque_WO_VisionCrack3,1784092293,rev3_window,0.85,1.4652,1.3124862476845254,0,15
4_opaque_WO_VisionCrack3,1784092293,rev3_window,0.9,0.8701,1.3124862476845254,0,15
4_opaque_WO_VisionCrack3,1784092293,rev3_window,0.95,0.9336,1.3124862476845254,0,15
4_opaque_WO_VisionCrack3,1784092293,rev3_window,1.0,1.01,1.3124862476845254,0,15
4_opaque_WO_VisionCrack3,1784092293,rev3_window,1.5,1.5781,1.3124862476845254,0,15
4_opaque_WO_VisionCrack3,1784092293,rev3_window,2.0,2.0298,1.3124862476845254,0,15
4_opaque_WO_VisionCrack3,1784092293,rev3_window,2.5,2.5062,1.3124862476845254,0,15
4_opaque_WO_VisionCrack3,1784092293,margin1.0,0.5,0.4185,1.3124862476845254,0,14
4_opaque_WO_VisionCrack3,1784092293,margin1.0,0.55,0.4507,1.3124862476845254,0,14
4_opaque_WO_VisionCrack3,1784092293,margin1.0,0.6,0.5251,1.3124862476845254,0,14
4_opaque_WO_VisionCrack3,1784092293,margin1.0,0.65,0.6219,1.3124862476845254,0,14
4_opaque_WO_VisionCrack3,1784092293,margin1.0,0.7,0.6593,1.3124862476845254,0,14
4_opaque_WO_VisionCrack3,1784092293,margin1.0,0.75,0.6747,1.3124862476845254,0,14
4_opaque_WO_VisionCrack3,1784092293,margin1.0,0.8,0.7983,1.3124862476845254,0,14
4_opaque_WO_VisionCrack3,1784092293,margin1.0,0.85,1.267,1.3124862476845254,0,14
4_opaque_WO_VisionCrack3,1784092293,margin1.0,0.9,0.8854,1.3124862476845254,0,14
4_opaque_WO_VisionCrack3,1784092293,margin1.0,0.95,0.9328,1.3124862476845254,0,14
4_opaque_WO_VisionCrack3,1784092293,margin1.0,1.0,0.9941,1.3124862476845254,0,14
4_opaque_WO_VisionCrack3,1784092293,margin1.0,1.5,1.5782,1.3124862476845254,0,14
4_opaque_WO_VisionCrack3,1784092293,margin1.0,2.0,2.0224,1.3124862476845254,0,14
4_opaque_WO_VisionCrack3,1784092293,margin1.0,2.5,2.5038,1.3124862476845254,0,14
4_opaque_WO_VisionCrack3,1784092293,margin2.0,0.5,0.4188,1.3124862476845254,0,14
4_opaque_WO_VisionCrack3,1784092293,margin2.0,0.55,0.4565,1.3124862476845254,0,14
4_opaque_WO_VisionCrack3,1784092293,margin2.0,0.6,0.5241,1.3124862476845254,0,14
4_opaque_WO_VisionCrack3,1784092293,margin2.0,0.65,0.6205,1.3124862476845254,0,14
4_opaque_WO_VisionCrack3,1784092293,margin2.0,0.7,0.6635,1.3124862476845254,0,14
4_opaque_WO_VisionCrack3,1784092293,margin2.0,0.75,0.6741,1.3124862476845254,0,14
4_opaque_WO_VisionCrack3,1784092293,margin2.0,0.8,0.8187,1.3124862476845254,0,14
4_opaque_WO_VisionCrack3,1784092293,margin2.0,0.85,1.3065,1.3124862476845254,0,14
4_opaque_WO_VisionCrack3,1784092293,margin2.0,0.9,0.8899,1.3124862476845254,0,14
4_opaque_WO_VisionCrack3,1784092293,margin2.0,0.95,0.9345,1.3124862476845254,0,14
4_opaque_WO_VisionCrack3,1784092293,margin2.0,1.0,0.9948,1.3124862476845254,0,14
4_opaque_WO_VisionCrack3,1784092293,margin2.0,1.5,1.5806,1.3124862476845254,0,14
4_opaque_WO_VisionCrack3,1784092293,margin2.0,2.0,2.0274,1.3124862476845254,0,14
4_opaque_WO_VisionCrack3,1784092293,margin2.0,2.5,2.5097,1.3124862476845254,0,14
4_opaque_WO_VisionCrack3,1784092293,smooth15,0.5,0.4248,1.3124862476845254,0,14
4_opaque_WO_VisionCrack3,1784092293,smooth15,0.55,0.462,1.3124862476845254,0,14
4_opaque_WO_VisionCrack3,1784092293,smooth15,0.6,0.5305,1.3124862476845254,0,14
4_opaque_WO_VisionCrack3,1784092293,smooth15,0.65,0.6203,1.3124862476845254,0,14
4_opaque_WO_VisionCrack3,1784092293,smooth15,0.7,0.6595,1.3124862476845254,0,14
4_opaque_WO_VisionCrack3,1784092293,smooth15,0.75,0.6779,1.3124862476845254,0,14
4_opaque_WO_VisionCrack3,1784092293,smooth15,0.8,0.7955,1.3124862476845254,0,14
4_opaque_WO_VisionCrack3,1784092293,smooth15,0.85,1.2643,1.3124862476845254,0,14
4_opaque_WO_VisionCrack3,1784092293,smooth15,0.9,0.8833,1.3124862476845254,0,14
4_opaque_WO_VisionCrack3,1784092293,smooth15,0.95,0.9348,1.3124862476845254,0,14
4_opaque_WO_VisionCrack3,1784092293,smooth15,1.0,0.9886,1.3124862476845254,0,14
4_opaque_WO_VisionCrack3,1784092293,smooth15,1.5,1.5618,1.3124862476845254,0,14
4_opaque_WO_VisionCrack3,1784092293,smooth15,2.0,2.0012,1.3124862476845254,0,14
4_opaque_WO_VisionCrack3,1784092293,smooth15,2.5,2.4812,1.3124862476845254,0,14
4_opaque_WO_VisionCrack3,1784092293,smooth35,0.5,0.4164,1.3124862476845254,0,14
4_opaque_WO_VisionCrack3,1784092293,smooth35,0.55,0.4486,1.3124862476845254,0,14
4_opaque_WO_VisionCrack3,1784092293,smooth35,0.6,0.5196,1.3124862476845254,0,14
4_opaque_WO_VisionCrack3,1784092293,smooth35,0.65,0.625,1.3124862476845254,0,14
4_opaque_WO_VisionCrack3,1784092293,smooth35,0.7,0.6603,1.3124862476845254,0,14
4_opaque_WO_VisionCrack3,1784092293,smooth35,0.75,0.6755,1.3124862476845254,0,14
4_opaque_WO_VisionCrack3,1784092293,smooth35,0.8,0.826,1.3124862476845254,0,14
4_opaque_WO_VisionCrack3,1784092293,smooth35,0.85,1.3081,1.3124862476845254,0,14
4_opaque_WO_VisionCrack3,1784092293,smooth35,0.9,0.8951,1.3124862476845254,0,14
4_opaque_WO_VisionCrack3,1784092293,smooth35,0.95,0.9389,1.3124862476845254,0,14
4_opaque_WO_VisionCrack3,1784092293,smooth35,1.0,1.0026,1.3124862476845254,0,14
4_opaque_WO_VisionCrack3,1784092293,smooth35,1.5,1.5927,1.3124862476845254,0,14
4_opaque_WO_VisionCrack3,1784092293,smooth35,2.0,2.0369,1.3124862476845254,0,14
4_opaque_WO_VisionCrack3,1784092293,smooth35,2.5,2.5287,1.3124862476845254,0,14
4_opaque_WO_VisionCrack3,1784092293,band0.60,0.5,0.4187,1.3124862476845254,0,14
4_opaque_WO_VisionCrack3,1784092293,band0.60,0.55,0.4558,1.3124862476845254,0,14
4_opaque_WO_VisionCrack3,1784092293,band0.60,0.6,0.5246,1.3124862476845254,0,14
4_opaque_WO_VisionCrack3,1784092293,band0.60,0.65,0.6211,1.3124862476845254,0,14
4_opaque_WO_VisionCrack3,1784092293,band0.60,0.7,0.6603,1.3124862476845254,0,14
4_opaque_WO_VisionCrack3,1784092293,band0.60,0.75,0.6741,1.3124862476845254,0,14
4_opaque_WO_VisionCrack3,1784092293,band0.60,0.8,0.8037,1.3124862476845254,0,14
4_opaque_WO_VisionCrack3,1784092293,band0.60,0.85,1.299,1.3124862476845254,0,14
4_opaque_WO_VisionCrack3,1784092293,band0.60,0.9,0.8863,1.3124862476845254,0,14
4_opaque_WO_VisionCrack3,1784092293,band0.60,0.95,0.9348,1.3124862476845254,0,14
4_opaque_WO_VisionCrack3,1784092293,band0.60,1.0,0.995,1.3124862476845254,0,14
4_opaque_WO_VisionCrack3,1784092293,band0.60,1.5,1.5782,1.3124862476845254,0,14
4_opaque_WO_VisionCrack3,1784092293,band0.60,2.0,2.0262,1.3124862476845254,0,14
4_opaque_WO_VisionCrack3,1784092293,band0.60,2.5,2.5072,1.3124862476845254,0,14
4_opaque_WO_VisionCrack3,1784092293,win0.4,0.5,0.4305,1.3124862476845254,0,14
4_opaque_WO_VisionCrack3,1784092293,win0.4,0.55,0.4625,1.3124862476845254,0,14
4_opaque_WO_VisionCrack3,1784092293,win0.4,0.6,0.5246,1.3124862476845254,0,14
4_opaque_WO_VisionCrack3,1784092293,win0.4,0.65,0.605,1.3124862476845254,0,14
4_opaque_WO_VisionCrack3,1784092293,win0.4,0.7,0.6537,1.3124862476845254,0,14
4_opaque_WO_VisionCrack3,1784092293,win0.4,0.75,0.679,1.3124862476845254,0,14
4_opaque_WO_VisionCrack3,1784092293,win0.4,0.8,0.8059,1.3124862476845254,0,14
4_opaque_WO_VisionCrack3,1784092293,win0.4,0.85,1.39,1.3124862476845254,0,14
4_opaque_WO_VisionCrack3,1784092293,win0.4,0.9,0.8711,1.3124862476845254,0,14
4_opaque_WO_VisionCrack3,1784092293,win0.4,0.95,0.9251,1.3124862476845254,0,14
4_opaque_WO_VisionCrack3,1784092293,win0.4,1.0,0.9768,1.3124862476845254,0,14
4_opaque_WO_VisionCrack3,1784092293,win0.4,1.5,1.585,1.3124862476845254,0,14
4_opaque_WO_VisionCrack3,1784092293,win0.4,2.0,2.0474,1.3124862476845254,0,14
4_opaque_WO_VisionCrack3,1784092293,win0.4,2.5,2.5172,1.3124862476845254,0,14
4_opaque_WO_VisionCrack3,1784092293,win0.8,0.5,0.4163,1.3124862476845254,0,14
4_opaque_WO_VisionCrack3,1784092293,win0.8,0.55,0.4449,1.3124862476845254,0,14
4_opaque_WO_VisionCrack3,1784092293,win0.8,0.6,0.5121,1.3124862476845254,0,14
4_opaque_WO_VisionCrack3,1784092293,win0.8,0.65,0.6208,1.3124862476845254,0,14
4_opaque_WO_VisionCrack3,1784092293,win0.8,0.7,0.6591,1.3124862476845254,0,14
4_opaque_WO_VisionCrack3,1784092293,win0.8,0.75,0.6772,1.3124862476845254,0,14
4_opaque_WO_VisionCrack3,1784092293,win0.8,0.8,0.8185,1.3124862476845254,0,14
4_opaque_WO_VisionCrack3,1784092293,win0.8,0.85,1.2847,1.3124862476845254,0,14
4_opaque_WO_VisionCrack3,1784092293,win0.8,0.9,0.8848,1.3124862476845254,0,14
4_opaque_WO_VisionCrack3,1784092293,win0.8,0.95,0.9498,1.3124862476845254,0,14
4_opaque_WO_VisionCrack3,1784092293,win0.8,1.0,1.0001,1.3124862476845254,0,14
4_opaque_WO_VisionCrack3,1784092293,win0.8,1.5,1.5704,1.3124862476845254,0,14
4_opaque_WO_VisionCrack3,1784092293,win0.8,2.0,2.0284,1.3124862476845254,0,14
4_opaque_WO_VisionCrack3,1784092293,win0.8,2.5,2.4999,1.3124862476845254,0,14
4_opaque_WO_VisionCrack3,1784092301,full,0.5,0.4019,1.3236094861483139,0,16
4_opaque_WO_VisionCrack3,1784092301,full,0.55,0.4292,1.3236094861483139,0,16
4_opaque_WO_VisionCrack3,1784092301,full,0.6,0.5278,1.3236094861483139,0,16
4_opaque_WO_VisionCrack3,1784092301,full,0.65,0.5681,1.3236094861483139,0,16
4_opaque_WO_VisionCrack3,1784092301,full,0.7,0.6535,1.3236094861483139,0,16
4_opaque_WO_VisionCrack3,1784092301,full,0.75,0.6658,1.3236094861483139,0,16
4_opaque_WO_VisionCrack3,1784092301,full,0.8,0.7957,1.3236094861483139,0,16
4_opaque_WO_VisionCrack3,1784092301,full,0.85,1.2869,1.3236094861483139,0,16
4_opaque_WO_VisionCrack3,1784092301,full,0.9,0.8739,1.3236094861483139,0,16
4_opaque_WO_VisionCrack3,1784092301,full,0.95,0.938,1.3236094861483139,0,16
4_opaque_WO_VisionCrack3,1784092301,full,1.0,1.0151,1.3236094861483139,0,16
4_opaque_WO_VisionCrack3,1784092301,full,1.5,1.5934,1.3236094861483139,0,16
4_opaque_WO_VisionCrack3,1784092301,full,2.0,2.0348,1.3236094861483139,0,16
4_opaque_WO_VisionCrack3,1784092301,full,2.5,2.4979,1.3236094861483139,0,16
4_opaque_WO_VisionCrack3,1784092301,no_masked_bg,0.5,0.4159,1.3236094861483139,0,16
4_opaque_WO_VisionCrack3,1784092301,no_masked_bg,0.55,0.4269,1.3236094861483139,0,16
4_opaque_WO_VisionCrack3,1784092301,no_masked_bg,0.6,0.5351,1.3236094861483139,0,16
4_opaque_WO_VisionCrack3,1784092301,no_masked_bg,0.65,0.5794,1.3236094861483139,0,16
4_opaque_WO_VisionCrack3,1784092301,no_masked_bg,0.7,0.6881,1.3236094861483139,0,16
4_opaque_WO_VisionCrack3,1784092301,no_masked_bg,0.75,0.6748,1.3236094861483139,0,16
4_opaque_WO_VisionCrack3,1784092301,no_masked_bg,0.8,0.9923,1.3236094861483139,0,16
4_opaque_WO_VisionCrack3,1784092301,no_masked_bg,0.85,1.4095,1.3236094861483139,0,16
4_opaque_WO_VisionCrack3,1784092301,no_masked_bg,0.9,0.9398,1.3236094861483139,0,16
4_opaque_WO_VisionCrack3,1784092301,no_masked_bg,0.95,0.9769,1.3236094861483139,0,16
4_opaque_WO_VisionCrack3,1784092301,no_masked_bg,1.0,1.0636,1.3236094861483139,0,16
4_opaque_WO_VisionCrack3,1784092301,no_masked_bg,1.5,1.6917,1.3236094861483139,0,16
4_opaque_WO_VisionCrack3,1784092301,no_masked_bg,2.0,2.2926,1.3236094861483139,0,16
4_opaque_WO_VisionCrack3,1784092301,no_masked_bg,2.5,2.6849,1.3236094861483139,0,16
4_opaque_WO_VisionCrack3,1784092301,lsf_sigma,0.5,0.3863,1.569052076124677,0,16
4_opaque_WO_VisionCrack3,1784092301,lsf_sigma,0.55,0.4126,1.569052076124677,0,16
4_opaque_WO_VisionCrack3,1784092301,lsf_sigma,0.6,0.5159,1.569052076124677,0,16
4_opaque_WO_VisionCrack3,1784092301,lsf_sigma,0.65,0.5559,1.569052076124677,0,16
4_opaque_WO_VisionCrack3,1784092301,lsf_sigma,0.7,0.6449,1.569052076124677,0,16
4_opaque_WO_VisionCrack3,1784092301,lsf_sigma,0.75,0.6576,1.569052076124677,0,16
4_opaque_WO_VisionCrack3,1784092301,lsf_sigma,0.8,0.8136,1.569052076124677,0,16
4_opaque_WO_VisionCrack3,1784092301,lsf_sigma,0.85,1.2984,1.569052076124677,0,16
4_opaque_WO_VisionCrack3,1784092301,lsf_sigma,0.9,0.8706,1.569052076124677,0,16
4_opaque_WO_VisionCrack3,1784092301,lsf_sigma,0.95,0.9315,1.569052076124677,0,16
4_opaque_WO_VisionCrack3,1784092301,lsf_sigma,1.0,1.0127,1.569052076124677,0,16
4_opaque_WO_VisionCrack3,1784092301,lsf_sigma,1.5,1.5953,1.569052076124677,0,16
4_opaque_WO_VisionCrack3,1784092301,lsf_sigma,2.0,2.0477,1.569052076124677,0,16
4_opaque_WO_VisionCrack3,1784092301,lsf_sigma,2.5,2.5086,1.569052076124677,0,16
4_opaque_WO_VisionCrack3,1784092301,no_deconv,0.5,0.4168,1.3236094861483139,0,16
4_opaque_WO_VisionCrack3,1784092301,no_deconv,0.55,0.4419,1.3236094861483139,0,16
4_opaque_WO_VisionCrack3,1784092301,no_deconv,0.6,0.5347,1.3236094861483139,0,16
4_opaque_WO_VisionCrack3,1784092301,no_deconv,0.65,0.5731,1.3236094861483139,0,16
4_opaque_WO_VisionCrack3,1784092301,no_deconv,0.7,0.6556,1.3236094861483139,0,16
4_opaque_WO_VisionCrack3,1784092301,no_deconv,0.75,0.6676,1.3236094861483139,0,16
4_opaque_WO_VisionCrack3,1784092301,no_deconv,0.8,0.7946,1.3236094861483139,0,16
4_opaque_WO_VisionCrack3,1784092301,no_deconv,0.85,1.2816,1.3236094861483139,0,16
4_opaque_WO_VisionCrack3,1784092301,no_deconv,0.9,0.8715,1.3236094861483139,0,16
4_opaque_WO_VisionCrack3,1784092301,no_deconv,0.95,0.9348,1.3236094861483139,0,16
4_opaque_WO_VisionCrack3,1784092301,no_deconv,1.0,1.0112,1.3236094861483139,0,16
4_opaque_WO_VisionCrack3,1784092301,no_deconv,1.5,1.5881,1.3236094861483139,0,16
4_opaque_WO_VisionCrack3,1784092301,no_deconv,2.0,2.0306,1.3236094861483139,0,16
4_opaque_WO_VisionCrack3,1784092301,no_deconv,2.5,2.4958,1.3236094861483139,0,16
4_opaque_WO_VisionCrack3,1784092301,rev3_window,0.5,0.4009,1.3236094861483139,1,16
4_opaque_WO_VisionCrack3,1784092301,rev3_window,0.55,0.4148,1.3236094861483139,1,16
4_opaque_WO_VisionCrack3,1784092301,rev3_window,0.6,0.5158,1.3236094861483139,1,16
4_opaque_WO_VisionCrack3,1784092301,rev3_window,0.65,0.5721,1.3236094861483139,1,16
4_opaque_WO_VisionCrack3,1784092301,rev3_window,0.7,0.6284,1.3236094861483139,1,16
4_opaque_WO_VisionCrack3,1784092301,rev3_window,0.75,0.6793,1.3236094861483139,1,16
4_opaque_WO_VisionCrack3,1784092301,rev3_window,0.8,0.7965,1.3236094861483139,1,16
4_opaque_WO_VisionCrack3,1784092301,rev3_window,0.85,1.4293,1.3236094861483139,1,16
4_opaque_WO_VisionCrack3,1784092301,rev3_window,0.9,0.874,1.3236094861483139,1,16
4_opaque_WO_VisionCrack3,1784092301,rev3_window,0.95,0.9505,1.3236094861483139,1,16
4_opaque_WO_VisionCrack3,1784092301,rev3_window,1.0,1.0017,1.3236094861483139,1,16
4_opaque_WO_VisionCrack3,1784092301,rev3_window,1.5,1.5806,1.3236094861483139,1,16
4_opaque_WO_VisionCrack3,1784092301,rev3_window,2.0,2.0504,1.3236094861483139,1,16
4_opaque_WO_VisionCrack3,1784092301,rev3_window,2.5,2.4952,1.3236094861483139,1,16
4_opaque_WO_VisionCrack3,1784092301,margin1.0,0.5,0.4018,1.3236094861483139,0,16
4_opaque_WO_VisionCrack3,1784092301,margin1.0,0.55,0.4223,1.3236094861483139,0,16
4_opaque_WO_VisionCrack3,1784092301,margin1.0,0.6,0.5307,1.3236094861483139,0,16
4_opaque_WO_VisionCrack3,1784092301,margin1.0,0.65,0.5677,1.3236094861483139,0,16
4_opaque_WO_VisionCrack3,1784092301,margin1.0,0.7,0.6543,1.3236094861483139,0,16
4_opaque_WO_VisionCrack3,1784092301,margin1.0,0.75,0.6663,1.3236094861483139,0,16
4_opaque_WO_VisionCrack3,1784092301,margin1.0,0.8,0.7827,1.3236094861483139,0,16
4_opaque_WO_VisionCrack3,1784092301,margin1.0,0.85,1.0683,1.3236094861483139,0,16
4_opaque_WO_VisionCrack3,1784092301,margin1.0,0.9,0.871,1.3236094861483139,0,16
4_opaque_WO_VisionCrack3,1784092301,margin1.0,0.95,0.9359,1.3236094861483139,0,16
4_opaque_WO_VisionCrack3,1784092301,margin1.0,1.0,1.0131,1.3236094861483139,0,16
4_opaque_WO_VisionCrack3,1784092301,margin1.0,1.5,1.5927,1.3236094861483139,0,16
4_opaque_WO_VisionCrack3,1784092301,margin1.0,2.0,2.0253,1.3236094861483139,0,16
4_opaque_WO_VisionCrack3,1784092301,margin1.0,2.5,2.4917,1.3236094861483139,0,16
4_opaque_WO_VisionCrack3,1784092301,margin2.0,0.5,0.4024,1.3236094861483139,0,16
4_opaque_WO_VisionCrack3,1784092301,margin2.0,0.55,0.4275,1.3236094861483139,0,16
4_opaque_WO_VisionCrack3,1784092301,margin2.0,0.6,0.5274,1.3236094861483139,0,16
4_opaque_WO_VisionCrack3,1784092301,margin2.0,0.65,0.5664,1.3236094861483139,0,16
4_opaque_WO_VisionCrack3,1784092301,margin2.0,0.7,0.6535,1.3236094861483139,0,16
4_opaque_WO_VisionCrack3,1784092301,margin2.0,0.75,0.666,1.3236094861483139,0,16
4_opaque_WO_VisionCrack3,1784092301,margin2.0,0.8,0.8195,1.3236094861483139,0,16
4_opaque_WO_VisionCrack3,1784092301,margin2.0,0.85,1.2998,1.3236094861483139,0,16
4_opaque_WO_VisionCrack3,1784092301,margin2.0,0.9,0.8758,1.3236094861483139,0,16
4_opaque_WO_VisionCrack3,1784092301,margin2.0,0.95,0.936,1.3236094861483139,0,16
4_opaque_WO_VisionCrack3,1784092301,margin2.0,1.0,1.0164,1.3236094861483139,0,16
4_opaque_WO_VisionCrack3,1784092301,margin2.0,1.5,1.5949,1.3236094861483139,0,16
4_opaque_WO_VisionCrack3,1784092301,margin2.0,2.0,2.045,1.3236094861483139,0,16
4_opaque_WO_VisionCrack3,1784092301,margin2.0,2.5,2.5039,1.3236094861483139,0,16
4_opaque_WO_VisionCrack3,1784092301,smooth15,0.5,0.4086,1.3236094861483139,0,16
4_opaque_WO_VisionCrack3,1784092301,smooth15,0.55,0.4342,1.3236094861483139,0,16
4_opaque_WO_VisionCrack3,1784092301,smooth15,0.6,0.535,1.3236094861483139,0,16
4_opaque_WO_VisionCrack3,1784092301,smooth15,0.65,0.5778,1.3236094861483139,0,16
4_opaque_WO_VisionCrack3,1784092301,smooth15,0.7,0.6559,1.3236094861483139,0,16
4_opaque_WO_VisionCrack3,1784092301,smooth15,0.75,0.6683,1.3236094861483139,0,16
4_opaque_WO_VisionCrack3,1784092301,smooth15,0.8,0.7843,1.3236094861483139,0,16
4_opaque_WO_VisionCrack3,1784092301,smooth15,0.85,1.1863,1.3236094861483139,0,16
4_opaque_WO_VisionCrack3,1784092301,smooth15,0.9,0.8707,1.3236094861483139,0,16
4_opaque_WO_VisionCrack3,1784092301,smooth15,0.95,0.9374,1.3236094861483139,0,16
4_opaque_WO_VisionCrack3,1784092301,smooth15,1.0,1.0056,1.3236094861483139,0,16
4_opaque_WO_VisionCrack3,1784092301,smooth15,1.5,1.5702,1.3236094861483139,0,16
4_opaque_WO_VisionCrack3,1784092301,smooth15,2.0,2.0073,1.3236094861483139,0,16
4_opaque_WO_VisionCrack3,1784092301,smooth15,2.5,2.4734,1.3236094861483139,0,16
4_opaque_WO_VisionCrack3,1784092301,smooth35,0.5,0.3977,1.3236094861483139,0,16
4_opaque_WO_VisionCrack3,1784092301,smooth35,0.55,0.4449,1.3236094861483139,0,16
4_opaque_WO_VisionCrack3,1784092301,smooth35,0.6,0.5262,1.3236094861483139,0,16
4_opaque_WO_VisionCrack3,1784092301,smooth35,0.65,0.5615,1.3236094861483139,0,16
4_opaque_WO_VisionCrack3,1784092301,smooth35,0.7,0.6529,1.3236094861483139,0,16
4_opaque_WO_VisionCrack3,1784092301,smooth35,0.75,0.6667,1.3236094861483139,0,16
4_opaque_WO_VisionCrack3,1784092301,smooth35,0.8,0.8239,1.3236094861483139,0,16
4_opaque_WO_VisionCrack3,1784092301,smooth35,0.85,1.3058,1.3236094861483139,0,16
4_opaque_WO_VisionCrack3,1784092301,smooth35,0.9,0.8808,1.3236094861483139,0,16
4_opaque_WO_VisionCrack3,1784092301,smooth35,0.95,0.9378,1.3236094861483139,0,16
4_opaque_WO_VisionCrack3,1784092301,smooth35,1.0,1.0274,1.3236094861483139,0,16
4_opaque_WO_VisionCrack3,1784092301,smooth35,1.5,1.6156,1.3236094861483139,0,16
4_opaque_WO_VisionCrack3,1784092301,smooth35,2.0,2.0596,1.3236094861483139,0,16
4_opaque_WO_VisionCrack3,1784092301,smooth35,2.5,2.5243,1.3236094861483139,0,16
4_opaque_WO_VisionCrack3,1784092301,band0.60,0.5,0.4019,1.3236094861483139,0,16
4_opaque_WO_VisionCrack3,1784092301,band0.60,0.55,0.4292,1.3236094861483139,0,16
4_opaque_WO_VisionCrack3,1784092301,band0.60,0.6,0.5278,1.3236094861483139,0,16
4_opaque_WO_VisionCrack3,1784092301,band0.60,0.65,0.5681,1.3236094861483139,0,16
4_opaque_WO_VisionCrack3,1784092301,band0.60,0.7,0.6535,1.3236094861483139,0,16
4_opaque_WO_VisionCrack3,1784092301,band0.60,0.75,0.6658,1.3236094861483139,0,16
4_opaque_WO_VisionCrack3,1784092301,band0.60,0.8,0.7957,1.3236094861483139,0,16
4_opaque_WO_VisionCrack3,1784092301,band0.60,0.85,1.2869,1.3236094861483139,0,16
4_opaque_WO_VisionCrack3,1784092301,band0.60,0.9,0.8739,1.3236094861483139,0,16
4_opaque_WO_VisionCrack3,1784092301,band0.60,0.95,0.938,1.3236094861483139,0,16
4_opaque_WO_VisionCrack3,1784092301,band0.60,1.0,1.0151,1.3236094861483139,0,16
4_opaque_WO_VisionCrack3,1784092301,band0.60,1.5,1.5934,1.3236094861483139,0,16
4_opaque_WO_VisionCrack3,1784092301,band0.60,2.0,2.0348,1.3236094861483139,0,16
4_opaque_WO_VisionCrack3,1784092301,band0.60,2.5,2.4979,1.3236094861483139,0,16
4_opaque_WO_VisionCrack3,1784092301,win0.4,0.5,0.4144,1.3236094861483139,0,16
4_opaque_WO_VisionCrack3,1784092301,win0.4,0.55,0.4292,1.3236094861483139,0,16
4_opaque_WO_VisionCrack3,1784092301,win0.4,0.6,0.5278,1.3236094861483139,0,16
4_opaque_WO_VisionCrack3,1784092301,win0.4,0.65,0.5791,1.3236094861483139,0,16
4_opaque_WO_VisionCrack3,1784092301,win0.4,0.7,0.6481,1.3236094861483139,0,16
4_opaque_WO_VisionCrack3,1784092301,win0.4,0.75,0.6686,1.3236094861483139,0,16
4_opaque_WO_VisionCrack3,1784092301,win0.4,0.8,0.7873,1.3236094861483139,0,16
4_opaque_WO_VisionCrack3,1784092301,win0.4,0.85,1.1989,1.3236094861483139,0,16
4_opaque_WO_VisionCrack3,1784092301,win0.4,0.9,0.8561,1.3236094861483139,0,16
4_opaque_WO_VisionCrack3,1784092301,win0.4,0.95,0.9313,1.3236094861483139,0,16
4_opaque_WO_VisionCrack3,1784092301,win0.4,1.0,0.9899,1.3236094861483139,0,16
4_opaque_WO_VisionCrack3,1784092301,win0.4,1.5,1.5984,1.3236094861483139,0,16
4_opaque_WO_VisionCrack3,1784092301,win0.4,2.0,2.0536,1.3236094861483139,0,16
4_opaque_WO_VisionCrack3,1784092301,win0.4,2.5,2.5127,1.3236094861483139,0,16
4_opaque_WO_VisionCrack3,1784092301,win0.8,0.5,0.401,1.3236094861483139,0,16
4_opaque_WO_VisionCrack3,1784092301,win0.8,0.55,0.4292,1.3236094861483139,0,16
4_opaque_WO_VisionCrack3,1784092301,win0.8,0.6,0.5191,1.3236094861483139,0,16
4_opaque_WO_VisionCrack3,1784092301,win0.8,0.65,0.5649,1.3236094861483139,0,16
4_opaque_WO_VisionCrack3,1784092301,win0.8,0.7,0.6613,1.3236094861483139,0,16
4_opaque_WO_VisionCrack3,1784092301,win0.8,0.75,0.6621,1.3236094861483139,0,16
4_opaque_WO_VisionCrack3,1784092301,win0.8,0.8,0.8219,1.3236094861483139,0,16
4_opaque_WO_VisionCrack3,1784092301,win0.8,0.85,1.1218,1.3236094861483139,0,16
4_opaque_WO_VisionCrack3,1784092301,win0.8,0.9,0.8773,1.3236094861483139,0,16
4_opaque_WO_VisionCrack3,1784092301,win0.8,0.95,0.959,1.3236094861483139,0,16
4_opaque_WO_VisionCrack3,1784092301,win0.8,1.0,1.0194,1.3236094861483139,0,16
4_opaque_WO_VisionCrack3,1784092301,win0.8,1.5,1.5787,1.3236094861483139,0,16
4_opaque_WO_VisionCrack3,1784092301,win0.8,2.0,2.0374,1.3236094861483139,0,16
4_opaque_WO_VisionCrack3,1784092301,win0.8,2.5,2.4919,1.3236094861483139,0,16
4_opaque_WO_VisionCrack3,1784092309,full,0.5,0.405,1.37622767532222,1,15
4_opaque_WO_VisionCrack3,1784092309,full,0.55,0.4375,1.37622767532222,1,15
4_opaque_WO_VisionCrack3,1784092309,full,0.6,0.5332,1.37622767532222,1,15
4_opaque_WO_VisionCrack3,1784092309,full,0.65,0.57,1.37622767532222,1,15
4_opaque_WO_VisionCrack3,1784092309,full,0.7,0.6218,1.37622767532222,1,15
4_opaque_WO_VisionCrack3,1784092309,full,0.75,0.6719,1.37622767532222,1,15
4_opaque_WO_VisionCrack3,1784092309,full,0.8,0.7879,1.37622767532222,1,15
4_opaque_WO_VisionCrack3,1784092309,full,0.85,1.2905,1.37622767532222,1,15
4_opaque_WO_VisionCrack3,1784092309,full,0.9,0.8612,1.37622767532222,1,15
4_opaque_WO_VisionCrack3,1784092309,full,0.95,0.9267,1.37622767532222,1,15
4_opaque_WO_VisionCrack3,1784092309,full,1.0,1.0233,1.37622767532222,1,15
4_opaque_WO_VisionCrack3,1784092309,full,1.5,1.5844,1.37622767532222,1,15
4_opaque_WO_VisionCrack3,1784092309,full,2.0,2.0225,1.37622767532222,1,15
4_opaque_WO_VisionCrack3,1784092309,full,2.5,2.4721,1.37622767532222,1,15
4_opaque_WO_VisionCrack3,1784092309,no_masked_bg,0.5,0.4109,1.37622767532222,0,15
4_opaque_WO_VisionCrack3,1784092309,no_masked_bg,0.55,0.4579,1.37622767532222,0,15
4_opaque_WO_VisionCrack3,1784092309,no_masked_bg,0.6,0.5393,1.37622767532222,0,15
4_opaque_WO_VisionCrack3,1784092309,no_masked_bg,0.65,0.5832,1.37622767532222,0,15
4_opaque_WO_VisionCrack3,1784092309,no_masked_bg,0.7,0.6256,1.37622767532222,0,15
4_opaque_WO_VisionCrack3,1784092309,no_masked_bg,0.75,0.6878,1.37622767532222,0,15
4_opaque_WO_VisionCrack3,1784092309,no_masked_bg,0.8,1.0044,1.37622767532222,0,15
4_opaque_WO_VisionCrack3,1784092309,no_masked_bg,0.85,1.3771,1.37622767532222,0,15
4_opaque_WO_VisionCrack3,1784092309,no_masked_bg,0.9,0.8878,1.37622767532222,0,15
4_opaque_WO_VisionCrack3,1784092309,no_masked_bg,0.95,0.9536,1.37622767532222,0,15
4_opaque_WO_VisionCrack3,1784092309,no_masked_bg,1.0,1.0783,1.37622767532222,0,15
4_opaque_WO_VisionCrack3,1784092309,no_masked_bg,1.5,1.6896,1.37622767532222,0,15
4_opaque_WO_VisionCrack3,1784092309,no_masked_bg,2.0,2.2648,1.37622767532222,0,15
4_opaque_WO_VisionCrack3,1784092309,no_masked_bg,2.5,2.5885,1.37622767532222,0,15
4_opaque_WO_VisionCrack3,1784092309,lsf_sigma,0.5,0.3884,1.58132878014578,1,15
4_opaque_WO_VisionCrack3,1784092309,lsf_sigma,0.55,0.4264,1.58132878014578,1,15
4_opaque_WO_VisionCrack3,1784092309,lsf_sigma,0.6,0.5231,1.58132878014578,1,15
4_opaque_WO_VisionCrack3,1784092309,lsf_sigma,0.65,0.5597,1.58132878014578,1,15
4_opaque_WO_VisionCrack3,1784092309,lsf_sigma,0.7,0.6139,1.58132878014578,1,15
4_opaque_WO_VisionCrack3,1784092309,lsf_sigma,0.75,0.6641,1.58132878014578,1,15
4_opaque_WO_VisionCrack3,1784092309,lsf_sigma,0.8,0.7958,1.58132878014578,1,15
4_opaque_WO_VisionCrack3,1784092309,lsf_sigma,0.85,1.267,1.58132878014578,1,15
4_opaque_WO_VisionCrack3,1784092309,lsf_sigma,0.9,0.8574,1.58132878014578,1,15
4_opaque_WO_VisionCrack3,1784092309,lsf_sigma,0.95,0.9222,1.58132878014578,1,15
4_opaque_WO_VisionCrack3,1784092309,lsf_sigma,1.0,1.0207,1.58132878014578,1,15
4_opaque_WO_VisionCrack3,1784092309,lsf_sigma,1.5,1.5888,1.58132878014578,1,15
4_opaque_WO_VisionCrack3,1784092309,lsf_sigma,2.0,2.0321,1.58132878014578,1,15
4_opaque_WO_VisionCrack3,1784092309,lsf_sigma,2.5,2.4794,1.58132878014578,1,15
4_opaque_WO_VisionCrack3,1784092309,no_deconv,0.5,0.4192,1.37622767532222,0,15
4_opaque_WO_VisionCrack3,1784092309,no_deconv,0.55,0.4491,1.37622767532222,0,15
4_opaque_WO_VisionCrack3,1784092309,no_deconv,0.6,0.5391,1.37622767532222,0,15
4_opaque_WO_VisionCrack3,1784092309,no_deconv,0.65,0.5742,1.37622767532222,0,15
4_opaque_WO_VisionCrack3,1784092309,no_deconv,0.7,0.6241,1.37622767532222,0,15
4_opaque_WO_VisionCrack3,1784092309,no_deconv,0.75,0.6726,1.37622767532222,0,15
4_opaque_WO_VisionCrack3,1784092309,no_deconv,0.8,0.786,1.37622767532222,0,15
4_opaque_WO_VisionCrack3,1784092309,no_deconv,0.85,1.285,1.37622767532222,0,15
4_opaque_WO_VisionCrack3,1784092309,no_deconv,0.9,0.8582,1.37622767532222,0,15
4_opaque_WO_VisionCrack3,1784092309,no_deconv,0.95,0.9229,1.37622767532222,0,15
4_opaque_WO_VisionCrack3,1784092309,no_deconv,1.0,1.0186,1.37622767532222,0,15
4_opaque_WO_VisionCrack3,1784092309,no_deconv,1.5,1.5792,1.37622767532222,0,15
4_opaque_WO_VisionCrack3,1784092309,no_deconv,2.0,2.0193,1.37622767532222,0,15
4_opaque_WO_VisionCrack3,1784092309,no_deconv,2.5,2.4718,1.37622767532222,0,15
4_opaque_WO_VisionCrack3,1784092309,rev3_window,0.5,0.4249,1.37622767532222,1,16
4_opaque_WO_VisionCrack3,1784092309,rev3_window,0.55,0.4235,1.37622767532222,1,16
4_opaque_WO_VisionCrack3,1784092309,rev3_window,0.6,0.5033,1.37622767532222,1,16
4_opaque_WO_VisionCrack3,1784092309,rev3_window,0.65,0.5605,1.37622767532222,1,16
4_opaque_WO_VisionCrack3,1784092309,rev3_window,0.7,0.6344,1.37622767532222,1,16
4_opaque_WO_VisionCrack3,1784092309,rev3_window,0.75,0.6812,1.37622767532222,1,16
4_opaque_WO_VisionCrack3,1784092309,rev3_window,0.8,0.7931,1.37622767532222,1,16
4_opaque_WO_VisionCrack3,1784092309,rev3_window,0.85,1.4287,1.37622767532222,1,16
4_opaque_WO_VisionCrack3,1784092309,rev3_window,0.9,0.8753,1.37622767532222,1,16
4_opaque_WO_VisionCrack3,1784092309,rev3_window,0.95,0.9427,1.37622767532222,1,16
4_opaque_WO_VisionCrack3,1784092309,rev3_window,1.0,1.0038,1.37622767532222,1,16
4_opaque_WO_VisionCrack3,1784092309,rev3_window,1.5,1.5703,1.37622767532222,1,16
4_opaque_WO_VisionCrack3,1784092309,rev3_window,2.0,2.0253,1.37622767532222,1,16
4_opaque_WO_VisionCrack3,1784092309,rev3_window,2.5,2.4588,1.37622767532222,1,16
4_opaque_WO_VisionCrack3,1784092309,margin1.0,0.5,0.4051,1.37622767532222,1,15
4_opaque_WO_VisionCrack3,1784092309,margin1.0,0.55,0.4373,1.37622767532222,1,15
4_opaque_WO_VisionCrack3,1784092309,margin1.0,0.6,0.5337,1.37622767532222,1,15
4_opaque_WO_VisionCrack3,1784092309,margin1.0,0.65,0.5707,1.37622767532222,1,15
4_opaque_WO_VisionCrack3,1784092309,margin1.0,0.7,0.6232,1.37622767532222,1,15
4_opaque_WO_VisionCrack3,1784092309,margin1.0,0.75,0.6727,1.37622767532222,1,15
4_opaque_WO_VisionCrack3,1784092309,margin1.0,0.8,0.7852,1.37622767532222,1,15
4_opaque_WO_VisionCrack3,1784092309,margin1.0,0.85,1.2351,1.37622767532222,1,15
4_opaque_WO_VisionCrack3,1784092309,margin1.0,0.9,0.8615,1.37622767532222,1,15
4_opaque_WO_VisionCrack3,1784092309,margin1.0,0.95,0.9258,1.37622767532222,1,15
4_opaque_WO_VisionCrack3,1784092309,margin1.0,1.0,1.0114,1.37622767532222,1,15
4_opaque_WO_VisionCrack3,1784092309,margin1.0,1.5,1.5836,1.37622767532222,1,15
4_opaque_WO_VisionCrack3,1784092309,margin1.0,2.0,2.015,1.37622767532222,1,15
4_opaque_WO_VisionCrack3,1784092309,margin1.0,2.5,2.4669,1.37622767532222,1,15
4_opaque_WO_VisionCrack3,1784092309,margin2.0,0.5,0.4022,1.37622767532222,1,15
4_opaque_WO_VisionCrack3,1784092309,margin2.0,0.55,0.4388,1.37622767532222,1,15
4_opaque_WO_VisionCrack3,1784092309,margin2.0,0.6,0.5328,1.37622767532222,1,15
4_opaque_WO_VisionCrack3,1784092309,margin2.0,0.65,0.5687,1.37622767532222,1,15
4_opaque_WO_VisionCrack3,1784092309,margin2.0,0.7,0.6219,1.37622767532222,1,15
4_opaque_WO_VisionCrack3,1784092309,margin2.0,0.75,0.6712,1.37622767532222,1,15
4_opaque_WO_VisionCrack3,1784092309,margin2.0,0.8,0.8012,1.37622767532222,1,15
4_opaque_WO_VisionCrack3,1784092309,margin2.0,0.85,1.2687,1.37622767532222,1,15
4_opaque_WO_VisionCrack3,1784092309,margin2.0,0.9,0.8622,1.37622767532222,1,15
4_opaque_WO_VisionCrack3,1784092309,margin2.0,0.95,0.9264,1.37622767532222,1,15
4_opaque_WO_VisionCrack3,1784092309,margin2.0,1.0,1.024,1.37622767532222,1,15
4_opaque_WO_VisionCrack3,1784092309,margin2.0,1.5,1.5888,1.37622767532222,1,15
4_opaque_WO_VisionCrack3,1784092309,margin2.0,2.0,2.0304,1.37622767532222,1,15
4_opaque_WO_VisionCrack3,1784092309,margin2.0,2.5,2.4761,1.37622767532222,1,15
4_opaque_WO_VisionCrack3,1784092309,smooth15,0.5,0.4125,1.37622767532222,1,15
4_opaque_WO_VisionCrack3,1784092309,smooth15,0.55,0.4485,1.37622767532222,1,15
4_opaque_WO_VisionCrack3,1784092309,smooth15,0.6,0.5389,1.37622767532222,1,15
4_opaque_WO_VisionCrack3,1784092309,smooth15,0.65,0.5768,1.37622767532222,1,15
4_opaque_WO_VisionCrack3,1784092309,smooth15,0.7,0.6223,1.37622767532222,1,15
4_opaque_WO_VisionCrack3,1784092309,smooth15,0.75,0.6809,1.37622767532222,1,15
4_opaque_WO_VisionCrack3,1784092309,smooth15,0.8,0.7777,1.37622767532222,1,15
4_opaque_WO_VisionCrack3,1784092309,smooth15,0.85,1.2729,1.37622767532222,1,15
4_opaque_WO_VisionCrack3,1784092309,smooth15,0.9,0.8601,1.37622767532222,1,15
4_opaque_WO_VisionCrack3,1784092309,smooth15,0.95,0.9266,1.37622767532222,1,15
4_opaque_WO_VisionCrack3,1784092309,smooth15,1.0,1.0176,1.37622767532222,1,15
4_opaque_WO_VisionCrack3,1784092309,smooth15,1.5,1.5546,1.37622767532222,1,15
4_opaque_WO_VisionCrack3,1784092309,smooth15,2.0,2.0069,1.37622767532222,1,15
4_opaque_WO_VisionCrack3,1784092309,smooth15,2.5,2.4522,1.37622767532222,1,15
4_opaque_WO_VisionCrack3,1784092309,smooth35,0.5,0.4002,1.37622767532222,1,15
4_opaque_WO_VisionCrack3,1784092309,smooth35,0.55,0.4319,1.37622767532222,1,15
4_opaque_WO_VisionCrack3,1784092309,smooth35,0.6,0.5277,1.37622767532222,1,15
4_opaque_WO_VisionCrack3,1784092309,smooth35,0.65,0.5692,1.37622767532222,1,15
4_opaque_WO_VisionCrack3,1784092309,smooth35,0.7,0.6211,1.37622767532222,1,15
4_opaque_WO_VisionCrack3,1784092309,smooth35,0.75,0.6719,1.37622767532222,1,15
4_opaque_WO_VisionCrack3,1784092309,smooth35,0.8,0.8017,1.37622767532222,1,15
4_opaque_WO_VisionCrack3,1784092309,smooth35,0.85,1.3121,1.37622767532222,1,15
4_opaque_WO_VisionCrack3,1784092309,smooth35,0.9,0.8623,1.37622767532222,1,15
4_opaque_WO_VisionCrack3,1784092309,smooth35,0.95,0.9285,1.37622767532222,1,15
4_opaque_WO_VisionCrack3,1784092309,smooth35,1.0,1.0287,1.37622767532222,1,15
4_opaque_WO_VisionCrack3,1784092309,smooth35,1.5,1.6029,1.37622767532222,1,15
4_opaque_WO_VisionCrack3,1784092309,smooth35,2.0,2.0399,1.37622767532222,1,15
4_opaque_WO_VisionCrack3,1784092309,smooth35,2.5,2.4867,1.37622767532222,1,15
4_opaque_WO_VisionCrack3,1784092309,band0.60,0.5,0.405,1.37622767532222,1,15
4_opaque_WO_VisionCrack3,1784092309,band0.60,0.55,0.4375,1.37622767532222,1,15
4_opaque_WO_VisionCrack3,1784092309,band0.60,0.6,0.5332,1.37622767532222,1,15
4_opaque_WO_VisionCrack3,1784092309,band0.60,0.65,0.57,1.37622767532222,1,15
4_opaque_WO_VisionCrack3,1784092309,band0.60,0.7,0.6218,1.37622767532222,1,15
4_opaque_WO_VisionCrack3,1784092309,band0.60,0.75,0.6719,1.37622767532222,1,15
4_opaque_WO_VisionCrack3,1784092309,band0.60,0.8,0.7879,1.37622767532222,1,15
4_opaque_WO_VisionCrack3,1784092309,band0.60,0.85,1.2905,1.37622767532222,1,15
4_opaque_WO_VisionCrack3,1784092309,band0.60,0.9,0.8612,1.37622767532222,1,15
4_opaque_WO_VisionCrack3,1784092309,band0.60,0.95,0.9267,1.37622767532222,1,15
4_opaque_WO_VisionCrack3,1784092309,band0.60,1.0,1.0233,1.37622767532222,1,15
4_opaque_WO_VisionCrack3,1784092309,band0.60,1.5,1.5844,1.37622767532222,1,15
4_opaque_WO_VisionCrack3,1784092309,band0.60,2.0,2.0225,1.37622767532222,1,15
4_opaque_WO_VisionCrack3,1784092309,band0.60,2.5,2.4721,1.37622767532222,1,15
4_opaque_WO_VisionCrack3,1784092309,win0.4,0.5,0.4141,1.37622767532222,1,15
4_opaque_WO_VisionCrack3,1784092309,win0.4,0.55,0.4499,1.37622767532222,1,15
4_opaque_WO_VisionCrack3,1784092309,win0.4,0.6,0.5332,1.37622767532222,1,15
4_opaque_WO_VisionCrack3,1784092309,win0.4,0.65,0.5753,1.37622767532222,1,15
4_opaque_WO_VisionCrack3,1784092309,win0.4,0.7,0.6237,1.37622767532222,1,15
4_opaque_WO_VisionCrack3,1784092309,win0.4,0.75,0.6754,1.37622767532222,1,15
4_opaque_WO_VisionCrack3,1784092309,win0.4,0.8,0.7973,1.37622767532222,1,15
4_opaque_WO_VisionCrack3,1784092309,win0.4,0.85,1.265,1.37622767532222,1,15
4_opaque_WO_VisionCrack3,1784092309,win0.4,0.9,0.8562,1.37622767532222,1,15
4_opaque_WO_VisionCrack3,1784092309,win0.4,0.95,0.9251,1.37622767532222,1,15
4_opaque_WO_VisionCrack3,1784092309,win0.4,1.0,1.0051,1.37622767532222,1,15
4_opaque_WO_VisionCrack3,1784092309,win0.4,1.5,1.588,1.37622767532222,1,15
4_opaque_WO_VisionCrack3,1784092309,win0.4,2.0,2.0348,1.37622767532222,1,15
4_opaque_WO_VisionCrack3,1784092309,win0.4,2.5,2.4802,1.37622767532222,1,15
4_opaque_WO_VisionCrack3,1784092309,win0.8,0.5,0.4182,1.37622767532222,1,15
4_opaque_WO_VisionCrack3,1784092309,win0.8,0.55,0.4308,1.37622767532222,1,15
4_opaque_WO_VisionCrack3,1784092309,win0.8,0.6,0.516,1.37622767532222,1,15
4_opaque_WO_VisionCrack3,1784092309,win0.8,0.65,0.5572,1.37622767532222,1,15
4_opaque_WO_VisionCrack3,1784092309,win0.8,0.7,0.6238,1.37622767532222,1,15
4_opaque_WO_VisionCrack3,1784092309,win0.8,0.75,0.6643,1.37622767532222,1,15
4_opaque_WO_VisionCrack3,1784092309,win0.8,0.8,0.8156,1.37622767532222,1,15
4_opaque_WO_VisionCrack3,1784092309,win0.8,0.85,0.9221,1.37622767532222,1,15
4_opaque_WO_VisionCrack3,1784092309,win0.8,0.9,0.8588,1.37622767532222,1,15
4_opaque_WO_VisionCrack3,1784092309,win0.8,0.95,0.9484,1.37622767532222,1,15
4_opaque_WO_VisionCrack3,1784092309,win0.8,1.0,1.0262,1.37622767532222,1,15
4_opaque_WO_VisionCrack3,1784092309,win0.8,1.5,1.5527,1.37622767532222,1,15
4_opaque_WO_VisionCrack3,1784092309,win0.8,2.0,2.0228,1.37622767532222,1,15
4_opaque_WO_VisionCrack3,1784092309,win0.8,2.5,2.4677,1.37622767532222,1,15
4_opaque_WO_VisionCrack3,1784092317,full,0.5,0.3864,1.4300448277821425,0,14
4_opaque_WO_VisionCrack3,1784092317,full,0.55,0.4425,1.4300448277821425,0,14
4_opaque_WO_VisionCrack3,1784092317,full,0.6,0.5268,1.4300448277821425,0,14
4_opaque_WO_VisionCrack3,1784092317,full,0.65,0.5832,1.4300448277821425,0,14
4_opaque_WO_VisionCrack3,1784092317,full,0.7,0.6591,1.4300448277821425,0,14
4_opaque_WO_VisionCrack3,1784092317,full,0.75,0.661,1.4300448277821425,0,14
4_opaque_WO_VisionCrack3,1784092317,full,0.8,0.8044,1.4300448277821425,0,14
4_opaque_WO_VisionCrack3,1784092317,full,0.85,1.3174,1.4300448277821425,0,14
4_opaque_WO_VisionCrack3,1784092317,full,0.9,0.8645,1.4300448277821425,0,14
4_opaque_WO_VisionCrack3,1784092317,full,0.95,0.9297,1.4300448277821425,0,14
4_opaque_WO_VisionCrack3,1784092317,full,1.0,1.0165,1.4300448277821425,0,14
4_opaque_WO_VisionCrack3,1784092317,full,1.5,1.5779,1.4300448277821425,0,14
4_opaque_WO_VisionCrack3,1784092317,full,2.0,2.0334,1.4300448277821425,0,14
4_opaque_WO_VisionCrack3,1784092317,full,2.5,2.4631,1.4300448277821425,0,14
4_opaque_WO_VisionCrack3,1784092317,no_masked_bg,0.5,0.3868,1.4300448277821425,0,14
4_opaque_WO_VisionCrack3,1784092317,no_masked_bg,0.55,0.4665,1.4300448277821425,0,14
4_opaque_WO_VisionCrack3,1784092317,no_masked_bg,0.6,0.5309,1.4300448277821425,0,14
4_opaque_WO_VisionCrack3,1784092317,no_masked_bg,0.65,0.5854,1.4300448277821425,0,14
4_opaque_WO_VisionCrack3,1784092317,no_masked_bg,0.7,0.6829,1.4300448277821425,0,14
4_opaque_WO_VisionCrack3,1784092317,no_masked_bg,0.75,0.6732,1.4300448277821425,0,14
4_opaque_WO_VisionCrack3,1784092317,no_masked_bg,0.8,0.9713,1.4300448277821425,0,14
4_opaque_WO_VisionCrack3,1784092317,no_masked_bg,0.85,1.4395,1.4300448277821425,0,14
4_opaque_WO_VisionCrack3,1784092317,no_masked_bg,0.9,0.8964,1.4300448277821425,0,14
4_opaque_WO_VisionCrack3,1784092317,no_masked_bg,0.95,0.9662,1.4300448277821425,0,14
4_opaque_WO_VisionCrack3,1784092317,no_masked_bg,1.0,1.086,1.4300448277821425,0,14
4_opaque_WO_VisionCrack3,1784092317,no_masked_bg,1.5,1.7103,1.4300448277821425,0,14
4_opaque_WO_VisionCrack3,1784092317,no_masked_bg,2.0,2.2597,1.4300448277821425,0,14
4_opaque_WO_VisionCrack3,1784092317,no_masked_bg,2.5,2.6565,1.4300448277821425,0,14
4_opaque_WO_VisionCrack3,1784092317,lsf_sigma,0.5,0.3762,1.5597657733648722,0,14
4_opaque_WO_VisionCrack3,1784092317,lsf_sigma,0.55,0.4361,1.5597657733648722,0,14
4_opaque_WO_VisionCrack3,1784092317,lsf_sigma,0.6,0.5197,1.5597657733648722,0,14
4_opaque_WO_VisionCrack3,1784092317,lsf_sigma,0.65,0.577,1.5597657733648722,0,14
4_opaque_WO_VisionCrack3,1784092317,lsf_sigma,0.7,0.6541,1.5597657733648722,0,14
4_opaque_WO_VisionCrack3,1784092317,lsf_sigma,0.75,0.6577,1.5597657733648722,0,14
4_opaque_WO_VisionCrack3,1784092317,lsf_sigma,0.8,0.8149,1.5597657733648722,0,14
4_opaque_WO_VisionCrack3,1784092317,lsf_sigma,0.85,1.3148,1.5597657733648722,0,14
4_opaque_WO_VisionCrack3,1784092317,lsf_sigma,0.9,0.8615,1.5597657733648722,0,14
4_opaque_WO_VisionCrack3,1784092317,lsf_sigma,0.95,0.9276,1.5597657733648722,0,14
4_opaque_WO_VisionCrack3,1784092317,lsf_sigma,1.0,1.016,1.5597657733648722,0,14
4_opaque_WO_VisionCrack3,1784092317,lsf_sigma,1.5,1.5837,1.5597657733648722,0,14
4_opaque_WO_VisionCrack3,1784092317,lsf_sigma,2.0,2.0382,1.5597657733648722,0,14
4_opaque_WO_VisionCrack3,1784092317,lsf_sigma,2.5,2.468,1.5597657733648722,0,14
4_opaque_WO_VisionCrack3,1784092317,no_deconv,0.5,0.4085,1.4300448277821425,0,14
4_opaque_WO_VisionCrack3,1784092317,no_deconv,0.55,0.4608,1.4300448277821425,0,14
4_opaque_WO_VisionCrack3,1784092317,no_deconv,0.6,0.5395,1.4300448277821425,0,14
4_opaque_WO_VisionCrack3,1784092317,no_deconv,0.65,0.5932,1.4300448277821425,0,14
4_opaque_WO_VisionCrack3,1784092317,no_deconv,0.7,0.6664,1.4300448277821425,0,14
4_opaque_WO_VisionCrack3,1784092317,no_deconv,0.75,0.6684,1.4300448277821425,0,14
4_opaque_WO_VisionCrack3,1784092317,no_deconv,0.8,0.8078,1.4300448277821425,0,14
4_opaque_WO_VisionCrack3,1784092317,no_deconv,0.85,1.3158,1.4300448277821425,0,14
4_opaque_WO_VisionCrack3,1784092317,no_deconv,0.9,0.8668,1.4300448277821425,0,14
4_opaque_WO_VisionCrack3,1784092317,no_deconv,0.95,0.9309,1.4300448277821425,0,14
4_opaque_WO_VisionCrack3,1784092317,no_deconv,1.0,1.0167,1.4300448277821425,0,14
4_opaque_WO_VisionCrack3,1784092317,no_deconv,1.5,1.576,1.4300448277821425,0,14
4_opaque_WO_VisionCrack3,1784092317,no_deconv,2.0,2.0325,1.4300448277821425,0,14
4_opaque_WO_VisionCrack3,1784092317,no_deconv,2.5,2.4642,1.4300448277821425,0,14
4_opaque_WO_VisionCrack3,1784092317,rev3_window,0.5,0.4077,1.4300448277821425,1,16
4_opaque_WO_VisionCrack3,1784092317,rev3_window,0.55,0.4531,1.4300448277821425,1,16
4_opaque_WO_VisionCrack3,1784092317,rev3_window,0.6,0.5232,1.4300448277821425,1,16
4_opaque_WO_VisionCrack3,1784092317,rev3_window,0.65,0.5819,1.4300448277821425,1,16
4_opaque_WO_VisionCrack3,1784092317,rev3_window,0.7,0.6294,1.4300448277821425,1,16
4_opaque_WO_VisionCrack3,1784092317,rev3_window,0.75,0.6415,1.4300448277821425,1,16
4_opaque_WO_VisionCrack3,1784092317,rev3_window,0.8,0.7848,1.4300448277821425,1,16
4_opaque_WO_VisionCrack3,1784092317,rev3_window,0.85,1.4202,1.4300448277821425,1,16
4_opaque_WO_VisionCrack3,1784092317,rev3_window,0.9,0.8717,1.4300448277821425,1,16
4_opaque_WO_VisionCrack3,1784092317,rev3_window,0.95,0.9445,1.4300448277821425,1,16
4_opaque_WO_VisionCrack3,1784092317,rev3_window,1.0,1.0037,1.4300448277821425,1,16
4_opaque_WO_VisionCrack3,1784092317,rev3_window,1.5,1.5669,1.4300448277821425,1,16
4_opaque_WO_VisionCrack3,1784092317,rev3_window,2.0,2.0305,1.4300448277821425,1,16
4_opaque_WO_VisionCrack3,1784092317,rev3_window,2.5,2.4735,1.4300448277821425,1,16
4_opaque_WO_VisionCrack3,1784092317,margin1.0,0.5,0.3859,1.4300448277821425,0,14
4_opaque_WO_VisionCrack3,1784092317,margin1.0,0.55,0.4418,1.4300448277821425,0,14
4_opaque_WO_VisionCrack3,1784092317,margin1.0,0.6,0.5279,1.4300448277821425,0,14
4_opaque_WO_VisionCrack3,1784092317,margin1.0,0.65,0.5842,1.4300448277821425,0,14
4_opaque_WO_VisionCrack3,1784092317,margin1.0,0.7,0.6585,1.4300448277821425,0,14
4_opaque_WO_VisionCrack3,1784092317,margin1.0,0.75,0.6627,1.4300448277821425,0,14
4_opaque_WO_VisionCrack3,1784092317,margin1.0,0.8,0.7958,1.4300448277821425,0,14
4_opaque_WO_VisionCrack3,1784092317,margin1.0,0.85,1.0888,1.4300448277821425,0,14
4_opaque_WO_VisionCrack3,1784092317,margin1.0,0.9,0.86,1.4300448277821425,0,14
4_opaque_WO_VisionCrack3,1784092317,margin1.0,0.95,0.9304,1.4300448277821425,0,14
4_opaque_WO_VisionCrack3,1784092317,margin1.0,1.0,1.0077,1.4300448277821425,0,14
4_opaque_WO_VisionCrack3,1784092317,margin1.0,1.5,1.5782,1.4300448277821425,0,14
4_opaque_WO_VisionCrack3,1784092317,margin1.0,2.0,2.0237,1.4300448277821425,0,14
4_opaque_WO_VisionCrack3,1784092317,margin1.0,2.5,2.4562,1.4300448277821425,0,14
4_opaque_WO_VisionCrack3,1784092317,margin2.0,0.5,0.3851,1.4300448277821425,0,14
4_opaque_WO_VisionCrack3,1784092317,margin2.0,0.55,0.4434,1.4300448277821425,0,14
4_opaque_WO_VisionCrack3,1784092317,margin2.0,0.6,0.5252,1.4300448277821425,0,14
4_opaque_WO_VisionCrack3,1784092317,margin2.0,0.65,0.582,1.4300448277821425,0,14
4_opaque_WO_VisionCrack3,1784092317,margin2.0,0.7,0.6606,1.4300448277821425,0,14
4_opaque_WO_VisionCrack3,1784092317,margin2.0,0.75,0.6615,1.4300448277821425,0,14
4_opaque_WO_VisionCrack3,1784092317,margin2.0,0.8,0.8344,1.4300448277821425,0,14
4_opaque_WO_VisionCrack3,1784092317,margin2.0,0.85,1.3257,1.4300448277821425,0,14
4_opaque_WO_VisionCrack3,1784092317,margin2.0,0.9,0.8658,1.4300448277821425,0,14
4_opaque_WO_VisionCrack3,1784092317,margin2.0,0.95,0.9292,1.4300448277821425,0,14
4_opaque_WO_VisionCrack3,1784092317,margin2.0,1.0,1.0208,1.4300448277821425,0,14
4_opaque_WO_VisionCrack3,1784092317,margin2.0,1.5,1.5912,1.4300448277821425,0,14
4_opaque_WO_VisionCrack3,1784092317,margin2.0,2.0,2.0523,1.4300448277821425,0,14
4_opaque_WO_VisionCrack3,1784092317,margin2.0,2.5,2.4708,1.4300448277821425,0,14
4_opaque_WO_VisionCrack3,1784092317,smooth15,0.5,0.3966,1.4300448277821425,0,14
4_opaque_WO_VisionCrack3,1784092317,smooth15,0.55,0.4527,1.4300448277821425,0,14
4_opaque_WO_VisionCrack3,1784092317,smooth15,0.6,0.5329,1.4300448277821425,0,14
4_opaque_WO_VisionCrack3,1784092317,smooth15,0.65,0.588,1.4300448277821425,0,14
4_opaque_WO_VisionCrack3,1784092317,smooth15,0.7,0.6572,1.4300448277821425,0,14
4_opaque_WO_VisionCrack3,1784092317,smooth15,0.75,0.6659,1.4300448277821425,0,14
4_opaque_WO_VisionCrack3,1784092317,smooth15,0.8,0.7736,1.4300448277821425,0,14
4_opaque_WO_VisionCrack3,1784092317,smooth15,0.85,1.2424,1.4300448277821425,0,14
4_opaque_WO_VisionCrack3,1784092317,smooth15,0.9,0.8652,1.4300448277821425,0,14
4_opaque_WO_VisionCrack3,1784092317,smooth15,0.95,0.9294,1.4300448277821425,0,14
4_opaque_WO_VisionCrack3,1784092317,smooth15,1.0,1.0104,1.4300448277821425,0,14
4_opaque_WO_VisionCrack3,1784092317,smooth15,1.5,1.5554,1.4300448277821425,0,14
4_opaque_WO_VisionCrack3,1784092317,smooth15,2.0,2.0051,1.4300448277821425,0,14
4_opaque_WO_VisionCrack3,1784092317,smooth15,2.5,2.4357,1.4300448277821425,0,14
4_opaque_WO_VisionCrack3,1784092317,smooth35,0.5,0.3806,1.4300448277821425,0,14
4_opaque_WO_VisionCrack3,1784092317,smooth35,0.55,0.4353,1.4300448277821425,0,14
4_opaque_WO_VisionCrack3,1784092317,smooth35,0.6,0.5205,1.4300448277821425,0,14
4_opaque_WO_VisionCrack3,1784092317,smooth35,0.65,0.5774,1.4300448277821425,0,14
4_opaque_WO_VisionCrack3,1784092317,smooth35,0.7,0.6577,1.4300448277821425,0,14
4_opaque_WO_VisionCrack3,1784092317,smooth35,0.75,0.6609,1.4300448277821425,0,14
4_opaque_WO_VisionCrack3,1784092317,smooth35,0.8,0.8259,1.4300448277821425,0,14
4_opaque_WO_VisionCrack3,1784092317,smooth35,0.85,1.3342,1.4300448277821425,0,14
4_opaque_WO_VisionCrack3,1784092317,smooth35,0.9,0.8666,1.4300448277821425,0,14
4_opaque_WO_VisionCrack3,1784092317,smooth35,0.95,0.9342,1.4300448277821425,0,14
4_opaque_WO_VisionCrack3,1784092317,smooth35,1.0,1.025,1.4300448277821425,0,14
4_opaque_WO_VisionCrack3,1784092317,smooth35,1.5,1.5964,1.4300448277821425,0,14
4_opaque_WO_VisionCrack3,1784092317,smooth35,2.0,2.0515,1.4300448277821425,0,14
4_opaque_WO_VisionCrack3,1784092317,smooth35,2.5,2.49,1.4300448277821425,0,14
4_opaque_WO_VisionCrack3,1784092317,band0.60,0.5,0.3864,1.4300448277821425,0,14
4_opaque_WO_VisionCrack3,1784092317,band0.60,0.55,0.4425,1.4300448277821425,0,14
4_opaque_WO_VisionCrack3,1784092317,band0.60,0.6,0.5268,1.4300448277821425,0,14
4_opaque_WO_VisionCrack3,1784092317,band0.60,0.65,0.5832,1.4300448277821425,0,14
4_opaque_WO_VisionCrack3,1784092317,band0.60,0.7,0.6591,1.4300448277821425,0,14
4_opaque_WO_VisionCrack3,1784092317,band0.60,0.75,0.661,1.4300448277821425,0,14
4_opaque_WO_VisionCrack3,1784092317,band0.60,0.8,0.8044,1.4300448277821425,0,14
4_opaque_WO_VisionCrack3,1784092317,band0.60,0.85,1.3174,1.4300448277821425,0,14
4_opaque_WO_VisionCrack3,1784092317,band0.60,0.9,0.8645,1.4300448277821425,0,14
4_opaque_WO_VisionCrack3,1784092317,band0.60,0.95,0.9297,1.4300448277821425,0,14
4_opaque_WO_VisionCrack3,1784092317,band0.60,1.0,1.0165,1.4300448277821425,0,14
4_opaque_WO_VisionCrack3,1784092317,band0.60,1.5,1.5779,1.4300448277821425,0,14
4_opaque_WO_VisionCrack3,1784092317,band0.60,2.0,2.0334,1.4300448277821425,0,14
4_opaque_WO_VisionCrack3,1784092317,band0.60,2.5,2.4631,1.4300448277821425,0,14
4_opaque_WO_VisionCrack3,1784092317,win0.4,0.5,0.397,1.4300448277821425,0,14
4_opaque_WO_VisionCrack3,1784092317,win0.4,0.55,0.4586,1.4300448277821425,0,14
4_opaque_WO_VisionCrack3,1784092317,win0.4,0.6,0.5268,1.4300448277821425,0,14
4_opaque_WO_VisionCrack3,1784092317,win0.4,0.65,0.5887,1.4300448277821425,0,14
4_opaque_WO_VisionCrack3,1784092317,win0.4,0.7,0.6551,1.4300448277821425,0,14
4_opaque_WO_VisionCrack3,1784092317,win0.4,0.75,0.6643,1.4300448277821425,0,14
4_opaque_WO_VisionCrack3,1784092317,win0.4,0.8,0.8039,1.4300448277821425,0,14
4_opaque_WO_VisionCrack3,1784092317,win0.4,0.85,1.3278,1.4300448277821425,0,14
4_opaque_WO_VisionCrack3,1784092317,win0.4,0.9,0.8673,1.4300448277821425,0,14
4_opaque_WO_VisionCrack3,1784092317,win0.4,0.95,0.9258,1.4300448277821425,0,14
4_opaque_WO_VisionCrack3,1784092317,win0.4,1.0,1.0021,1.4300448277821425,0,14
4_opaque_WO_VisionCrack3,1784092317,win0.4,1.5,1.5911,1.4300448277821425,0,14
4_opaque_WO_VisionCrack3,1784092317,win0.4,2.0,2.0495,1.4300448277821425,0,14
4_opaque_WO_VisionCrack3,1784092317,win0.4,2.5,2.4791,1.4300448277821425,0,14
4_opaque_WO_VisionCrack3,1784092317,win0.8,0.5,0.3871,1.4300448277821425,0,14
4_opaque_WO_VisionCrack3,1784092317,win0.8,0.55,0.4343,1.4300448277821425,0,14
4_opaque_WO_VisionCrack3,1784092317,win0.8,0.6,0.5134,1.4300448277821425,0,14
4_opaque_WO_VisionCrack3,1784092317,win0.8,0.65,0.5688,1.4300448277821425,0,14
4_opaque_WO_VisionCrack3,1784092317,win0.8,0.7,0.6581,1.4300448277821425,0,14
4_opaque_WO_VisionCrack3,1784092317,win0.8,0.75,0.6533,1.4300448277821425,0,14
4_opaque_WO_VisionCrack3,1784092317,win0.8,0.8,0.8295,1.4300448277821425,0,14
4_opaque_WO_VisionCrack3,1784092317,win0.8,0.85,1.0855,1.4300448277821425,0,14
4_opaque_WO_VisionCrack3,1784092317,win0.8,0.9,0.892,1.4300448277821425,0,14
4_opaque_WO_VisionCrack3,1784092317,win0.8,0.95,0.9551,1.4300448277821425,0,14
4_opaque_WO_VisionCrack3,1784092317,win0.8,1.0,1.0214,1.4300448277821425,0,14
4_opaque_WO_VisionCrack3,1784092317,win0.8,1.5,1.564,1.4300448277821425,0,14
4_opaque_WO_VisionCrack3,1784092317,win0.8,2.0,2.0288,1.4300448277821425,0,14
4_opaque_WO_VisionCrack3,1784092317,win0.8,2.5,2.4552,1.4300448277821425,0,14
4_opaque_WO_VisionCrack3,1784092325,full,0.5,0.4314,1.3569942364334686,0,14
4_opaque_WO_VisionCrack3,1784092325,full,0.55,0.4634,1.3569942364334686,0,14
4_opaque_WO_VisionCrack3,1784092325,full,0.6,0.572,1.3569942364334686,0,14
4_opaque_WO_VisionCrack3,1784092325,full,0.65,0.626,1.3569942364334686,0,14
4_opaque_WO_VisionCrack3,1784092325,full,0.7,0.6795,1.3569942364334686,0,14
4_opaque_WO_VisionCrack3,1784092325,full,0.75,0.7327,1.3569942364334686,0,14
4_opaque_WO_VisionCrack3,1784092325,full,0.8,1.0744,1.3569942364334686,0,14
4_opaque_WO_VisionCrack3,1784092325,full,0.85,1.3135,1.3569942364334686,0,14
4_opaque_WO_VisionCrack3,1784092325,full,0.9,0.9575,1.3569942364334686,0,14
4_opaque_WO_VisionCrack3,1784092325,full,0.95,0.9643,1.3569942364334686,0,14
4_opaque_WO_VisionCrack3,1784092325,full,1.0,1.0302,1.3569942364334686,0,14
4_opaque_WO_VisionCrack3,1784092325,full,1.5,1.6137,1.3569942364334686,0,14
4_opaque_WO_VisionCrack3,1784092325,full,2.0,2.0256,1.3569942364334686,0,14
4_opaque_WO_VisionCrack3,1784092325,full,2.5,2.4716,1.3569942364334686,0,14
4_opaque_WO_VisionCrack3,1784092325,no_masked_bg,0.5,0.4434,1.3569942364334686,0,14
4_opaque_WO_VisionCrack3,1784092325,no_masked_bg,0.55,0.4804,1.3569942364334686,0,14
4_opaque_WO_VisionCrack3,1784092325,no_masked_bg,0.6,0.5951,1.3569942364334686,0,14
4_opaque_WO_VisionCrack3,1784092325,no_masked_bg,0.65,0.6448,1.3569942364334686,0,14
4_opaque_WO_VisionCrack3,1784092325,no_masked_bg,0.7,0.7072,1.3569942364334686,0,14
4_opaque_WO_VisionCrack3,1784092325,no_masked_bg,0.75,0.7546,1.3569942364334686,0,14
4_opaque_WO_VisionCrack3,1784092325,no_masked_bg,0.8,1.1118,1.3569942364334686,0,14
4_opaque_WO_VisionCrack3,1784092325,no_masked_bg,0.85,1.4403,1.3569942364334686,0,14
4_opaque_WO_VisionCrack3,1784092325,no_masked_bg,0.9,1.1727,1.3569942364334686,0,14
4_opaque_WO_VisionCrack3,1784092325,no_masked_bg,0.95,1.0136,1.3569942364334686,0,14
4_opaque_WO_VisionCrack3,1784092325,no_masked_bg,1.0,1.074,1.3569942364334686,0,14
4_opaque_WO_VisionCrack3,1784092325,no_masked_bg,1.5,1.9404,1.3569942364334686,0,14
4_opaque_WO_VisionCrack3,1784092325,no_masked_bg,2.0,2.3661,1.3569942364334686,0,14
4_opaque_WO_VisionCrack3,1784092325,no_masked_bg,2.5,2.52,1.3569942364334686,0,14
4_opaque_WO_VisionCrack3,1784092325,lsf_sigma,0.5,0.4196,1.5991950061992335,0,14
4_opaque_WO_VisionCrack3,1784092325,lsf_sigma,0.55,0.4495,1.5991950061992335,0,14
4_opaque_WO_VisionCrack3,1784092325,lsf_sigma,0.6,0.5621,1.5991950061992335,0,14
4_opaque_WO_VisionCrack3,1784092325,lsf_sigma,0.65,0.6164,1.5991950061992335,0,14
4_opaque_WO_VisionCrack3,1784092325,lsf_sigma,0.7,0.6693,1.5991950061992335,0,14
4_opaque_WO_VisionCrack3,1784092325,lsf_sigma,0.75,0.7256,1.5991950061992335,0,14
4_opaque_WO_VisionCrack3,1784092325,lsf_sigma,0.8,1.0651,1.5991950061992335,0,14
4_opaque_WO_VisionCrack3,1784092325,lsf_sigma,0.85,1.2592,1.5991950061992335,0,14
4_opaque_WO_VisionCrack3,1784092325,lsf_sigma,0.9,0.9585,1.5991950061992335,0,14
4_opaque_WO_VisionCrack3,1784092325,lsf_sigma,0.95,0.9636,1.5991950061992335,0,14
4_opaque_WO_VisionCrack3,1784092325,lsf_sigma,1.0,1.0282,1.5991950061992335,0,14
4_opaque_WO_VisionCrack3,1784092325,lsf_sigma,1.5,1.6182,1.5991950061992335,0,14
4_opaque_WO_VisionCrack3,1784092325,lsf_sigma,2.0,2.0366,1.5991950061992335,0,14
4_opaque_WO_VisionCrack3,1784092325,lsf_sigma,2.5,2.4793,1.5991950061992335,0,14
4_opaque_WO_VisionCrack3,1784092325,no_deconv,0.5,0.4352,1.3569942364334686,0,14
4_opaque_WO_VisionCrack3,1784092325,no_deconv,0.55,0.4652,1.3569942364334686,0,14
4_opaque_WO_VisionCrack3,1784092325,no_deconv,0.6,0.5689,1.3569942364334686,0,14
4_opaque_WO_VisionCrack3,1784092325,no_deconv,0.65,0.6213,1.3569942364334686,0,14
4_opaque_WO_VisionCrack3,1784092325,no_deconv,0.7,0.6735,1.3569942364334686,0,14
4_opaque_WO_VisionCrack3,1784092325,no_deconv,0.75,0.7258,1.3569942364334686,0,14
4_opaque_WO_VisionCrack3,1784092325,no_deconv,0.8,1.0653,1.3569942364334686,0,14
4_opaque_WO_VisionCrack3,1784092325,no_deconv,0.85,1.3052,1.3569942364334686,0,14
4_opaque_WO_VisionCrack3,1784092325,no_deconv,0.9,0.9485,1.3569942364334686,0,14
4_opaque_WO_VisionCrack3,1784092325,no_deconv,0.95,0.9554,1.3569942364334686,0,14
4_opaque_WO_VisionCrack3,1784092325,no_deconv,1.0,1.0212,1.3569942364334686,0,14
4_opaque_WO_VisionCrack3,1784092325,no_deconv,1.5,1.6077,1.3569942364334686,0,14
4_opaque_WO_VisionCrack3,1784092325,no_deconv,2.0,2.0237,1.3569942364334686,0,14
4_opaque_WO_VisionCrack3,1784092325,no_deconv,2.5,2.475,1.3569942364334686,0,14
4_opaque_WO_VisionCrack3,1784092325,rev3_window,0.5,0.4308,1.3569942364334686,0,14
4_opaque_WO_VisionCrack3,1784092325,rev3_window,0.55,0.4772,1.3569942364334686,0,14
4_opaque_WO_VisionCrack3,1784092325,rev3_window,0.6,0.5739,1.3569942364334686,0,14
4_opaque_WO_VisionCrack3,1784092325,rev3_window,0.65,0.6311,1.3569942364334686,0,14
4_opaque_WO_VisionCrack3,1784092325,rev3_window,0.7,0.6721,1.3569942364334686,0,14
4_opaque_WO_VisionCrack3,1784092325,rev3_window,0.75,0.7496,1.3569942364334686,0,14
4_opaque_WO_VisionCrack3,1784092325,rev3_window,0.8,0.987,1.3569942364334686,0,14
4_opaque_WO_VisionCrack3,1784092325,rev3_window,0.85,1.4332,1.3569942364334686,0,14
4_opaque_WO_VisionCrack3,1784092325,rev3_window,0.9,1.1254,1.3569942364334686,0,14
4_opaque_WO_VisionCrack3,1784092325,rev3_window,0.95,0.9559,1.3569942364334686,0,14
4_opaque_WO_VisionCrack3,1784092325,rev3_window,1.0,1.0362,1.3569942364334686,0,14
4_opaque_WO_VisionCrack3,1784092325,rev3_window,1.5,1.6023,1.3569942364334686,0,14
4_opaque_WO_VisionCrack3,1784092325,rev3_window,2.0,2.051,1.3569942364334686,0,14
4_opaque_WO_VisionCrack3,1784092325,rev3_window,2.5,2.4688,1.3569942364334686,0,14
4_opaque_WO_VisionCrack3,1784092325,margin1.0,0.5,0.428,1.3569942364334686,0,14
4_opaque_WO_VisionCrack3,1784092325,margin1.0,0.55,0.46,1.3569942364334686,0,14
4_opaque_WO_VisionCrack3,1784092325,margin1.0,0.6,0.5698,1.3569942364334686,0,14
4_opaque_WO_VisionCrack3,1784092325,margin1.0,0.65,0.6273,1.3569942364334686,0,14
4_opaque_WO_VisionCrack3,1784092325,margin1.0,0.7,0.6788,1.3569942364334686,0,14
4_opaque_WO_VisionCrack3,1784092325,margin1.0,0.75,0.7316,1.3569942364334686,0,14
4_opaque_WO_VisionCrack3,1784092325,margin1.0,0.8,1.0441,1.3569942364334686,0,14
4_opaque_WO_VisionCrack3,1784092325,margin1.0,0.85,1.3085,1.3569942364334686,0,14
4_opaque_WO_VisionCrack3,1784092325,margin1.0,0.9,0.9508,1.3569942364334686,0,14
4_opaque_WO_VisionCrack3,1784092325,margin1.0,0.95,0.9687,1.3569942364334686,0,14
4_opaque_WO_VisionCrack3,1784092325,margin1.0,1.0,1.0182,1.3569942364334686,0,14
4_opaque_WO_VisionCrack3,1784092325,margin1.0,1.5,1.597,1.3569942364334686,0,14
4_opaque_WO_VisionCrack3,1784092325,margin1.0,2.0,2.01,1.3569942364334686,0,14
4_opaque_WO_VisionCrack3,1784092325,margin1.0,2.5,2.4636,1.3569942364334686,0,14
4_opaque_WO_VisionCrack3,1784092325,margin2.0,0.5,0.4346,1.3569942364334686,0,14
4_opaque_WO_VisionCrack3,1784092325,margin2.0,0.55,0.4635,1.3569942364334686,0,14
4_opaque_WO_VisionCrack3,1784092325,margin2.0,0.6,0.573,1.3569942364334686,0,14
4_opaque_WO_VisionCrack3,1784092325,margin2.0,0.65,0.6261,1.3569942364334686,0,14
4_opaque_WO_VisionCrack3,1784092325,margin2.0,0.7,0.6782,1.3569942364334686,0,14
4_opaque_WO_VisionCrack3,1784092325,margin2.0,0.75,0.7336,1.3569942364334686,0,14
4_opaque_WO_VisionCrack3,1784092325,margin2.0,0.8,1.0697,1.3569942364334686,0,14
4_opaque_WO_VisionCrack3,1784092325,margin2.0,0.85,1.2624,1.3569942364334686,0,14
4_opaque_WO_VisionCrack3,1784092325,margin2.0,0.9,0.9639,1.3569942364334686,0,14
4_opaque_WO_VisionCrack3,1784092325,margin2.0,0.95,0.9689,1.3569942364334686,0,14
4_opaque_WO_VisionCrack3,1784092325,margin2.0,1.0,1.0329,1.3569942364334686,0,14
4_opaque_WO_VisionCrack3,1784092325,margin2.0,1.5,1.6196,1.3569942364334686,0,14
4_opaque_WO_VisionCrack3,1784092325,margin2.0,2.0,2.0366,1.3569942364334686,0,14
4_opaque_WO_VisionCrack3,1784092325,margin2.0,2.5,2.4779,1.3569942364334686,0,14
4_opaque_WO_VisionCrack3,1784092325,smooth15,0.5,0.4317,1.3569942364334686,0,14
4_opaque_WO_VisionCrack3,1784092325,smooth15,0.55,0.4664,1.3569942364334686,0,14
4_opaque_WO_VisionCrack3,1784092325,smooth15,0.6,0.5725,1.3569942364334686,0,14
4_opaque_WO_VisionCrack3,1784092325,smooth15,0.65,0.624,1.3569942364334686,0,14
4_opaque_WO_VisionCrack3,1784092325,smooth15,0.7,0.6776,1.3569942364334686,0,14
4_opaque_WO_VisionCrack3,1784092325,smooth15,0.75,0.7326,1.3569942364334686,0,14
4_opaque_WO_VisionCrack3,1784092325,smooth15,0.8,1.0701,1.3569942364334686,0,14
4_opaque_WO_VisionCrack3,1784092325,smooth15,0.85,1.2044,1.3569942364334686,0,14
4_opaque_WO_VisionCrack3,1784092325,smooth15,0.9,0.9612,1.3569942364334686,0,14
4_opaque_WO_VisionCrack3,1784092325,smooth15,0.95,0.9622,1.3569942364334686,0,14
4_opaque_WO_VisionCrack3,1784092325,smooth15,1.0,1.0236,1.3569942364334686,0,14
4_opaque_WO_VisionCrack3,1784092325,smooth15,1.5,1.6039,1.3569942364334686,0,14
4_opaque_WO_VisionCrack3,1784092325,smooth15,2.0,2.0133,1.3569942364334686,0,14
4_opaque_WO_VisionCrack3,1784092325,smooth15,2.5,2.4471,1.3569942364334686,0,14
4_opaque_WO_VisionCrack3,1784092325,smooth35,0.5,0.4311,1.3569942364334686,0,14
4_opaque_WO_VisionCrack3,1784092325,smooth35,0.55,0.4602,1.3569942364334686,0,14
4_opaque_WO_VisionCrack3,1784092325,smooth35,0.6,0.572,1.3569942364334686,0,14
4_opaque_WO_VisionCrack3,1784092325,smooth35,0.65,0.6275,1.3569942364334686,0,14
4_opaque_WO_VisionCrack3,1784092325,smooth35,0.7,0.6804,1.3569942364334686,0,14
4_opaque_WO_VisionCrack3,1784092325,smooth35,0.75,0.7342,1.3569942364334686,0,14
4_opaque_WO_VisionCrack3,1784092325,smooth35,0.8,1.0263,1.3569942364334686,0,14
4_opaque_WO_VisionCrack3,1784092325,smooth35,0.85,1.3254,1.3569942364334686,0,14
4_opaque_WO_VisionCrack3,1784092325,smooth35,0.9,0.9595,1.3569942364334686,0,14
4_opaque_WO_VisionCrack3,1784092325,smooth35,0.95,0.9664,1.3569942364334686,0,14
4_opaque_WO_VisionCrack3,1784092325,smooth35,1.0,1.0371,1.3569942364334686,0,14
4_opaque_WO_VisionCrack3,1784092325,smooth35,1.5,1.6215,1.3569942364334686,0,14
4_opaque_WO_VisionCrack3,1784092325,smooth35,2.0,2.0412,1.3569942364334686,0,14
4_opaque_WO_VisionCrack3,1784092325,smooth35,2.5,2.4911,1.3569942364334686,0,14
4_opaque_WO_VisionCrack3,1784092325,band0.60,0.5,0.4314,1.3569942364334686,0,14
4_opaque_WO_VisionCrack3,1784092325,band0.60,0.55,0.4634,1.3569942364334686,0,14
4_opaque_WO_VisionCrack3,1784092325,band0.60,0.6,0.572,1.3569942364334686,0,14
4_opaque_WO_VisionCrack3,1784092325,band0.60,0.65,0.626,1.3569942364334686,0,14
4_opaque_WO_VisionCrack3,1784092325,band0.60,0.7,0.6795,1.3569942364334686,0,14
4_opaque_WO_VisionCrack3,1784092325,band0.60,0.75,0.7327,1.3569942364334686,0,14
4_opaque_WO_VisionCrack3,1784092325,band0.60,0.8,1.0744,1.3569942364334686,0,14
4_opaque_WO_VisionCrack3,1784092325,band0.60,0.85,1.3135,1.3569942364334686,0,14
4_opaque_WO_VisionCrack3,1784092325,band0.60,0.9,0.9575,1.3569942364334686,0,14
4_opaque_WO_VisionCrack3,1784092325,band0.60,0.95,0.9643,1.3569942364334686,0,14
4_opaque_WO_VisionCrack3,1784092325,band0.60,1.0,1.0302,1.3569942364334686,0,14
4_opaque_WO_VisionCrack3,1784092325,band0.60,1.5,1.6137,1.3569942364334686,0,14
4_opaque_WO_VisionCrack3,1784092325,band0.60,2.0,2.0256,1.3569942364334686,0,14
4_opaque_WO_VisionCrack3,1784092325,band0.60,2.5,2.4716,1.3569942364334686,0,14
4_opaque_WO_VisionCrack3,1784092325,win0.4,0.5,0.4361,1.3569942364334686,0,14
4_opaque_WO_VisionCrack3,1784092325,win0.4,0.55,0.4696,1.3569942364334686,0,14
4_opaque_WO_VisionCrack3,1784092325,win0.4,0.6,0.5716,1.3569942364334686,0,14
4_opaque_WO_VisionCrack3,1784092325,win0.4,0.65,0.6254,1.3569942364334686,0,14
4_opaque_WO_VisionCrack3,1784092325,win0.4,0.7,0.6664,1.3569942364334686,0,14
4_opaque_WO_VisionCrack3,1784092325,win0.4,0.75,0.7381,1.3569942364334686,0,14
4_opaque_WO_VisionCrack3,1784092325,win0.4,0.8,1.0502,1.3569942364334686,0,14
4_opaque_WO_VisionCrack3,1784092325,win0.4,0.85,1.3545,1.3569942364334686,0,14
4_opaque_WO_VisionCrack3,1784092325,win0.4,0.9,0.9673,1.3569942364334686,0,14
4_opaque_WO_VisionCrack3,1784092325,win0.4,0.95,0.9599,1.3569942364334686,0,14
4_opaque_WO_VisionCrack3,1784092325,win0.4,1.0,1.0217,1.3569942364334686,0,14
4_opaque_WO_VisionCrack3,1784092325,win0.4,1.5,1.6181,1.3569942364334686,0,14
4_opaque_WO_VisionCrack3,1784092325,win0.4,2.0,2.0446,1.3569942364334686,0,14
4_opaque_WO_VisionCrack3,1784092325,win0.4,2.5,2.4798,1.3569942364334686,0,14
4_opaque_WO_VisionCrack3,1784092325,win0.8,0.5,0.4371,1.3569942364334686,0,14
4_opaque_WO_VisionCrack3,1784092325,win0.8,0.55,0.4626,1.3569942364334686,0,14
4_opaque_WO_VisionCrack3,1784092325,win0.8,0.6,0.5659,1.3569942364334686,0,14
4_opaque_WO_VisionCrack3,1784092325,win0.8,0.65,0.6292,1.3569942364334686,0,14
4_opaque_WO_VisionCrack3,1784092325,win0.8,0.7,0.6786,1.3569942364334686,0,14
4_opaque_WO_VisionCrack3,1784092325,win0.8,0.75,0.7235,1.3569942364334686,0,14
4_opaque_WO_VisionCrack3,1784092325,win0.8,0.8,1.0367,1.3569942364334686,0,14
4_opaque_WO_VisionCrack3,1784092325,win0.8,0.85,1.2585,1.3569942364334686,0,14
4_opaque_WO_VisionCrack3,1784092325,win0.8,0.9,1.0538,1.3569942364334686,0,14
4_opaque_WO_VisionCrack3,1784092325,win0.8,0.95,0.967,1.3569942364334686,0,14
4_opaque_WO_VisionCrack3,1784092325,win0.8,1.0,1.0301,1.3569942364334686,0,14
4_opaque_WO_VisionCrack3,1784092325,win0.8,1.5,1.6013,1.3569942364334686,0,14
4_opaque_WO_VisionCrack3,1784092325,win0.8,2.0,2.0282,1.3569942364334686,0,14
4_opaque_WO_VisionCrack3,1784092325,win0.8,2.5,2.4663,1.3569942364334686,0,14
4_opaque_WO_VisionCrack3,1784092334,full,0.5,0.4215,1.3220411478326692,0,14
4_opaque_WO_VisionCrack3,1784092334,full,0.55,0.4575,1.3220411478326692,0,14
4_opaque_WO_VisionCrack3,1784092334,full,0.6,0.5571,1.3220411478326692,0,14
4_opaque_WO_VisionCrack3,1784092334,full,0.65,0.6249,1.3220411478326692,0,14
4_opaque_WO_VisionCrack3,1784092334,full,0.7,0.6817,1.3220411478326692,0,14
4_opaque_WO_VisionCrack3,1784092334,full,0.75,0.7067,1.3220411478326692,0,14
4_opaque_WO_VisionCrack3,1784092334,full,0.8,0.9516,1.3220411478326692,0,14
4_opaque_WO_VisionCrack3,1784092334,full,0.85,1.3471,1.3220411478326692,0,14
4_opaque_WO_VisionCrack3,1784092334,full,0.9,0.8931,1.3220411478326692,0,14
4_opaque_WO_VisionCrack3,1784092334,full,0.95,0.9514,1.3220411478326692,0,14
4_opaque_WO_VisionCrack3,1784092334,full,1.0,1.0211,1.3220411478326692,0,14
4_opaque_WO_VisionCrack3,1784092334,full,1.5,1.6005,1.3220411478326692,0,14
4_opaque_WO_VisionCrack3,1784092334,full,2.0,2.03,1.3220411478326692,0,14
4_opaque_WO_VisionCrack3,1784092334,full,2.5,2.4832,1.3220411478326692,0,14
4_opaque_WO_VisionCrack3,1784092334,no_masked_bg,0.5,0.4227,1.3220411478326692,0,14
4_opaque_WO_VisionCrack3,1784092334,no_masked_bg,0.55,0.4784,1.3220411478326692,0,14
4_opaque_WO_VisionCrack3,1784092334,no_masked_bg,0.6,0.5747,1.3220411478326692,0,14
4_opaque_WO_VisionCrack3,1784092334,no_masked_bg,0.65,0.6512,1.3220411478326692,0,14
4_opaque_WO_VisionCrack3,1784092334,no_masked_bg,0.7,0.6981,1.3220411478326692,0,14
4_opaque_WO_VisionCrack3,1784092334,no_masked_bg,0.75,0.7273,1.3220411478326692,0,14
4_opaque_WO_VisionCrack3,1784092334,no_masked_bg,0.8,1.1169,1.3220411478326692,0,14
4_opaque_WO_VisionCrack3,1784092334,no_masked_bg,0.85,1.4892,1.3220411478326692,0,14
4_opaque_WO_VisionCrack3,1784092334,no_masked_bg,0.9,0.9666,1.3220411478326692,0,14
4_opaque_WO_VisionCrack3,1784092334,no_masked_bg,0.95,1.0292,1.3220411478326692,0,14
4_opaque_WO_VisionCrack3,1784092334,no_masked_bg,1.0,1.0573,1.3220411478326692,0,14
4_opaque_WO_VisionCrack3,1784092334,no_masked_bg,1.5,1.727,1.3220411478326692,0,14
4_opaque_WO_VisionCrack3,1784092334,no_masked_bg,2.0,2.3484,1.3220411478326692,0,14
4_opaque_WO_VisionCrack3,1784092334,no_masked_bg,2.5,2.608,1.3220411478326692,0,14
4_opaque_WO_VisionCrack3,1784092334,lsf_sigma,0.5,0.4078,1.5485199182886709,0,14
4_opaque_WO_VisionCrack3,1784092334,lsf_sigma,0.55,0.4451,1.5485199182886709,0,14
4_opaque_WO_VisionCrack3,1784092334,lsf_sigma,0.6,0.5476,1.5485199182886709,0,14
4_opaque_WO_VisionCrack3,1784092334,lsf_sigma,0.65,0.6168,1.5485199182886709,0,14
4_opaque_WO_VisionCrack3,1784092334,lsf_sigma,0.7,0.6745,1.5485199182886709,0,14
4_opaque_WO_VisionCrack3,1784092334,lsf_sigma,0.75,0.7,1.5485199182886709,0,14
4_opaque_WO_VisionCrack3,1784092334,lsf_sigma,0.8,0.9479,1.5485199182886709,0,14
4_opaque_WO_VisionCrack3,1784092334,lsf_sigma,0.85,1.3464,1.5485199182886709,0,14
4_opaque_WO_VisionCrack3,1784092334,lsf_sigma,0.9,0.8888,1.5485199182886709,0,14
4_opaque_WO_VisionCrack3,1784092334,lsf_sigma,0.95,0.9477,1.5485199182886709,0,14
4_opaque_WO_VisionCrack3,1784092334,lsf_sigma,1.0,1.0181,1.5485199182886709,0,14
4_opaque_WO_VisionCrack3,1784092334,lsf_sigma,1.5,1.6013,1.5485199182886709,0,14
4_opaque_WO_VisionCrack3,1784092334,lsf_sigma,2.0,2.0329,1.5485199182886709,0,14
4_opaque_WO_VisionCrack3,1784092334,lsf_sigma,2.5,2.4879,1.5485199182886709,0,14
4_opaque_WO_VisionCrack3,1784092334,no_deconv,0.5,0.4266,1.3220411478326692,0,14
4_opaque_WO_VisionCrack3,1784092334,no_deconv,0.55,0.4604,1.3220411478326692,0,14
4_opaque_WO_VisionCrack3,1784092334,no_deconv,0.6,0.5552,1.3220411478326692,0,14
4_opaque_WO_VisionCrack3,1784092334,no_deconv,0.65,0.6207,1.3220411478326692,0,14
4_opaque_WO_VisionCrack3,1784092334,no_deconv,0.7,0.676,1.3220411478326692,0,14
4_opaque_WO_VisionCrack3,1784092334,no_deconv,0.75,0.7006,1.3220411478326692,0,14
4_opaque_WO_VisionCrack3,1784092334,no_deconv,0.8,0.9425,1.3220411478326692,0,14
4_opaque_WO_VisionCrack3,1784092334,no_deconv,0.85,1.3376,1.3220411478326692,0,14
4_opaque_WO_VisionCrack3,1784092334,no_deconv,0.9,0.8845,1.3220411478326692,0,14
4_opaque_WO_VisionCrack3,1784092334,no_deconv,0.95,0.9423,1.3220411478326692,0,14
4_opaque_WO_VisionCrack3,1784092334,no_deconv,1.0,1.0117,1.3220411478326692,0,14
4_opaque_WO_VisionCrack3,1784092334,no_deconv,1.5,1.5923,1.3220411478326692,0,14
4_opaque_WO_VisionCrack3,1784092334,no_deconv,2.0,2.0248,1.3220411478326692,0,14
4_opaque_WO_VisionCrack3,1784092334,no_deconv,2.5,2.4819,1.3220411478326692,0,14
4_opaque_WO_VisionCrack3,1784092334,rev3_window,0.5,0.4246,1.3220411478326692,0,14
4_opaque_WO_VisionCrack3,1784092334,rev3_window,0.55,0.4752,1.3220411478326692,0,14
4_opaque_WO_VisionCrack3,1784092334,rev3_window,0.6,0.5536,1.3220411478326692,0,14
4_opaque_WO_VisionCrack3,1784092334,rev3_window,0.65,0.6159,1.3220411478326692,0,14
4_opaque_WO_VisionCrack3,1784092334,rev3_window,0.7,0.6742,1.3220411478326692,0,14
4_opaque_WO_VisionCrack3,1784092334,rev3_window,0.75,0.7096,1.3220411478326692,0,14
4_opaque_WO_VisionCrack3,1784092334,rev3_window,0.8,0.9056,1.3220411478326692,0,14
4_opaque_WO_VisionCrack3,1784092334,rev3_window,0.85,1.4811,1.3220411478326692,0,14
4_opaque_WO_VisionCrack3,1784092334,rev3_window,0.9,0.9198,1.3220411478326692,0,14
4_opaque_WO_VisionCrack3,1784092334,rev3_window,0.95,0.9565,1.3220411478326692,0,14
4_opaque_WO_VisionCrack3,1784092334,rev3_window,1.0,1.0123,1.3220411478326692,0,14
4_opaque_WO_VisionCrack3,1784092334,rev3_window,1.5,1.5966,1.3220411478326692,0,14
4_opaque_WO_VisionCrack3,1784092334,rev3_window,2.0,2.0399,1.3220411478326692,0,14
4_opaque_WO_VisionCrack3,1784092334,rev3_window,2.5,2.4902,1.3220411478326692,0,14
4_opaque_WO_VisionCrack3,1784092334,margin1.0,0.5,0.4181,1.3220411478326692,0,14
4_opaque_WO_VisionCrack3,1784092334,margin1.0,0.55,0.4559,1.3220411478326692,0,14
4_opaque_WO_VisionCrack3,1784092334,margin1.0,0.6,0.5577,1.3220411478326692,0,14
4_opaque_WO_VisionCrack3,1784092334,margin1.0,0.65,0.6278,1.3220411478326692,0,14
4_opaque_WO_VisionCrack3,1784092334,margin1.0,0.7,0.6813,1.3220411478326692,0,14
4_opaque_WO_VisionCrack3,1784092334,margin1.0,0.75,0.7061,1.3220411478326692,0,14
4_opaque_WO_VisionCrack3,1784092334,margin1.0,0.8,0.921,1.3220411478326692,0,14
4_opaque_WO_VisionCrack3,1784092334,margin1.0,0.85,1.3323,1.3220411478326692,0,14
4_opaque_WO_VisionCrack3,1784092334,margin1.0,0.9,0.8845,1.3220411478326692,0,14
4_opaque_WO_VisionCrack3,1784092334,margin1.0,0.95,0.9478,1.3220411478326692,0,14
4_opaque_WO_VisionCrack3,1784092334,margin1.0,1.0,1.0139,1.3220411478326692,0,14
4_opaque_WO_VisionCrack3,1784092334,margin1.0,1.5,1.5884,1.3220411478326692,0,14
4_opaque_WO_VisionCrack3,1784092334,margin1.0,2.0,2.0176,1.3220411478326692,0,14
4_opaque_WO_VisionCrack3,1784092334,margin1.0,2.5,2.4785,1.3220411478326692,0,14
4_opaque_WO_VisionCrack3,1784092334,margin2.0,0.5,0.4225,1.3220411478326692,0,14
4_opaque_WO_VisionCrack3,1784092334,margin2.0,0.55,0.4576,1.3220411478326692,0,14
4_opaque_WO_VisionCrack3,1784092334,margin2.0,0.6,0.5582,1.3220411478326692,0,14
4_opaque_WO_VisionCrack3,1784092334,margin2.0,0.65,0.6259,1.3220411478326692,0,14
4_opaque_WO_VisionCrack3,1784092334,margin2.0,0.7,0.6819,1.3220411478326692,0,14
4_opaque_WO_VisionCrack3,1784092334,margin2.0,0.75,0.7118,1.3220411478326692,0,14
4_opaque_WO_VisionCrack3,1784092334,margin2.0,0.8,0.9855,1.3220411478326692,0,14
4_opaque_WO_VisionCrack3,1784092334,margin2.0,0.85,1.3487,1.3220411478326692,0,14
4_opaque_WO_VisionCrack3,1784092334,margin2.0,0.9,0.8955,1.3220411478326692,0,14
4_opaque_WO_VisionCrack3,1784092334,margin2.0,0.95,0.9563,1.3220411478326692,0,14
4_opaque_WO_VisionCrack3,1784092334,margin2.0,1.0,1.0257,1.3220411478326692,0,14
4_opaque_WO_VisionCrack3,1784092334,margin2.0,1.5,1.6105,1.3220411478326692,0,14
4_opaque_WO_VisionCrack3,1784092334,margin2.0,2.0,2.0359,1.3220411478326692,0,14
4_opaque_WO_VisionCrack3,1784092334,margin2.0,2.5,2.4889,1.3220411478326692,0,14
4_opaque_WO_VisionCrack3,1784092334,smooth15,0.5,0.424,1.3220411478326692,0,14
4_opaque_WO_VisionCrack3,1784092334,smooth15,0.55,0.465,1.3220411478326692,0,14
4_opaque_WO_VisionCrack3,1784092334,smooth15,0.6,0.5611,1.3220411478326692,0,14
4_opaque_WO_VisionCrack3,1784092334,smooth15,0.65,0.6218,1.3220411478326692,0,14
4_opaque_WO_VisionCrack3,1784092334,smooth15,0.7,0.6825,1.3220411478326692,0,14
4_opaque_WO_VisionCrack3,1784092334,smooth15,0.75,0.7054,1.3220411478326692,0,14
4_opaque_WO_VisionCrack3,1784092334,smooth15,0.8,0.9118,1.3220411478326692,0,14
4_opaque_WO_VisionCrack3,1784092334,smooth15,0.85,1.3469,1.3220411478326692,0,14
4_opaque_WO_VisionCrack3,1784092334,smooth15,0.9,0.8932,1.3220411478326692,0,14
4_opaque_WO_VisionCrack3,1784092334,smooth15,0.95,0.9523,1.3220411478326692,0,14
4_opaque_WO_VisionCrack3,1784092334,smooth15,1.0,1.0141,1.3220411478326692,0,14
4_opaque_WO_VisionCrack3,1784092334,smooth15,1.5,1.5852,1.3220411478326692,0,14
4_opaque_WO_VisionCrack3,1784092334,smooth15,2.0,2.0127,1.3220411478326692,0,14
4_opaque_WO_VisionCrack3,1784092334,smooth15,2.5,2.4604,1.3220411478326692,0,14
4_opaque_WO_VisionCrack3,1784092334,smooth35,0.5,0.4204,1.3220411478326692,0,14
4_opaque_WO_VisionCrack3,1784092334,smooth35,0.55,0.4542,1.3220411478326692,0,14
4_opaque_WO_VisionCrack3,1784092334,smooth35,0.6,0.5565,1.3220411478326692,0,14
4_opaque_WO_VisionCrack3,1784092334,smooth35,0.65,0.6317,1.3220411478326692,0,14
4_opaque_WO_VisionCrack3,1784092334,smooth35,0.7,0.6845,1.3220411478326692,0,14
4_opaque_WO_VisionCrack3,1784092334,smooth35,0.75,0.7127,1.3220411478326692,0,14
4_opaque_WO_VisionCrack3,1784092334,smooth35,0.8,1.0014,1.3220411478326692,0,14
4_opaque_WO_VisionCrack3,1784092334,smooth35,0.85,1.3499,1.3220411478326692,0,14
4_opaque_WO_VisionCrack3,1784092334,smooth35,0.9,0.8955,1.3220411478326692,0,14
4_opaque_WO_VisionCrack3,1784092334,smooth35,0.95,0.9559,1.3220411478326692,0,14
4_opaque_WO_VisionCrack3,1784092334,smooth35,1.0,1.0284,1.3220411478326692,0,14
4_opaque_WO_VisionCrack3,1784092334,smooth35,1.5,1.6155,1.3220411478326692,0,14
4_opaque_WO_VisionCrack3,1784092334,smooth35,2.0,2.05,1.3220411478326692,0,14
4_opaque_WO_VisionCrack3,1784092334,smooth35,2.5,2.5035,1.3220411478326692,0,14
4_opaque_WO_VisionCrack3,1784092334,band0.60,0.5,0.4215,1.3220411478326692,0,14
4_opaque_WO_VisionCrack3,1784092334,band0.60,0.55,0.4575,1.3220411478326692,0,14
4_opaque_WO_VisionCrack3,1784092334,band0.60,0.6,0.5571,1.3220411478326692,0,14
4_opaque_WO_VisionCrack3,1784092334,band0.60,0.65,0.6249,1.3220411478326692,0,14
4_opaque_WO_VisionCrack3,1784092334,band0.60,0.7,0.6817,1.3220411478326692,0,14
4_opaque_WO_VisionCrack3,1784092334,band0.60,0.75,0.7067,1.3220411478326692,0,14
4_opaque_WO_VisionCrack3,1784092334,band0.60,0.8,0.9516,1.3220411478326692,0,14
4_opaque_WO_VisionCrack3,1784092334,band0.60,0.85,1.3471,1.3220411478326692,0,14
4_opaque_WO_VisionCrack3,1784092334,band0.60,0.9,0.8931,1.3220411478326692,0,14
4_opaque_WO_VisionCrack3,1784092334,band0.60,0.95,0.9514,1.3220411478326692,0,14
4_opaque_WO_VisionCrack3,1784092334,band0.60,1.0,1.0211,1.3220411478326692,0,14
4_opaque_WO_VisionCrack3,1784092334,band0.60,1.5,1.6005,1.3220411478326692,0,14
4_opaque_WO_VisionCrack3,1784092334,band0.60,2.0,2.03,1.3220411478326692,0,14
4_opaque_WO_VisionCrack3,1784092334,band0.60,2.5,2.4832,1.3220411478326692,0,14
4_opaque_WO_VisionCrack3,1784092334,win0.4,0.5,0.4224,1.3220411478326692,0,14
4_opaque_WO_VisionCrack3,1784092334,win0.4,0.55,0.461,1.3220411478326692,0,14
4_opaque_WO_VisionCrack3,1784092334,win0.4,0.6,0.5592,1.3220411478326692,0,14
4_opaque_WO_VisionCrack3,1784092334,win0.4,0.65,0.6114,1.3220411478326692,0,14
4_opaque_WO_VisionCrack3,1784092334,win0.4,0.7,0.6723,1.3220411478326692,0,14
4_opaque_WO_VisionCrack3,1784092334,win0.4,0.75,0.6994,1.3220411478326692,0,14
4_opaque_WO_VisionCrack3,1784092334,win0.4,0.8,0.9602,1.3220411478326692,0,14
4_opaque_WO_VisionCrack3,1784092334,win0.4,0.85,1.354,1.3220411478326692,0,14
4_opaque_WO_VisionCrack3,1784092334,win0.4,0.9,0.9019,1.3220411478326692,0,14
4_opaque_WO_VisionCrack3,1784092334,win0.4,0.95,0.929,1.3220411478326692,0,14
4_opaque_WO_VisionCrack3,1784092334,win0.4,1.0,1.0134,1.3220411478326692,0,14
4_opaque_WO_VisionCrack3,1784092334,win0.4,1.5,1.6006,1.3220411478326692,0,14
4_opaque_WO_VisionCrack3,1784092334,win0.4,2.0,2.0503,1.3220411478326692,0,14
4_opaque_WO_VisionCrack3,1784092334,win0.4,2.5,2.49,1.3220411478326692,0,14
4_opaque_WO_VisionCrack3,1784092334,win0.8,0.5,0.4253,1.3220411478326692,0,14
4_opaque_WO_VisionCrack3,1784092334,win0.8,0.55,0.4477,1.3220411478326692,0,14
4_opaque_WO_VisionCrack3,1784092334,win0.8,0.6,0.5543,1.3220411478326692,0,14
4_opaque_WO_VisionCrack3,1784092334,win0.8,0.65,0.6251,1.3220411478326692,0,14
4_opaque_WO_VisionCrack3,1784092334,win0.8,0.7,0.6851,1.3220411478326692,0,14
4_opaque_WO_VisionCrack3,1784092334,win0.8,0.75,0.711,1.3220411478326692,0,14
4_opaque_WO_VisionCrack3,1784092334,win0.8,0.8,0.9577,1.3220411478326692,0,14
4_opaque_WO_VisionCrack3,1784092334,win0.8,0.85,1.3639,1.3220411478326692,0,14
4_opaque_WO_VisionCrack3,1784092334,win0.8,0.9,0.9032,1.3220411478326692,0,14
4_opaque_WO_VisionCrack3,1784092334,win0.8,0.95,0.9426,1.3220411478326692,0,14
4_opaque_WO_VisionCrack3,1784092334,win0.8,1.0,1.0205,1.3220411478326692,0,14
4_opaque_WO_VisionCrack3,1784092334,win0.8,1.5,1.5779,1.3220411478326692,0,14
4_opaque_WO_VisionCrack3,1784092334,win0.8,2.0,2.0303,1.3220411478326692,0,14
4_opaque_WO_VisionCrack3,1784092334,win0.8,2.5,2.4778,1.3220411478326692,0,14
